slug,category,brand_name,url,canonical_slug,evidence_status
1-2-3-4-go-records,Independent Record Store - US,1-2-3-4 Go! Records,https://1234gorecords.com,1-2-3-4-go-records,historical_unverified
101-films,Movies & TV,101 Films,https://101-films.com,101-films,historical_unverified
123inkjets,Printer & Ink,123inkjets,https://www.123inkjets.com,123inkjets,historical_unverified
12x12-cardstock-shop,Specialty Paper & Cards,12x12 Cardstock Shop,https://www.12x12cardstock.shop,12x12-cardstock-shop,historical_unverified
18-east,Outdoor Apparel,18 East,https://18east.co,18-east,historical_unverified
1944-militaria,Militaria & Historical,1944 Militaria,https://www.1944militaria.com,1944-militaria,historical_unverified
1more,Headphones,1MORE,https://usa.1more.com,1more,css_values_observed_roles_inferred
2-hounds-design,Leashes/Collars/Harnesses,2 Hounds Design,https://2houndsdesign.com,2-hounds-design,css_values_observed_roles_inferred
20x200,Online-only Gallery,20x200,https://20x200.com,20x200,historical_unverified
4-wheel-parts,Off-road/4x4 Gear,4 Wheel Parts,https://4wheelparts.com,4-wheel-parts,css_values_observed_roles_inferred
4ad,Record Label with Shop,4AD,https://www.4ad.com,4ad,historical_unverified
4moms,Gear/Playmats,4moms,https://4moms.com,4moms,css_values_observed_roles_inferred
88-films,Movies & TV,88 Films,https://88-films.myshopify.com/,88-films,css_values_observed_roles_inferred
8bitdo,Controllers,8BitDo,https://www.8bitdo.com,8bitdo,historical_unverified
a-pup-above,Dog Food/Treats,A Pup Above,https://apupabove.com,a-pup-above,css_values_observed_roles_inferred
a-and-f-drum-co,Drums,A&F Drum Co,https://www.anfdrumco.com,a-and-f-drum-co,css_values_observed_roles_inferred
a24-shop,Movies & TV,A24 Shop,https://shop.a24films.com,a24-shop,historical_unverified
aardvark-jewellery,Bridal & Wedding bands,Aardvark Jewellery,https://www.aardvarkjewellery.com,aardvark-jewellery,historical_unverified
aarke,Kitchen Tools,Aarke,https://www.aarke.com,aarke,historical_unverified
aarke-water-fi-2,Water Filtration/Dispensers,Aarke,https://www.aarke.com,aarke,historical_unverified
abbio,Cookware,Abbio,https://abbiokitchen.com,abbio,historical_unverified
abby-and-finn,Baby Care,Abby & Finn,https://abbyandfinn.com,abby-and-finn,historical_unverified
abcam,Chemistry & Biology Supplies,Abcam,https://www.abcam.com,abcam,historical_unverified
abode,Smart Home/Security,Abode,https://goabode.com,abode,css_values_observed_roles_inferred
absolut-art,Online-only Gallery,Absolut Art,https://www.absolutart.com,absolut-art,historical_unverified
ac-direct,Cleanroom & HVAC Industrial,AC Direct,https://www.acdirect.com,ac-direct,historical_unverified
accu-scope,Microscopy & Optics,Accu-Scope,https://www.accu-scope.com,accu-scope,historical_unverified
acid-league,Specialty Oils/Vinegars,Acid League,https://acidleague.com,acid-league,css_values_observed_roles_inferred
acoustic-sounds,Audiophile/Hi-Res Label,Acoustic Sounds,https://acousticsounds.com,acoustic-sounds,historical_unverified
act-acre,Haircare,Act + Acre,https://actandacre.com,act-acre,historical_unverified
activist-skincare,Skincare,Activist Skincare,https://activistskincare.com,activist-skincare,historical_unverified
adam-audio,Studio Monitors,ADAM Audio,https://www.adam-audio.com,adam-audio,css_values_observed_roles_inferred
adele-dejak,Ethnic/cultural jewelry,Adele Dejak,https://adeledejak.com,adele-dejak,historical_unverified
aemc-instruments,Measurement & Test Instruments,AEMC Instruments,https://www.aemc.com,aemc-instruments,historical_unverified
aer,Cell Phones & Accessories,Aer,https://www.aersf.com,aer,historical_unverified
aer-laptop-b-2,Laptop Bags,Aer,https://www.aersf.com,aer,historical_unverified
aera,Candles & Scent,Aera,https://www.aeraforhome.com,aera,historical_unverified
aerogarden,Urban gardening,AeroGarden,https://www.aerogarden.com,aerogarden,historical_unverified
aesop,Bath,Aesop,https://www.aesop.com,aesop,historical_unverified
ag1,Vitamins & Supplements,AG1,https://ag1.com,ag1,historical_unverified
aga,Ranges/Cooktops/Ovens,AGA,https://www.aga-ranges.com,aga,historical_unverified
agendio,Planners,Agendio,https://agendio.com,agendio,historical_unverified
agfa-american-genre-film-archive,Movies & TV,AGFA (American Genre Film Archive),https://www.americangenrefilm.com,agfa-american-genre-film-archive,historical_unverified
agmes,Fine jewelry - Gold/Silver everyday,Agmes,https://www.agmesnyc.com,agmes,historical_unverified
agmes-jewelry--2,Jewelry - Fashion,Agmes,https://agmesnyc.com,agmes,historical_unverified
aimcontrollers,Controllers,AimControllers,https://aimcontrollers.com,aimcontrollers,historical_unverified
aime-leon-dore,Streetwear,Aimé Leon Dore,https://aimeleondore.com,aime-leon-dore,historical_unverified
air-and-hydraulic-equipment,Hydraulics & Pneumatics,Air & Hydraulic Equipment,https://www.aheinfo.com,air-and-hydraulic-equipment,historical_unverified
akai-pro,DJ Gear,Akai Pro,https://www.akaipro.com,akai-pro,css_values_observed_roles_inferred
akaso,Cameras,Akaso,https://akasotech.com,akaso,css_values_observed_roles_inferred
akko,Keyboards,Akko,https://en.akkogear.com,akko,historical_unverified
akrapovic,Exhaust Systems,Akrapovic,https://akrapovic.com,akrapovic,css_values_observed_roles_inferred
alen,Air Purifiers,Alen,https://www.alen.com,alen,historical_unverified
alfa-forni,Pizza ovens,Alfa Forni,https://www.alfaforni.com,alfa-forni,historical_unverified
alibris,Used/Rare Bookseller,Alibris,https://www.alibris.com,alibris,historical_unverified
alice-ever-after-books,Independent Bookstore,"Alice, Ever After Books",https://www.aliceeverafterbooks.com,alice-ever-after-books,historical_unverified
alienware,Laptops,Alienware,https://www.alienware.com,alienware,historical_unverified
alighieri,Demi-fine jewelry,Alighieri,https://www.alighieri.co.uk,alighieri,historical_unverified
all-the-anime,Movies & TV,All the Anime,https://www.alltheanime.com,all-the-anime,historical_unverified
all-clad,Small Kitchen Appliances,All-Clad,https://www.all-clad.com,all-clad,historical_unverified
allbirds,Sustainable/Eco,Allbirds,https://allbirds.com,allbirds,historical_partial_css_evidence
allen-and-heath,DJ Gear,Allen & Heath,https://www.allen-heath.com,allen-and-heath,historical_unverified
allied-cycle-works,Cycling,Allied Cycle Works,https://alliedcycleworks.com,allied-cycle-works,historical_unverified
allposters,Print & Poster Shop,AllPosters,https://www.allposters.com,allposters,historical_unverified
almine-rech,Contemporary Art Gallery,Almine Rech,https://www.alminerech.com,almine-rech,historical_unverified
alo-yoga,Yoga,Alo Yoga,https://www.aloyoga.com,alo-yoga,historical_unverified
alo-yoga-athleisu-2,Athleisure,Alo Yoga,https://aloyoga.com,alo-yoga,historical_unverified
alpine,Car Electronics,Alpine,https://alpine-usa.com,alpine,css_values_observed_roles_inferred
alpine-home-air,Cleanroom & HVAC Industrial,Alpine Home Air,https://www.alpinehomeair.com,alpine-home-air,historical_unverified
alpinestars,Motorcycle Parts,Alpinestars,https://alpinestars.com,alpinestars,css_values_observed_roles_inferred
alto,Cell Phones & Accessories,Alto,https://www.viaalto.com,alto,historical_unverified
alvarez-guitars,Acoustic Guitars,Alvarez Guitars,https://www.alvarezguitars.com,alvarez-guitars,css_values_observed_roles_inferred
amazfit,Smartwatches/Hybrid,Amazfit,https://www.amazfit.com,amazfit,historical_unverified
american-muscle,Performance Parts,American Muscle,https://americanmuscle.com,american-muscle,css_values_observed_roles_inferred
american-standard,Plumbing Fixtures,American Standard,https://americanstandard-us.com,american-standard,css_values_observed_roles_inferred
amiami,Import Shop,AmiAmi,https://www.amiami.com,amiami,historical_unverified
amiami-movies-a-2,Movies & TV,AmiAmi,https://www.amiami.com,amiami,historical_unverified
amigo-games,Card Games,Amigo Games,https://amigo.games,amigo-games,historical_unverified
amika,Haircare,Amika,https://loveamika.com,amika,historical_unverified
ammo-nyc,Car Care/Wax/Cleaning,AMMO NYC,https://ammonyc.com,ammo-nyc,css_values_observed_roles_inferred
amoeba-music,Movies & TV,Amoeba Music,https://www.amoeba.com,amoeba-music,historical_unverified
amour-vert,Sustainable/Eco,Amour Vert,https://amourvert.com,amour-vert,historical_unverified
amrapali,Ethnic/cultural jewelry,Amrapali,https://www.amrapalijewels.com,amrapali,css_values_observed_roles_inferred
amvr,VR Hardware,AMVR,https://amvrshop.com,amvr,historical_unverified
ana-luisa,Jewelry - Fashion,Ana Luisa,https://analuisa.com,ana-luisa,historical_unverified
analogman,Guitar Pedals,Analogman,https://www.analogman.com,analogman,css_values_observed_roles_inferred
analogue,Specialty Gadgets,Analogue,https://analogue.co,analogue,css_values_observed_roles_inferred
anamese,Planters/Pots,Anamese,https://www.anamese.com,anamese,historical_unverified
andaseat,Gaming Chairs,AndaSeat,https://www.andaseat.com,andaseat,historical_unverified
andrew-prokos,Photography Print Shop,Andrew Prokos,https://andrewprokos.com,andrew-prokos,historical_unverified
anime-corner-store,Movies & TV,Anime Corner Store,https://www.animecornerstore.com,anime-corner-store,historical_unverified
anine-bing,Women's Apparel,Anine Bing,https://aninebing.com,anine-bing,historical_unverified
aniplex-usa,Movies & TV,Aniplex+ USA,https://p-bandai.com/us/search?sort=relevance&text=aniplex,aniplex-usa,historical_unverified
anita-dongre,Ethnic/cultural jewelry,Anita Dongre,https://www.anitadongre.com,anita-dongre,historical_unverified
anita-ko,Fine jewelry - Diamond/Gemstone,Anita Ko,https://www.anitako.com,anita-ko,historical_unverified
anker,Cell Phones & Accessories,Anker,https://www.anker.com,anker,historical_unverified
anker-docking--2,Docking stations/hubs,Anker,https://www.anker.com,anker,historical_unverified
anna-sheffield,Bridal & Wedding bands,Anna Sheffield,https://www.annasheffield.com,anna-sheffield,historical_unverified
annabelle-s-book-club-la,Independent Bookstore,Annabelle's Book Club LA,https://www.annabellesbookclubla.com,annabelle-s-book-club-la,historical_unverified
anne-pro,Keyboards,Anne Pro,https://www.obins.net,anne-pro,historical_unverified
anoma,Watches - Independent micro-brand,Anoma,https://www.anomawatches.com,anoma,historical_unverified
anova-culinary,Smart Home & Appliances,Anova Culinary,https://anovaculinary.com,anova-culinary,historical_unverified
antigravity-batteries,Batteries & Electrical,Antigravity Batteries,https://antigravitybatteries.com,antigravity-batteries,css_values_observed_roles_inferred
antler,Hard-shell luggage,Antler,https://antler.co.uk,antler,css_values_observed_roles_inferred
anycubic,3D Printers & Additive Manufacturing,Anycubic,https://www.anycubic.com,anycubic,historical_unverified
anzie,Pearls/Jade specialty,Anzie,https://www.anzie.com,anzie,historical_unverified
aoc,Monitors,AOC,https://www.aoc.com,aoc,historical_unverified
aperion-audio,Home Theater,Aperion Audio,https://aperionaudio.com,aperion-audio,css_values_observed_roles_inferred
apex,Fitness & Gym,Apex,https://apexride.com,apex,historical_unverified
apmex,Coins & Currency,APMEX,https://www.apmex.com,apmex,historical_unverified
apostrophe-puzzles,Puzzles,Apostrophe Puzzles,https://www.apostrophepuzzles.com,apostrophe-puzzles,historical_unverified
applied-industrial-technologies,MRO Supplies,Applied Industrial Technologies,https://www.applied.com,applied-industrial-technologies,historical_unverified
appointed,Stationery & Paper,Appointed,https://appointed.co,appointed,historical_unverified
aqara,Smart Home,Aqara,https://aqara.com,aqara,css_values_observed_roles_inferred
aqua-imports,Aquarium/Fish,Aqua Imports,https://aqua-imports.com,aqua-imports,css_values_observed_roles_inferred
aquapaw,Grooming,Aquapaw,https://aquapaw.com,aquapaw,css_values_observed_roles_inferred
aquatic-arts,Aquarium/Fish,Aquatic Arts,https://aquaticarts.com,aquatic-arts,css_values_observed_roles_inferred
arb-usa,Off-road/4x4 Gear,ARB USA,https://arbusa.com,arb-usa,css_values_observed_roles_inferred
arbelos-films,Movies & TV,Arbelos Films,https://arbelosfilms.com,arbelos-films,historical_unverified
arc-teryx,Backpacks _ travel/outdoor,Arc'teryx,https://arcteryx.com,arc-teryx,css_values_observed_roles_inferred
arcade1up,Arcade Maker,Arcade1Up,https://www.arcade1up.com,arcade1up,historical_unverified
arctic,Cooling/PC Parts,Arctic,https://www.arctic.de,arctic,historical_unverified
arctic-spas,Pools/hot tubs/swim spas,Arctic Spas,https://www.arcticspas.com,arctic-spas,historical_unverified
areaware,Puzzles,Areaware,https://www.areaware.com,areaware,historical_unverified
arena,Fitness & Gym,Arena,https://arena.fit,arena,historical_unverified
aritzia,Women's Apparel,Aritzia,https://aritzia.com,aritzia,historical_unverified
arka,Packaging & Shipping Supplies,Arka,https://www.arka.com,arka,css_values_observed_roles_inferred
arlo-skye-hard-she-2,Hard-shell luggage,Arlo Skye,https://arloskye.com,arlo-skye-hard-she-2,css_values_observed_roles_inferred
armada-skis,Winter Sports,Armada Skis,https://www.armadaskis.com,armada-skis,historical_unverified
armytrix,Exhaust Systems,Armytrix,https://armytrix.com,armytrix,css_values_observed_roles_inferred
arpin-philately,Stamp Shop,Arpin Philately,https://www.arpinphilately.com,arpin-philately,historical_unverified
arrae,OTC/Wellness,Arrae,https://arrae.com,arrae,historical_unverified
arrow-films,Movies & TV,Arrow Films,https://www.arrowfilms.com,arrow-films,historical_unverified
art-and-fable-puzzle-company,Puzzles,Art & Fable Puzzle Company,https://www.artandfablepuzzles.com,art-and-fable-puzzle-company,historical_unverified
art-of-board,Woodworking,Art of Board,https://artofboard.com,art-of-board,css_values_observed_roles_inferred
art-of-tea,Tea,Art of Tea,https://artoftea.com,art-of-tea,css_values_observed_roles_inferred
art-com,Print & Poster Shop,Art.com,https://www.art.com,art-com,historical_unverified
artemer,Bridal & Wedding bands,Artemer,https://www.artemerstudio.com,artemer,historical_unverified
article,Outdoor furniture,Article,https://www.article.com,article,historical_unverified
artifact-uprising,Stationery & Paper,Artifact Uprising,https://www.artifactuprising.com,artifact-uprising,historical_unverified
artipoppe,Carriers,Artipoppe,https://artipoppe.com,artipoppe,css_values_observed_roles_inferred
artisul,Graphics Tablets,Artisul,https://www.artisul.com,artisul,historical_unverified
artphotolimited,Photography Print Shop,ArtPhotoLimited,https://www.artphotolimited.com,artphotolimited,historical_unverified
artspace,Online-only Gallery,Artspace,https://www.artspace.com,artspace,historical_unverified
asko,Washers/Dryers,Asko,https://www.asko.com/us,asko,historical_unverified
asmodee,Board Games,Asmodee,https://www.asmodee.com,asmodee,historical_unverified
astrid-and-miyu,Demi-fine jewelry,Astrid & Miyu,https://www.astridandmiyu.com,astrid-and-miyu,historical_unverified
asus,Laptops,Asus,https://www.asus.com,asus,historical_unverified
atdec,Monitor Arms & Stands,Atdec,https://atdec.com,atdec,historical_unverified
atgames,Arcade Maker,AtGames,https://www.atgames.us,atgames,css_values_observed_roles_inferred
athletic-brewing,Wine/Beer/Spirits DTC,Athletic Brewing,https://athleticbrewing.com,athletic-brewing,css_values_observed_roles_inferred
athletic-greens-ag1,Wellness,Athletic Greens (AG1),https://drinkag1.com,athletic-greens-ag1,historical_unverified
atlas-coffee-club,Coffee,Atlas Coffee Club,https://atlascoffeeclub.com,atlas-coffee-club,css_values_observed_roles_inferred
atoms,Shoes - Sneakers,Atoms,https://atoms.com,atoms,historical_unverified
attic-books,Independent Bookstore,Attic Books,https://www.atticbooks.ca,attic-books,historical_unverified
attn-grace,Elderly Care,Attn: Grace,https://attngrace.com,attn-grace,historical_unverified
audeze,Headphones,Audeze,https://audeze.com,audeze,css_values_observed_roles_inferred
audio-technica-vinyl-ac-2,Vinyl Accessories & Audio,Audio-Technica,https://www.audio-technica.com,audio-technica-vinyl-ac-2,historical_unverified
audiobooks-com,Audiobook DTC,Audiobooks.com,https://www.audiobooks.com,audiobooks-com,historical_unverified
aukey,Cell Phones & Accessories,Aukey,https://www.aukey.com,aukey,historical_unverified
aura-hair-care,Haircare,AURA Hair Care,https://www.aurahaircare.com,aura-hair-care,historical_unverified
aurate,Jewelry - Fine,Aurate,https://auratenewyork.com,aurate-new-york,historical_unverified
aurate-new-york,Fine jewelry - Gold/Silver everyday,Aurate New York,https://www.auratenewyork.com,aurate-new-york,historical_unverified
aurora,Plush,Aurora,https://auroragift.com,aurora,historical_unverified
aurora-corp,Shredders & Calculators,Aurora Corp,https://www.auroracorp.com,aurora-corp,historical_unverified
authentic-provence,Garden decor,Authentic Provence,https://www.authenticprovence.com,authentic-provence,historical_unverified
autographia,Autographs & Signed Memorabilia,Autographia,https://autographia.com,autographia,historical_unverified
automationdirect,Industrial Automation & PLC,AutomationDirect,https://www.automationdirect.com,automationdirect,historical_unverified
automic-gold,Fine jewelry - Gold/Silver everyday,Automic Gold,https://www.automicgold.com,automic-gold,historical_unverified
autonomous,Gaming Desks,Autonomous,https://www.autonomous.ai,autonomous-ai,historical_unverified
autonomous-ai,Desks,Autonomous.ai,https://www.autonomous.ai,autonomous-ai,historical_unverified
autonomous-ai-chairs,Office Chairs,Autonomous.ai (Chairs),https://www.autonomous.ai/office-chairs,autonomous-ai-chairs,historical_unverified
avaline,Wine/Beer/Spirits DTC,Avaline,https://drinkavaline.com,avaline,css_values_observed_roles_inferred
avanti,Dishwashers,Avanti,https://www.avantiproducts.com,avanti,historical_unverified
avermedia,Webcams,AverMedia,https://www.avermedia.com,avermedia,historical_unverified
avery,Labels & Markers & Highlighters,Avery,https://www.avery.com,avery,historical_unverified
avery-row,Nursery Decor,Avery Row,https://avery-row.com,avery-row,css_values_observed_roles_inferred
away-hard-she-2,Hard-shell luggage,Away,https://awaytravel.com,away-hard-she-2,css_values_observed_roles_inferred
awe-inspired,Fashion jewelry - Costume,Awe Inspired,https://www.aweinspired.com,awe-inspired,historical_unverified
axel-arigato,Shoes - Sneakers,Axel Arigato,https://axelarigato.com,axel-arigato,css_values_observed_roles_inferred
ayuna,Skincare,Ayuna,https://ayuna.co,ayuna,historical_unverified
b-yoga,Yoga,B Yoga,https://byoganow.com,b-yoga,historical_unverified
b-and-k-precision,Measurement & Test Instruments,B&K Precision,https://www.bkprecision.com,b-and-k-precision,historical_unverified
b4adventure,Outdoor,B4Adventure,https://b4adventure.com,b4adventure,historical_unverified
baboon-to-the-moon,Duffel bags,Baboon to the Moon,https://baboontothemoon.com,baboon-to-the-moon,css_values_observed_roles_inferred
baby-brezza,Gear/Playmats,Baby Brezza,https://babybrezza.com,baby-brezza,historical_unverified
baby-einstein,Baby/Infant,Baby Einstein,https://www.babyeinstein.com,baby-einstein,historical_unverified
babyletto,Nursery Furniture,Babyletto,https://babyletto.com,babyletto,css_values_observed_roles_inferred
bach-brass,Wind Instruments,Bach Brass,https://www.bachbrass.com,bach-brass,historical_unverified
back-to-the-roots,Urban gardening,Back to the Roots,https://backtotheroots.com,back-to-the-roots,historical_unverified
backdrop,Paint & Finishes,Backdrop,https://backdrophome.com,backdrop,css_values_observed_roles_inferred
baden-sports,Team Sports,Baden Sports,https://badensports.com,baden-sports,historical_unverified
bagatiba,Fine jewelry - Gold/Silver everyday,Bagatiba,https://www.bagatiba.com,bagatiba,historical_unverified
baker-creek-heirloom-seeds,Seeds/plants nurseries,Baker Creek Heirloom Seeds,https://www.rareseeds.com,baker-creek-heirloom-seeds,historical_unverified
bala,Fitness & Gym,Bala,https://shopbala.com,bala,historical_unverified
baldwin,Hardware,Baldwin,https://baldwinhardware.com,baldwin,css_values_observed_roles_inferred
balmuda,Smart Home & Appliances,Balmuda,https://us.balmuda.com,balmuda,historical_unverified
balmuda-microwav-2,Microwaves/Toaster Ovens,Balmuda,https://us.balmuda.com,balmuda,historical_unverified
balolo,Cell Phones & Accessories,Balolo,https://www.balolo.de,balolo,historical_unverified
baltic-watches,Watches,Baltic Watches,https://baltic-watches.com,baltic-watches,historical_unverified
bambo-nature,Baby Care,Bambo Nature,https://bambonatureusa.com,bambo-nature,historical_unverified
bambu-lab,3D Printers & Additive Manufacturing,Bambu Lab,https://www.bambulab.com,bambu-lab,historical_unverified
bananagrams,Card Games,Bananagrams,https://bananagrams.com,bananagrams,historical_unverified
bandai-namco-store,AAA Publisher Store,Bandai Namco Store,https://store.bandainamcoent.com,bandai-namco-store,historical_unverified
banks-power,Performance Parts,Banks Power,https://bankspower.com,banks-power,css_values_observed_roles_inferred
bannor-toys,Baby Toys,Bannor Toys,https://bannortoys.com,bannor-toys,historical_unverified
banquet-records,Independent Record Store - UK/EU,Banquet Records,https://www.banquetrecords.com,banquet-records,historical_unverified
banwood,Baby Toys,Banwood,https://banwood.com,banwood,css_values_observed_roles_inferred
bape,Streetwear,BAPE,https://bape.com,bape,historical_unverified
barebones-living,Garden tools,Barebones Living,https://barebonesliving.com,barebones-living,historical_unverified
barefaced,Skincare,Barefaced,https://www.barefaced.com,barefaced,historical_unverified
barefoot-books,Children's Bookstore,Barefoot Books,https://www.barefootbooks.com,barefoot-books,historical_unverified
barefoot-sound,Studio Monitors,Barefoot Sound,https://www.barefootsound.com,barefoot-sound,historical_unverified
bario-neal,Fine jewelry - Engagement rings,Bario Neal,https://www.barioneal.com,bario-neal,historical_unverified
barker-air-and-hydraulics,Hydraulics & Pneumatics,Barker Air & Hydraulics,https://www.barkerair.com,barker-air-and-hydraulics,historical_unverified
barlow-tyrie,Patio dining,Barlow Tyrie,https://www.teak.com,barlow-tyrie,historical_unverified
barnana,Snacks/Chips,Barnana,https://barnana.com,barnana,css_values_observed_roles_inferred
barnes-made,Handmade Soap & Candles,Barnes Made,https://barnesmade.com,barnes-made,css_values_observed_roles_inferred
baronfig,Notebooks & Journals,Baronfig,https://baronfig.com,baronfig,historical_unverified
barton-watch-bands,Watch straps/accessories,Barton Watch Bands,https://www.bartonwatchbands.com,barton-watch-bands,historical_unverified
baseus,Cell Phones & Accessories,Baseus,https://www.baseus.com,baseus,historical_unverified
baseus-docking--2,Docking stations/hubs,Baseus,https://www.baseus.com,baseus,historical_unverified
battle-beaver-customs,Controllers,Battle Beaver Customs,https://battlebeavercustoms.com,battle-beaver-customs,historical_unverified
battle-born-batteries,Batteries & Electrical,Battle Born Batteries,https://battlebornbatteries.com,battle-born-batteries,css_values_observed_roles_inferred
baublebar,Fashion jewelry - Costume,BaubleBar,https://www.baublebar.com,baublebar,historical_unverified
baublebar-jewelry--2,Jewelry - Fashion,BaubleBar,https://baublebar.com,baublebar,historical_unverified
bauman-rare-books,Used/Rare Bookseller,Bauman Rare Books,https://www.baumanrarebooks.com,bauman-rare-books,historical_unverified
bdi-usa,Office Storage & Filing,BDI USA,https://www.bdiusa.com,bdi-usa,historical_unverified
be-quiet,Cooling/PC Parts,Be Quiet!,https://www.bequiet.com,be-quiet,historical_unverified
beached,Haircare,Beached,https://beached.shop,beached,historical_unverified
beacon-hill-books,Independent Bookstore,Beacon Hill Books,https://www.beaconhillbooks.com,beacon-hill-books,historical_unverified
beard-and-blade,Men's Grooming,Beard & Blade,https://www.beardandblade.com.au,beard-and-blade,historical_unverified
beardbrand,Haircare,Beardbrand,https://www.beardbrand.com,beardbrand,historical_unverified
beardbrand-men-s-gr-2,Men's Grooming,Beardbrand,https://www.beardbrand.com,beardbrand,historical_unverified
beast-health,Kitchen Tools,Beast Health,https://thebeast.com,beast-health,historical_unverified
beast-health-small-ki-2,Small Kitchen Appliances,Beast Health,https://thebeast.com,beast-health,historical_unverified
beauty-of-joseon,Skincare,Beauty of Joseon,https://beautyofjoseon.com,beauty-of-joseon,historical_unverified
because,Elderly Care,Because,https://becausemarket.com,because,historical_unverified
beckett,Sports Memorabilia & Cards,Beckett,https://www.beckett.com,beckett,historical_unverified
beckett-simonon,Shoes - Dress/Boots,Beckett Simonon,https://beckettsimonon.com,beckett-simonon,historical_unverified
beekeeper-s-naturals,OTC/Wellness,Beekeeper's Naturals,https://beekeepersnaturals.com,beekeeper-s-naturals,historical_unverified
beginagain,Wooden,BeginAgain,https://beginagaintoys.com,beginagain,historical_unverified
being-frenshe,Bath/Shower,Being Frenshe,https://www.beingfrenshe.com,being-frenshe,historical_unverified
believe-diapers,Baby Care,Believe Diapers,https://believediapers.com,believe-diapers,historical_unverified
belkin,Docking stations/hubs,Belkin,https://www.belkin.com,belkin,historical_unverified
bella-and-duke,Cat Food,Bella & Duke,https://bellaandduke.com,bella-and-duke,css_values_observed_roles_inferred
bellroy,Laptop Bags,Bellroy,https://bellroy.com,bellroy,historical_unverified
bellroy-work,Desk Accessories & Organizers,Bellroy (Work),https://bellroy.com/products/category/accessories,bellroy-work,historical_unverified
bellzi,Plush,Bellzi,https://bellzi.com,bellzi,historical_unverified
benchmark-scientific,Lab Equipment & Supplies,Benchmark Scientific,https://www.benchmarkscientific.com,benchmark-scientific,historical_unverified
bendpak,Tools/Garage Equipment,BendPak,https://bendpak.com,bendpak,css_values_observed_roles_inferred
benjamin-moore,Paint & Finishes,Benjamin Moore,https://benjaminmoore.com,benjamin-moore,css_values_observed_roles_inferred
bennett-winch,Duffel bags,Bennett Winch,https://bennettwinch.com,bennett-winch,css_values_observed_roles_inferred
benq,Monitors,BenQ,https://www.benq.com,benq,historical_unverified
bernd-goeckler,Antique Dealer,Bernd Goeckler,https://www.bgoecklerantiques.com,bernd-goeckler,historical_unverified
bernell-hydraulics,Hydraulics & Pneumatics,Bernell Hydraulics,https://www.bernellhydraulics.com,bernell-hydraulics,historical_unverified
bessey,Woodworking Tools,Bessey,https://besseytools.com,bessey,css_values_observed_roles_inferred
bessie-barnie,Dog Beds/Furniture,Bessie + Barnie,https://bessieandbarnie.com,bessie-barnie,css_values_observed_roles_inferred
betafpv,Drones,BetaFPV,https://betafpv.com,betafpv,css_values_observed_roles_inferred
bethesda-gear,AAA Publisher Store,Bethesda Gear,https://gear.bethesda.net,bethesda-gear,historical_unverified
better-life,Cleaning Supplies,Better Life,https://cleanhappens.com,better-life,historical_unverified
better-world-books,Used/Rare Bookseller,Better World Books,https://www.betterworldbooks.com,better-world-books,historical_unverified
betterway,Paper Goods,Betterway,https://betterwaypaper.com,betterway,historical_unverified
bevel,Men's Grooming,Bevel,https://getbevel.com,bevel,historical_unverified
bezier-games,Board Games,Bezier Games,https://beziergames.com,bezier-games,historical_unverified
bfi-shop,Movies & TV,BFI Shop,https://shop.bfi.org.uk,bfi-shop,historical_unverified
biblio,Used/Rare Bookseller,Biblio,https://www.biblio.com,biblio,historical_unverified
big-agnes,Camping & Hiking Gear,Big Agnes,https://www.bigagnes.com,big-agnes,historical_unverified
big-barker,Dog Beds/Furniture,Big Barker,https://bigbarker.com,big-barker,css_values_observed_roles_inferred
big-green-egg,Grills/BBQ,Big Green Egg,https://www.biggreenegg.com,big-green-egg,historical_unverified
big-spoon-roasters,Nut Butters,Big Spoon Roasters,https://bigspoonroasters.com,big-spoon-roasters,css_values_observed_roles_inferred
bigbadtoystore,Action Figure & Collectibles,BigBadToyStore,https://www.bigbadtoystore.com,bigbadtoystore,historical_unverified
bigjigs-toys,Wooden,Bigjigs Toys,https://www.bigjigstoys.com,bigjigs-toys,historical_unverified
bigme,E-readers & Tablets,Bigme,https://bigmestore.com,bigme,css_values_observed_roles_inferred
bigscreen-beyond,VR Hardware,Bigscreen Beyond,https://www.bigscreenvr.com,bigscreen-beyond,historical_unverified
billie,Body Care,Billie,https://mybillie.com,billie,historical_unverified
billy-reid,Men's Apparel,Billy Reid,https://billyreid.com,billy-reid,historical_unverified
billykirk,Leather Goods,Billykirk,https://billykirk.com,billykirk,css_values_observed_roles_inferred
bilstein,Suspension/Lift Kits,Bilstein,https://bilstein.com,bilstein,css_values_observed_roles_inferred
bilt-guitars,Electric Guitars,Bilt Guitars,https://www.biltguitars.com,bilt-guitars,historical_unverified
bio-kleen,Cleaning Supplies,Bio-Kleen,https://biokleenhome.com,bio-kleen,historical_unverified
bio-rad-laboratories,Lab Equipment & Supplies,Bio-Rad Laboratories,https://www.bio-rad.com,bio-rad-laboratories,historical_unverified
bio-techne,Chemistry & Biology Supplies,Bio-Techne,https://www.bio-techne.com,bio-techne,historical_unverified
biolite,Camping & Hiking Gear,BioLite,https://www.bioliteenergy.com,biolite,historical_unverified
biolite-cell-pho-2,Cell Phones & Accessories,BioLite,https://www.bioliteenergy.com,biolite,historical_unverified
bippy,Body Care,Bippy,https://heybippy.com,bippy,historical_unverified
bird-stone,Fine jewelry - Gold/Silver everyday,Bird + Stone,https://www.birdandstone.com,bird-stone,historical_unverified
birmingham-pen-co,Pens & Writing,Birmingham Pen Co.,https://www.birminghampens.com,birmingham-pen-co,historical_unverified
bisley,Office Storage & Filing,Bisley,https://www.bisley.com,bisley,historical_unverified
bissell,Vacuums,Bissell,https://www.bissell.com,bissell,historical_unverified
bite,Oral Care,Bite,https://bitestep.com,bite,historical_unverified
bjornqorn,Snacks/Chips,BjornQorn,https://bjornqorn.com,bjornqorn,css_values_observed_roles_inferred
black-crows,Winter Sports,Black Crows,https://www.blackcrows.com,black-crows,historical_unverified
black-diamond,Backpacks _ travel/outdoor,Black Diamond,https://blackdiamondequipment.com,black-diamond,css_values_observed_roles_inferred
black-lapel,Men's Apparel,Black Lapel,https://blacklapel.com,black-lapel,historical_unverified
blackstar,Amps/Cabinets,Blackstar,https://www.blackstaramps.com,blackstar,css_values_observed_roles_inferred
blackstone,Grills/BBQ,Blackstone,https://www.blackstoneproducts.com,blackstone,historical_unverified
blacktail-studio,Woodworking,Blacktail Studio,https://blacktailstudio.com,blacktail-studio,css_values_observed_roles_inferred
blackvue,Car Electronics,BlackVue,https://blackvue.com,blackvue,css_values_observed_roles_inferred
blackwing,Pens & Writing,Blackwing,https://blackwing602.com,blackwing,historical_unverified
blaklader,Workwear,Blaklader,https://blaklader.com,blaklader,css_values_observed_roles_inferred
blendtec,Small Kitchen Appliances,Blendtec,https://www.blendtec.com,blendtec,historical_unverified
blizzard-gear,AAA Publisher Store,Blizzard Gear,https://gear.blizzard.com,blizzard-gear,historical_unverified
blomberg,Washers/Dryers,Blomberg,https://www.blombergappliances.com,blomberg,historical_unverified
bloom-baby,Nursery Furniture,Bloom Baby,https://bloombaby.com,bloom-baby,css_values_observed_roles_inferred
bloom-nutrition,Vitamins & Supplements,Bloom Nutrition,https://bloomnu.com,bloom-nutrition,historical_unverified
bloomscape,Seeds/plants nurseries,Bloomscape,https://bloomscape.com,bloomscape,historical_unverified
blowout-cards,Sports Memorabilia & Cards,Blowout Cards,https://www.blowoutcards.com,blowout-cards,historical_unverified
blu-atlas,Men's Health,Blu Atlas,https://bluatlas.com,blu-atlas,historical_unverified
blue-bath,Bathroom Fixtures,Blue Bath,https://bluebath.com,blue-bath,css_values_observed_roles_inferred
blue-kazoo,Puzzles,Blue Kazoo,https://bluekazoo.com,blue-kazoo,historical_unverified
blue-nile,Jewelry - Fine,Blue Nile,https://bluenile.com,blue-nile,historical_unverified
blue-note-shop,Record Label with Shop,Blue Note Shop,https://www.bluenote.com,blue-note-shop,historical_unverified
blue-orange-games,Board Games,Blue Orange Games,https://www.blueorangegames.com,blue-orange-games,historical_unverified
blue-underground,Movies & TV,Blue Underground,https://blue-underground.com,blue-underground,historical_unverified
blueair,Air Purifiers,Blueair,https://www.blueair.com,blueair,historical_unverified
blueberry-pet,Leashes/Collars/Harnesses,Blueberry Pet,https://blueberrypet.com,blueberry-pet,css_values_observed_roles_inferred
bluedriver,Tools/Garage Equipment,BlueDriver,https://bluedriver.com,bluedriver,css_values_observed_roles_inferred
blueland,Bath,Blueland,https://www.blueland.com,blueland,historical_partial_css_evidence
blueland-cleaning-2,Cleaning Supplies,Blueland,https://blueland.com,blueland,historical_unverified
blueridge,HVAC/Portable AC/Heaters,BlueRidge,https://www.blueridgeair.com,blueridge,historical_unverified
bluestar,Ranges/Cooktops/Ovens,BlueStar,https://www.bluestarcooking.com,bluestar,historical_unverified
bluestockings,Specialty Bookstore,Bluestockings,https://www.bluestockings.com,bluestockings,historical_unverified
blunt-umbrellas,Umbrella/rain,Blunt Umbrellas,https://bluntumbrellas.com,blunt-umbrellas,css_values_observed_roles_inferred
blushingdrops,Decor,BlushingDrops,https://blushingdrops.com,blushingdrops,css_values_observed_roles_inferred
bob-s-red-mill,Baked Goods/Bread Mixes,Bob's Red Mill,https://bobsredmill.com,bob-s-red-mill,css_values_observed_roles_inferred
bob-s-watches,Watch & Clock Collector,Bob's Watches,https://www.bobswatches.com,bob-s-watches,css_values_observed_roles_inferred
boba,Carriers,Boba,https://boba.com,boba,css_values_observed_roles_inferred
bobo-choses,Kids Clothing,Bobo Choses,https://bobochoses.com,bobo-choses,css_values_observed_roles_inferred
bodhi-dog,Grooming,Bodhi Dog,https://www.thebodhidog.com/,bodhi-dog,css_values_observed_roles_inferred
bodyguardz,Cell Phones & Accessories,BodyGuardz,https://www.bodyguardz.com,bodyguardz,historical_unverified
boiron,OTC/Wellness,Boiron,https://boironusa.com,boiron,historical_unverified
boka,Oral Care,Boka,https://www.boka.com,boka,historical_unverified
boll-and-branch,Bedding,Boll & Branch,https://www.bollandbranch.com,boll-and-branch,historical_unverified
boltsandnuts-com,Industrial Fasteners,BoltsandNuts.com,https://www.boltsandnuts.com,boltsandnuts-com,historical_unverified
bond-manufacturing,Fire pits/outdoor heaters,Bond Manufacturing,https://www.bondmfg.com,bond-manufacturing,historical_unverified
bonobos,Men's Apparel,Bonobos,https://bonobos.com,bonobos,historical_unverified
book-of-the-month,Book Subscription Box,Book of the Month,https://www.bookofthemonth.com,book-of-the-month,historical_unverified
book-passage,Independent Bookstore,Book Passage,https://www.bookpassage.com,book-passage,css_values_observed_roles_inferred
bookoff-usa,Movies & TV,BookOff USA,https://www.bookoffusa.com,bookoff-usa,historical_unverified
books-and-books,Independent Bookstore,Books & Books,https://www.booksandbooks.com,books-and-books,css_values_observed_roles_inferred
books-are-magic,Independent Bookstore,Books Are Magic,https://www.booksaremagic.net,books-are-magic,historical_unverified
books-of-wonder,Children's Bookstore,Books of Wonder,https://booksofwonder.com,books-of-wonder,historical_unverified
boomkat,Independent Record Store - UK/EU,Boomkat,https://www.boomkat.com,boomkat,historical_unverified
boon,Baby/Infant,Boon,https://www.booninc.com,boon,historical_unverified
bora,Woodworking Tools,Bora,https://boratool.com,bora,css_values_observed_roles_inferred
bosch,Refrigerators,Bosch,https://www.bosch-home.com/us,bosch,historical_unverified
boss,Guitar Pedals,Boss,https://www.boss.info,boss,css_values_observed_roles_inferred
boss-fight-studio,Action Figures,Boss Fight Studio,https://bossfightstudio.com,boss-fight-studio,historical_unverified
boulies,Gaming Chairs,Boulies,https://www.boulies.com,boulies,historical_unverified
boundary-supply,Backpacks _ travel/outdoor,Boundary Supply,https://boundarysupply.com,boundary-supply,css_values_observed_roles_inferred
brainfeeder,Record Label with Shop,Brainfeeder,https://www.brainfeeder.net,brainfeeder,historical_unverified
branch-basics,Cleaning Supplies,Branch Basics,https://branchbasics.com,branch-basics,historical_unverified
branch-furniture,Desks,Branch Furniture,https://www.branchfurniture.com,branch-furniture,historical_unverified
branch-furniture-chairs,Office Chairs,Branch Furniture (Chairs),https://www.branchfurniture.com/collections/office-chairs,branch-furniture-chairs,historical_unverified
bravado-spice,Sauces/Condiments,Bravado Spice,https://bravadospice.com,bravado-spice,css_values_observed_roles_inferred
brave-kind-bookshop,Independent Bookstore,Brave + Kind Bookshop,https://www.braveandkindbooks.com,brave-kind-bookshop,css_values_observed_roles_inferred
brave-star,Denim,Brave Star,https://bravestarselvedge.com,brave-star,historical_unverified
breedlove,Acoustic Guitars,Breedlove,https://www.breedlovemusic.com,breedlove,css_values_observed_roles_inferred
breeo,Grills/BBQ,Breeo,https://breeo.co,breeo,historical_unverified
breitling,Watches - Luxury Swiss,Breitling,https://www.breitling.com,breitling,historical_unverified
brent-neale,Fine jewelry - Diamond/Gemstone,Brent Neale,https://www.brentneale.com,brent-neale,historical_unverified
breville,Smart Home & Appliances,Breville,https://www.breville.com,breville,historical_unverified
breville-microwav-2,Microwaves/Toaster Ovens,Breville,https://www.breville.com,breville,historical_unverified
brew,Watches - Independent micro-brand,Brew,https://www.brewwatches.com,brew,historical_partial_css_evidence
brew-dr,Beverages _ Sparkling/Functional,Brew Dr,https://brewdrkombucha.com,brew-dr,css_values_observed_roles_inferred
briggs-and-riley,Garment/business bags,Briggs & Riley,https://briggs-riley.com,briggs-and-riley,css_values_observed_roles_inferred
bright-starts,Baby/Infant,Bright Starts,https://www.brightstarts.com,bright-starts,historical_unverified
bright-stripes,Arts & Crafts,Bright Stripes,https://brightstripes.co,bright-stripes,historical_unverified
brightland,Specialty Oils/Vinegars,Brightland,https://brightland.co,brightland,css_values_observed_roles_inferred
brilliant,Smart Home/Security,Brilliant,https://brilliant.tech,brilliant,css_values_observed_roles_inferred
brilliant-earth,Jewelry - Fine,Brilliant Earth,https://brilliantearth.com,brilliant-earth,historical_unverified
brine,Team Sports,Brine,https://www.brine.com,brine,historical_unverified
briogeo,Haircare,Briogeo,https://briogeohair.com,briogeo,historical_unverified
brita,Water Filtration/Dispensers,Brita,https://www.brita.com,brita,historical_unverified
britax,Strollers,Britax,https://www.britax-roemer.com/,britax,css_values_observed_roles_inferred
bromic-heating,Fire pits/outdoor heaters,Bromic Heating,https://www.bromic.com,bromic-heating,historical_unverified
bronwen-jewelry,Handmade Jewelry,Bronwen Jewelry,https://bronwenjewelry.com,bronwen-jewelry,css_values_observed_roles_inferred
brookline-booksmith,Independent Bookstore,Brookline Booksmith,https://www.brooklinebooksmith.com,brookline-booksmith,css_values_observed_roles_inferred
brooklinen,Bedding,Brooklinen,https://www.brooklinen.com,brooklinen,historical_partial_css_evidence
brooklyn-candle-studio,Handmade Soap & Candles,Brooklyn Candle Studio,https://brooklyncandlestudio.com,brooklyn-candle-studio,css_values_observed_roles_inferred
brooks,Running,Brooks,https://www.brooksrunning.com,brooks,historical_unverified
brown-jordan,Outdoor furniture,Brown Jordan,https://www.brownjordan.com,brown-jordan,historical_unverified
bryan-anthonys,Fine jewelry - Gold/Silver everyday,Bryan Anthonys,https://www.bryananthonys.com,bryan-anthonys,historical_unverified
bubble,Skincare,Bubble,https://hellobubble.com,bubble,historical_unverified
buck-mason,Men's Apparel,Buck Mason,https://buckmason.com,buck-mason,historical_unverified
buffet-crampon,Wind Instruments,Buffet Crampon,https://www.buffet-crampon.com,buffet-crampon,historical_unverified
buffy,Bedding,Buffy,https://buffy.co,buffy,historical_unverified
bugaboo,Strollers,Bugaboo,https://bugaboo.com,bugaboo,css_values_observed_roles_inferred
bulk-reef-supply,Aquarium/Fish,Bulk Reef Supply,https://bulkreefsupply.com,bulk-reef-supply,css_values_observed_roles_inferred
bull-moose,Movies & TV,Bull Moose,https://www.bullmoose.com,bull-moose,historical_unverified
bull-moose-independ-2,Independent Record Store - US,Bull Moose,https://www.bullmoose.com,bull-moose,historical_unverified
bullard,Industrial Safety & PPE,Bullard,https://www.bullard.com,bullard,historical_unverified
bullfrog-spas,Pools/hot tubs/swim spas,Bullfrog Spas,https://www.bullfrogspas.com,bullfrog-spas,css_values_observed_roles_inferred
bullion-exchanges,Coins & Currency,Bullion Exchanges,https://bullionexchanges.com,bullion-exchanges,historical_unverified
bullstrap,Cell Phones & Accessories,Bullstrap,https://www.bullstrap.com,bullstrap,historical_unverified
bullymake,Toys,Bullymake,https://bullymake.com,bullymake,css_values_observed_roles_inferred
bulova,Watches - Affordable/Quartz,Bulova,https://www.bulova.com,bulova,historical_unverified
burga,Cell Phones & Accessories,Burga,https://www.burga.com,burga,historical_unverified
burger-motorsports,Performance Parts,Burger Motorsports,https://burgertuning.com/,burger-motorsports,css_values_observed_roles_inferred
burgon-and-ball,Garden tools,Burgon & Ball,https://www.burgonandball.com,burgon-and-ball,historical_unverified
burlap-and-barrel,Spices/Seasoning,Burlap & Barrel,https://burlapandbarrel.com,burlap-and-barrel,css_values_observed_roles_inferred
burn-shop,Grills/BBQ,Burn Shop,https://theburnshopwf.com,burn-shop,historical_unverified
burpee,Seeds/plants nurseries,Burpee,https://www.burpee.com,burpee,historical_unverified
burrow,Furniture,Burrow,https://burrow.com,burrow,historical_unverified
burrow-outdoor--2,Outdoor furniture,Burrow,https://burrow.com,burrow,historical_unverified
burst,Oral Care,Burst,https://burstoralcare.com,burst-oral-care,historical_unverified
burst-oral-care,Oral Care,Burst Oral Care,https://www.burstoralcare.com,burst-oral-care,historical_unverified
burt-s-bees-baby,Baby Clothing,Burt's Bees Baby,https://burtsbeesbaby.com,burt-s-bees-baby,css_values_observed_roles_inferred
burt-s-bees-for-pets,Grooming,Burt's Bees for Pets,https://burtsbeesforpets.com,burt-s-bees-for-pets,css_values_observed_roles_inferred
bushwacker,Exterior Accessories,Bushwacker,https://bushwacker.com,bushwacker,css_values_observed_roles_inferred
butcherbox,Meal Kits/Prepared Foods,ButcherBox,https://butcherbox.com,butcherbox,css_values_observed_roles_inferred
bysimran,Ethnic/cultural jewelry,BySimran,https://bysimran.com,bysimran,historical_unverified
c-and-c-drum-co,Drums,C&C Drum Co,https://www.candccustomdrums.com,c-and-c-drum-co,css_values_observed_roles_inferred
cabeau,Travel pillows/eye masks,Cabeau,https://cabeau.com,cabeau,css_values_observed_roles_inferred
cabinet-health,OTC/Wellness,Cabinet Health,https://cabinethealth.com,cabinet-health,historical_unverified
cable-matters,Cables/Adapters,Cable Matters,https://www.cablematters.com,cablematters,historical_unverified
cablematters,Cell Phones & Accessories,CableMatters,https://www.cablematters.com,cablematters,historical_unverified
cadence,Travel accessories,Cadence,https://keepyourcadence.com,cadence,css_values_observed_roles_inferred
calcana,Fire pits/outdoor heaters,Calcana,https://www.calcana.com,calcana,historical_unverified
caldigit,Cell Phones & Accessories,CalDigit,https://www.caldigit.com,caldigit,historical_unverified
caldigit-docking--2,Docking stations/hubs,CalDigit,https://www.caldigit.com,caldigit,historical_unverified
california-baby,Baby Care,California Baby,https://californiababy.com,california-baby,historical_unverified
camera-obscura,Movies & TV,Camera Obscura,https://cameraobscurafilms.de/,camera-obscura,css_values_observed_roles_inferred
camp-chef,Grills/BBQ,Camp Chef,https://www.campchef.com,camp-chef,historical_unverified
campania-international,Planters/Pots,Campania International,https://www.campaniainternational.com,campania-international,historical_unverified
canada-pooch,Pet Apparel,Canada Pooch,https://canadapooch.com,canada-pooch,css_values_observed_roles_inferred
candlespice-co,Handmade Soap & Candles,Candlespice Co.,https://candlespice.com,candlespice-co,css_values_observed_roles_inferred
cangshan,Kitchen Tools,Cangshan,https://cangshancutlery.com,cangshan,historical_unverified
cannonkeys,Keyboards,CannonKeys,https://cannonkeys.com,cannonkeys,historical_unverified
canopy,Bath/Shower,Canopy,https://getcanopy.co,canopy,historical_unverified
canyon,Cycling,Canyon,https://www.canyon.com,canyon,historical_unverified
capital-lighting,Lighting,Capital Lighting,https://capitallightingfixture.com,capital-lighting,css_values_observed_roles_inferred
caraway,Cookware,Caraway,https://www.carawayhome.com,caraway,historical_partial_css_evidence
carbide-3d,CNC / Laser Cutters / Fabrication,Carbide 3D,https://www.carbide3d.com,carbide-3d,historical_unverified
carbon-and-hyde,Fine jewelry - Diamond/Gemstone,Carbon & Hyde,https://www.carbonandhyde.com,carbon-and-hyde,historical_unverified
card-kingdom,Trading Cards,Card Kingdom,https://www.cardkingdom.com,card-kingdom,historical_unverified
cards-against-humanity,Card Games,Cards Against Humanity,https://www.cardsagainsthumanity.com,cards-against-humanity,historical_unverified
cardstock-warehouse,Specialty Paper & Cards,Cardstock Warehouse,https://www.cardstockwarehouse.com,cardstock-warehouse,historical_unverified
care-of,Vitamins & Supplements,Care/of,https://takecareof.com,care-of,historical_unverified
carewell,Elderly Care,Carewell,https://carewell.com,carewell,historical_unverified
cariuma,Shoes - Sneakers,Cariuma,https://cariuma.com,cariuma,historical_unverified
carl-friedrik,Weekender bags,Carl Friedrik,https://carlfriedrik.com,carl-friedrik,css_values_observed_roles_inferred
carlotta-films,Movies & TV,Carlotta Films,https://laboutique.carlottafilms.com,carlotta-films,historical_unverified
carolina-biological-supply,Lab Equipment & Supplies,Carolina Biological Supply,https://www.carolina.com,carolina-biological-supply,historical_unverified
carpro,Car Care/Wax/Cleaning,CarPro,https://carpro.global/,carpro,css_values_observed_roles_inferred
carr-amps,Amps/Cabinets,Carr Amps,https://www.carramps.com,carr-amps,css_values_observed_roles_inferred
carved,Cell Phones & Accessories,Carved,https://www.carved.com,carved,historical_unverified
case-mate,Cell Phones & Accessories,Case-Mate,https://www.case-mate.com,case-mate,historical_unverified
casetify,Cell Phones & Accessories,CASETiFY,https://www.casetify.com,casetify,historical_unverified
cash-cards-unlimited,Trading Cards,Cash Cards Unlimited,https://cashcardsunlimited.com,cash-cards-unlimited,css_values_observed_roles_inferred
casio,Watches - Affordable/Quartz,Casio,https://www.casio.com,casio,historical_unverified
casper,Bedding,Casper,https://casper.com,casper,historical_partial_css_evidence
castle-ink,Printer & Ink,Castle Ink,https://www.castleink.com,castle-ink,historical_unverified
cat-person,Cat Food,Cat Person,https://catperson.com,cat-person,css_values_observed_roles_inferred
catbird-nyc,Jewelry - Fine,Catbird NYC,https://catbirdnyc.com,catbird-nyc,historical_unverified
caterpillar,Workwear,Caterpillar,https://catfootwear.com,caterpillar,css_values_observed_roles_inferred
caudabe,Cell Phones & Accessories,Caudabe,https://www.caudabe.com,caudabe,historical_unverified
cauldron-films,Movies & TV,Cauldron Films,https://www.cauldron-films.com,cauldron-films,historical_unverified
cayl,Outdoor Apparel,Cayl,https://www.cayl.co.kr,cayl,historical_unverified
cdjapan,Import Shop,CDJapan,https://www.cdjapan.co.jp,cdjapan,historical_unverified
cdjapan-movies-a-2,Movies & TV,CDJapan,https://www.cdjapan.co.jp,cdjapan,historical_unverified
century-media,Record Label with Shop,Century Media,https://www.centurymedia.store,century-media,historical_unverified
cephalofair-games,Board Games,Cephalofair Games,https://cephalofair.com,cephalofair-games,historical_unverified
cge-czech-games-edition,Board Games,CGE (Czech Games Edition),https://czechgames.com,cge-czech-games-edition,historical_unverified
champion-tool-storage,Workbench & Tool Storage,Champion Tool Storage,https://www.championbuilt.com,champion-tool-storage,historical_unverified
channellock,Hand Tools,Channellock,https://channellock.com,channellock,css_values_observed_roles_inferred
chaosium,Tabletop RPG,Chaosium,https://www.chaosium.com,chaosium,historical_unverified
chargepoint,EV Charging Accessories,ChargePoint,https://chargepoint.com,chargepoint,css_values_observed_roles_inferred
chase-bliss,Guitar Pedals,Chase Bliss,https://www.chasebliss.com/,chase-bliss,css_values_observed_roles_inferred
chesky-records,Audiophile/Hi-Res Label,Chesky Records,https://www.chesky.com,chesky-records,historical_unverified
chicago-brick-oven,Pizza ovens,Chicago Brick Oven,https://chicagobrickoven.com,chicago-brick-oven,historical_unverified
chicco,Car Seats,Chicco,https://chiccousa.com,chicco,css_values_observed_roles_inferred
chilewich,Outdoor rugs/textiles,Chilewich,https://www.chilewich.com,chilewich,historical_unverified
chirp,Audiobook DTC,Chirp,https://www.chirpbooks.com,chirp,historical_unverified
christopher-ward,Watches - Independent micro-brand,Christopher Ward,https://www.christopherward.com,christopher-ward,historical_unverified
christy-dawn,Women's Apparel,Christy Dawn,https://christydawn.com,christy-dawn,css_values_observed_roles_inferred
chubbies,Men's Apparel,Chubbies,https://chubbiesshorts.com,chubbies,historical_unverified
ciele-athletics,Running,Ciele Athletics,https://cieleathletics.com,ciele-athletics,historical_unverified
citizen,Watches - Affordable/Quartz,Citizen,https://www.citizenwatch.com,citizen,historical_unverified
citizen-vinyl,Vinyl Pressing Plant,Citizen Vinyl,https://www.citizenvinyl.com,citizen-vinyl,historical_unverified
city-lights,Independent Bookstore,City Lights,https://www.citylights.com,city-lights,historical_unverified
clae,Shoes - Sneakers,Clae,https://clae.com,clae,historical_unverified
clairefontaine,Notebooks & Journals,Clairefontaine,https://www.clairefontaine.com,clairefontaine,historical_unverified
clare,Paint & Finishes,Clare,https://clare.com,clare,css_values_observed_roles_inferred
classic-game-source,Retro Game Retailer,Classic Game Source,https://classicgamesource.com,classic-game-source,historical_unverified
clean-cult,Cleaning Supplies,Clean Cult,https://cleancult.com,clean-cult,historical_unverified
clean-origin,Fine jewelry - Engagement rings,Clean Origin,https://www.cleanorigin.com,clean-origin,historical_unverified
clek,Car Seats,Clek,https://clekinc.com,clek,css_values_observed_roles_inferred
click-and-grow,Urban gardening,Click and Grow,https://www.clickandgrow.com,click-and-grow,historical_unverified
clines-crafted-woodworking,Woodworking,Clines Crafted Woodworking,https://clinescraftedwoodworking.com,clines-crafted-woodworking,css_values_observed_roles_inferred
clmbr,Fitness & Gym,Clmbr,https://clmbr.com,clmbr,historical_unverified
cloud-paper,Paper Goods,Cloud Paper,https://cloudpaper.co,cloud-paper,historical_unverified
cloudberries,Puzzles,Cloudberries,https://www.cloudberries.co.uk,cloudberries,historical_unverified
clx-gaming,Desktops/PCs/Builders,CLX Gaming,https://www.clxgaming.com,clx-gaming,historical_unverified
cmon,Board Games,CMON,https://cmon.com,cmon,historical_unverified
cocokind,Skincare,Cocokind,https://www.cocokind.com,cocokind,historical_unverified
code-and-quill,Notebooks & Journals,Code&Quill,https://www.codeandquill.com,code-and-quill,historical_unverified
coffee-house-press,Small Press Publisher,Coffee House Press,https://www.coffeehousepress.org,coffee-house-press,historical_unverified
cohen-media-group,Movies & TV,Cohen Media Group,https://cohenmedia.net/,cohen-media-group,css_values_observed_roles_inferred
collector-s-cache,Trading Cards,Collector's Cache,https://www.collectorscache.com,collector-s-cache,historical_unverified
collectors-anime,Movies & TV,Collectors Anime,https://www.collectorsanime.com,collectors-anime,historical_unverified
collings,Electric Guitars,Collings,https://www.collingsguitars.com,collings,css_values_observed_roles_inferred
colored-organics,Baby Clothing,Colored Organics,https://coloredorganics.com,colored-organics,historical_unverified
columbia-university-press,Academic/University Press,Columbia University Press,https://cup.columbia.edu,columbia-university-press,historical_unverified
combat-relics,Militaria & Historical,Combat Relics,https://www.combat-relics.com,combat-relics,historical_unverified
cometeer,Coffee,Cometeer,https://cometeer.com,cometeer,css_values_observed_roles_inferred
commencal,Cycling,Commencal,https://www.commencal.com,commencal,historical_unverified
common-era,Demi-fine jewelry,Common Era,https://www.commonera.com,common-era,historical_unverified
common-projects,Shoes - Sneakers,Common Projects,https://commonprojects.com,common-projects,historical_unverified
comotomo,Feeding,Comotomo,https://comotomo.com/collections/shop-all,comotomo,css_values_observed_roles_inferred
compartes,Chocolate/Confectionery,Compartes,https://compartes.com,compartes,css_values_observed_roles_inferred
completedworks,Demi-fine jewelry,Completedworks,https://www.completedworks.com,completedworks,historical_unverified
connor-mcginn-studios,Ceramics/Pottery,Connor McGinn Studios,https://connormcginnstudios.com,connor-mcginn-studios,css_values_observed_roles_inferred
coolstuffinc,Trading Cards,CoolStuffInc,https://www.coolstuffinc.com,coolstuffinc,historical_unverified
copper-canyon-press,Small Press Publisher,Copper Canyon Press,https://www.coppercanyonpress.org,copper-canyon-press,historical_unverified
cora,Feminine Care,Cora,https://cora.life,cora,historical_unverified
corbett-lighting,Lighting,Corbett Lighting,https://www.hvlgroup.com/Products/Brand/CorbettLighting,corbett-lighting,css_values_observed_roles_inferred
cordoba-music,Ukuleles,Cordoba Music,https://www.cordobaguitars.com,cordoba-music,historical_unverified
core-meditation,Fitness & Gym,Core Meditation,https://www.hellocore.com,core-meditation,historical_unverified
corkcicle,Outdoor Accessories,Corkcicle,https://corkcicle.com,corkcicle,historical_unverified
corona,Gardening Tools,Corona,https://coronatools.com,corona,css_values_observed_roles_inferred
coros,Wearables,Coros,https://coros.com,coros,css_values_observed_roles_inferred
corsa-performance,Exhaust Systems,Corsa Performance,https://corsaperformance.com,corsa-performance,css_values_observed_roles_inferred
corteiz,Streetwear,Corteiz,https://crtz.xyz,corteiz,historical_unverified
coterie,Baby Care,Coterie,https://coterie.com,coterie,historical_unverified
cotopaxi,Outdoor Apparel,Cotopaxi,https://www.cotopaxi.com,cotopaxi,historical_unverified
counter-culture,Coffee,Counter Culture,https://counterculturecoffee.com,counter-culture,css_values_observed_roles_inferred
counter-print,Zine/Art Book Publisher,Counter-Print,https://www.counter-print.co.uk,counter-print,historical_unverified
courant,Cell Phones & Accessories,Courant,https://www.staycourant.com,courant,historical_unverified
courant-desk-acc-2,Desk Accessories & Organizers,Courant,https://staycourant.com,courant,historical_unverified
cove,Dishwashers,Cove,https://www.subzero-wolf.com/cove,cove,historical_unverified
covercraft,Interior Accessories,Covercraft,https://covercraft.com,covercraft,css_values_observed_roles_inferred
coverking,Interior Accessories,Coverking,https://coverking.com,coverking,css_values_observed_roles_inferred
coway,Air Purifiers,Coway,https://cowaymega.com,coway,historical_unverified
cowboy,Cycling,Cowboy,https://cowboy.com,cowboy,historical_unverified
coyuchi,Bath,Coyuchi,https://www.coyuchi.com,coyuchi,historical_unverified
cozy-earth,Bedding,Cozy Earth,https://cozyearth.com,cozy-earth,historical_unverified
craft-and-lore,Leather Goods,Craft and Lore,https://craftandlore.com,craft-and-lore,css_values_observed_roles_inferred
crane-and-co,Stationery & Paper,Crane & Co.,https://www.crane.com,crane-and-co,historical_unverified
crave-direct,Cell Phones & Accessories,Crave Direct,https://www.cravedirect.com,crave-direct,historical_unverified
crayola,Arts & Crafts,Crayola,https://www.crayola.com,crayola,historical_unverified
creality,3D Printers & Additive Manufacturing,Creality,https://www.creality.com,creality,historical_unverified
creativity-for-kids,Arts & Crafts,Creativity for Kids,https://www.fabercastell.com/pages/creativity-for-kids,creativity-for-kids,historical_unverified
crescent-garden,Planters/Pots,Crescent Garden,https://www.crescentgarden.com,crescent-garden,historical_unverified
crosley-radio,Vinyl Accessories & Audio,Crosley Radio,https://www.crosleyradio.com,crosley-radio,historical_unverified
crowd-cow,Meal Kits/Prepared Foods,Crowd Cow,https://crowdcow.com,crowd-cow,css_values_observed_roles_inferred
crown-and-buckle,Watch straps/accessories,Crown & Buckle,https://www.crownandbuckle.com,crown-and-buckle,historical_unverified
crucial,Storage/SSDs,Crucial,https://www.crucial.com,crucial,historical_unverified
crunchlabs,STEM,CrunchLabs,https://www.crunchlabs.com,crunchlabs,historical_unverified
crunchyroll-store,Movies & TV,Crunchyroll Store,https://store.crunchyroll.com,crunchyroll-store,historical_unverified
cubo-ai,Monitors/Tech,Cubo Ai,https://getcubo.com,cubo-ai,css_values_observed_roles_inferred
cuddle-kind,Nursery Decor,Cuddle + Kind,https://cuddleandkind.com,cuddle-kind,css_values_observed_roles_inferred
cuisinart,Microwaves/Toaster Ovens,Cuisinart,https://www.cuisinart.com,cuisinart,historical_unverified
cult-collectables,Funko & Pop Culture,Cult Collectables,https://cultcollectables.com,cult-collectables,css_values_observed_roles_inferred
cult-epics,Movies & TV,Cult Epics,https://www.cultepics.com,cult-epics,historical_unverified
cult-gaia,Women's Apparel,Cult Gaia,https://cultgaia.com,cult-gaia,historical_unverified
cultivate-what-matters,Planners,Cultivate What Matters,https://cultivatewhatmatters.com,cultivate-what-matters,css_values_observed_roles_inferred
curious-elixirs,Beverages _ Non-Alc,Curious Elixirs,https://curiouselixirs.com,curious-elixirs,css_values_observed_roles_inferred
currentbody,Tools/Devices,CurrentBody,https://www.currentbody.com,currentbody,historical_unverified
custom-offsets,Wheels & Tires,Custom Offsets,https://customwheeloffset.com,custom-offsets,css_values_observed_roles_inferred
cuyana,Women's Apparel,Cuyana,https://cuyana.com,cuyana,historical_unverified
cyberpowerpc,Desktops/PCs/Builders,CyberPowerPC,https://www.cyberpowerpc.com,cyberpowerpc,historical_unverified
d-addario,Accessories,D'Addario,https://www.daddario.com,d-addario,historical_unverified
da-card-world,Sports Memorabilia & Cards,DA Card World,https://www.dacardworld.com,da-card-world,historical_unverified
dacor,Ranges/Cooktops/Ovens,Dacor,https://www.dacor.com,dacor,historical_unverified
dagne-dover,Backpacks _ daily/laptop,Dagne Dover,https://dagnedover.com,dagne-dover,css_values_observed_roles_inferred
daily-harvest,Meal Kits/Prepared Foods,Daily Harvest,https://daily-harvest.com,daily-harvest,css_values_observed_roles_inferred
dainese,Motorcycle Parts,Dainese,https://dainese.com,dainese,css_values_observed_roles_inferred
daisy-london,Demi-fine jewelry,Daisy London,https://www.daisyjewellery.com,daisy-london,historical_unverified
dakota-lithium,Batteries & Electrical,Dakota Lithium,https://dakotalithium.com,dakota-lithium,css_values_observed_roles_inferred
danby,Dishwashers,Danby,https://www.danby.com,danby,historical_unverified
dandelion-chocolate,Chocolate/Confectionery,Dandelion Chocolate,https://dandelionchocolate.com,dandelion-chocolate,css_values_observed_roles_inferred
dang-foods,Snacks/Chips,Dang Foods,https://dangfoods.com,dang-foods,css_values_observed_roles_inferred
dango-products,Wallets/cardholders,Dango Products,https://dangoproducts.com,dango-products,css_values_observed_roles_inferred
daniel-wellington,Watches - Affordable/Quartz,Daniel Wellington,https://www.danielwellington.com,daniel-wellington,historical_unverified
daniel-wellington-watches-2,Watches,Daniel Wellington,https://danielwellington.com,daniel-wellington,historical_unverified
danny-s-vintage-watches,Watch & Clock Collector,Danny's Vintage Watches,https://dannysvintagewatches.com,danny-s-vintage-watches,historical_unverified
daphine,Fine jewelry - Gold/Silver everyday,Daphine,https://www.daphine.com,daphine,historical_unverified
dark-delicacies,Specialty Bookstore,Dark Delicacies,https://www.darkdel.com,dark-delicacies,historical_unverified
dark-horse-direct,Collectibles,Dark Horse Direct,https://www.darkhorsedirect.com,dark-horse-direct,historical_unverified
darrington-press,Tabletop RPG,Darrington Press,https://darringtonpress.com,darrington-press,historical_unverified
dash-and-albert,Outdoor rugs/textiles,Dash & Albert,https://annieselke.com,dash-and-albert,historical_unverified
dashmat,Interior Accessories,DashMat,https://dashmat.com,dashmat,css_values_observed_roles_inferred
davek,Umbrella/rain,Davek,https://davekny.com,davek,css_values_observed_roles_inferred
david-yurman,Men's jewelry,David Yurman,https://www.davidyurman.com,david-yurman,historical_unverified
david-zwirner,Contemporary Art Gallery,David Zwirner,https://www.davidzwirner.com,david-zwirner,historical_unverified
davids,Oral Care,Davids,https://davids-usa.com,davids,historical_unverified
davies-office,Office Storage & Filing,Davies Office,https://www.daviesoffice.com,davies-office,historical_unverified
davinci-baby,Nursery Furniture,Davinci Baby,https://davincibaby.com,davinci-baby,css_values_observed_roles_inferred
day-designer,Planners,Day Designer,https://daydesigner.com,day-designer,historical_unverified
dbrand,Cell Phones & Accessories,dbrand,https://www.dbrand.com,dbrand,historical_unverified
dc-vintage-watches,Watch & Clock Collector,DC Vintage Watches,https://www.dcvintagewatches.com,dc-vintage-watches,historical_unverified
dcbs,Comic Book Store,DCBS,https://www.dcbservice.com,dcbs,historical_unverified
de-wine-spot,Wine & Whisky Collectibles,De Wine Spot,https://dewinespot.co,de-wine-spot,css_values_observed_roles_inferred
deaf-crocodile,Movies & TV,Deaf Crocodile,https://www.deafcrocodile.com,deaf-crocodile,historical_unverified
deathwish-inc,Record Label with Shop,Deathwish Inc,https://www.deathwishinc.com,deathwish-inc,historical_unverified
decent-espresso,Espresso Machines,Decent Espresso,https://decentespresso.com,decent-espresso,historical_unverified
dedcool,Fragrance,DedCool,https://dedcool.com,dedcool,historical_unverified
dedon,Outdoor furniture,Dedon,https://www.dedon.de,dedon,historical_unverified
degreeart,Online-only Gallery,DegreeArt,https://www.degreeart.com,degreeart,historical_unverified
dekor-lighting,Outdoor lighting,Dekor Lighting,https://www.dekorlighting.com,dekor-lighting,historical_unverified
dell,Laptops,Dell,https://www.dell.com,dell,historical_unverified
delta-children,Nursery Furniture,Delta Children,https://deltachildren.com,delta-children,css_values_observed_roles_inferred
delta-kayaks,Watersports,Delta Kayaks,https://www.deltakayaks.com,delta-kayaks,historical_unverified
denon-dj,DJ Gear,Denon DJ,https://www.denondj.com,denon-dj,historical_unverified
desenio,Print & Poster Shop,Desenio,https://desenio.com,desenio,historical_unverified
design-toscano,Garden decor,Design Toscano,https://www.designtoscano.com,design-toscano,historical_unverified
detroit-city-sports,Sports Memorabilia & Cards,Detroit City Sports,https://www.detroitcitysports.com,detroit-city-sports,historical_unverified
devolver-digital-store,Indie Studio Merch,Devolver Digital Store,https://merch.devolverdigital.com,devolver-digital-store,historical_unverified
dewit,Gardening Tools,DeWit,https://www.dewit.eu/,dewit,css_values_observed_roles_inferred
dexibell,Digital Pianos,Dexibell,https://www.dexibell.com,dexibell,css_values_observed_roles_inferred
diabolikdvd,Movies & TV,DiabolikDVD,https://diabolikdvd.com,diabolikdvd,historical_unverified
diaper-dabbler,Baby Care,Diaper Dabbler,https://diaperdabbler.com,diaper-dabbler,historical_unverified
diaspora-co,Spices/Seasoning,Diaspora Co,https://diasporaco.com,diaspora-co,css_values_observed_roles_inferred
dick-keiser,Stamp Shop,Dick Keiser,https://www.dickkeiser.com,dick-keiser,historical_unverified
dickies,Workwear,Dickies,https://dickies.com,dickies,css_values_observed_roles_inferred
dieux,Skincare,Dieux,https://www.dieuxskin.com,dieux,historical_unverified
digby-and-iona,Bridal & Wedding bands,Digby & Iona,https://www.digbyandiona.com,digby-and-iona,historical_unverified
diggs,Dog Beds/Furniture,Diggs,https://diggs.pet,diggs,css_values_observed_roles_inferred
digital-storm,Desktops/PCs/Builders,Digital Storm,https://www.digitalstorm.com,digital-storm,historical_unverified
dimplex,Fire pits/outdoor heaters,Dimplex,https://www.glendimplexamericas.com,dimplex,historical_unverified
dingbats,Notebooks & Journals,Dingbats*,https://www.dingbats-notebooks.com,dingbats,historical_unverified
dingwall,Bass Guitars,Dingwall,https://www.dingwallguitars.com,dingwall,css_values_observed_roles_inferred
dino-lite,Microscopy & Optics,Dino-Lite,https://www.dinolite.us,dino-lite,historical_unverified
diptyque,Candles & Scent,Diptyque,https://www.diptyqueparis.com,diptyque,historical_unverified
dirt-devil,Vacuums,Dirt Devil,https://www.dirtdevil.com,dirt-devil,historical_unverified
dirty-labs,Laundry Products,Dirty Labs,https://dirtylabs.com,dirty-labs,historical_unverified
discotek-media,Movies & TV,Discotek Media,https://discotekmedia.com,discotek-media,historical_unverified
disk-union,Independent Record Store - Asia/Other,Disk Union,https://www.diskunion.net,disk-union,css_values_observed_roles_inferred
dissh,Women's Apparel,Dissh,https://dissh.com,dissh,historical_unverified
distil-union,Wallets/cardholders,Distil Union,https://distilunion.com,distil-union,css_values_observed_roles_inferred
district-vision,Running,District Vision,https://www.districtvision.com,district-vision,historical_unverified
dkoldies,Retro Game Retailer,DKOldies,https://www.dkoldies.com,dkoldies,historical_unverified
doc-sweeney-drums,Drums,Doc Sweeney Drums,https://www.docsweeneydrums.com,doc-sweeney-drums,css_values_observed_roles_inferred
dockatot,Gear/Playmats,DockATot,https://eu.dockatot.com/,dockatot,css_values_observed_roles_inferred
doen,Women's Apparel,Doen,https://shopdoen.com,doen,historical_unverified
dog-threads,Pet Apparel,Dog Threads,https://goodthomas.com/,dog-threads,css_values_observed_roles_inferred
dollar-shave-club,Men's Grooming,Dollar Shave Club,https://www.dollarshaveclub.com,dollar-shave-club,historical_unverified
domino-mart,Record Label with Shop,Domino Mart,https://www.dominomart.com,domino-mart,historical_unverified
dondolo,Kids Clothing,Dondolo,https://dondolo.com,dondolo,css_values_observed_roles_inferred
doona,Strollers,Doona,https://doona.com,doona,css_values_observed_roles_inferred
doorstepink,Printer & Ink,DoorStepInk,https://doorstepink.com,doorstepink,historical_unverified
dope-snow,Winter Sports,Dope Snow,https://www.dopesnow.com,dope-snow,historical_unverified
dossier,Fragrance,Dossier,https://dossier.co,dossier,historical_unverified
dough,Monitors,Dough,https://www.dough.tech,dough,historical_unverified
doughp,Chocolate/Confectionery,Doughp,https://doughp.com,doughp,css_values_observed_roles_inferred
douglas,Plush,Douglas,https://douglastoys.com,douglas,historical_unverified
dovetails-and-stitches,Woodworking,Dovetails and Stitches,https://dovetailsandstitches.com,dovetails-and-stitches,css_values_observed_roles_inferred
downpour,Audiobook DTC,Downpour,https://www.downpour.com,downpour,historical_unverified
downtown-music-gallery,Niche Genre Store,Downtown Music Gallery,https://www.downtownmusicgallery.com,downtown-music-gallery,historical_unverified
dr-strings,Accessories,DR Strings,https://www.drstrings.com,dr-strings,historical_unverified
dr-dennis-gross,Skincare,Dr. Dennis Gross,https://drdennisgross.com,dr-dennis-gross,historical_unverified
dr-dennis-gross-spectralite,Tools/Devices,Dr. Dennis Gross (Spectralite),https://drdennisgross.com,dr-dennis-gross,historical_unverified
dr-strange-records,Niche Genre Store,Dr. Strange Records,https://www.drstrange.com,dr-strange-records,historical_unverified
drag-city,Record Label with Shop,Drag City,https://www.dragcity.com,drag-city,css_values_observed_roles_inferred
dragonfire-tools,Workbench & Tool Storage,Dragonfire Tools,https://www.dragonfiretools.com,dragonfire-tools,css_values_observed_roles_inferred
dream-arcades,Arcade Maker,Dream Arcades,https://dreamarcades.com,dream-arcades,css_values_observed_roles_inferred
dreame,Robotic Cleaners,Dreame,https://www.dreametech.com,dreame,historical_unverified
dreamfarm,Kitchen Tools,Dreamfarm,https://dreamfarm.com,dreamfarm,historical_unverified
dremel,Power Tools,Dremel,https://dremel.com,dremel,css_values_observed_roles_inferred
drift-records,Independent Record Store - UK/EU,Drift Records,https://www.driftrecords.com,drift-records,historical_unverified
drop,Keyboards,Drop,https://drop.com,drop,historical_unverified
dropps,Laundry Products,Dropps,https://dropps.com,dropps,historical_unverified
drunk-elephant,Skincare,Drunk Elephant,https://www.drunkelephant.com,drunk-elephant,historical_partial_css_evidence
drunkdeer,Keyboards,DrunkDeer,https://drunkdeer.com,drunkdeer,historical_unverified
dsptch,Cell Phones & Accessories,DSPTCH,https://www.dsptch.com,dsptch,historical_unverified
dubia,Small Animal/Bird/Reptile,Dubia,https://dubiaroaches.com,dubia,css_values_observed_roles_inferred
dubray-books,Independent Bookstore,Dubray Books,https://www.dubraybooks.ie,dubray-books,historical_unverified
duc-woodworks,Woodworking,DUC Woodworks,https://ducwoodworks.com,duc-woodworks,css_values_observed_roles_inferred
duck-camp,Hunting & Fishing,Duck Camp,https://duckcamp.com,duck-camp,historical_unverified
ducky,Keyboards,Ducky,https://www.duckychannel.com.tw,ducky,historical_unverified
duesenberg,Electric Guitars,Duesenberg,https://www.duesenberg.de,duesenberg,historical_unverified
dungeons-and-dragons,Tabletop RPG,Dungeons & Dragons,https://dnd.wizards.com,dungeons-and-dragons,historical_unverified
dunlop,Accessories,Dunlop,https://www.jimdunlop.com,dunlop,historical_unverified
durston-gear,Camping & Hiking Gear,Durston Gear,https://durstongear.com,durston-gear,historical_unverified
dusty-groove,Movies & TV,Dusty Groove,https://www.dustygroove.com,dusty-groove,historical_unverified
dusty-groove-independ-2,Independent Record Store - US,Dusty Groove,https://www.dustygroove.com,dusty-groove,historical_unverified
dvd-empire,Movies & TV,DVD Empire,https://www.dvdempire.com,dvd-empire,historical_unverified
dxracer,Gaming Chairs,DXRacer,https://www.dxracer.com,dxracer,historical_unverified
dyne,Fine jewelry - Engagement rings,DYNE,https://www.dyne.jewelry,dyne,historical_unverified
dyper,Baby Care,Dyper,https://dyper.com,dyper,historical_unverified
dyson,Vacuums,Dyson,https://www.dyson.com,dyson,historical_unverified
eagle-creek,Soft luggage,Eagle Creek,https://eaglecreek.com,eagle-creek,css_values_observed_roles_inferred
earth-breeze,Laundry Products,Earth Breeze,https://earthbreeze.com,earth-breeze,historical_unverified
earth-mama,Baby Care,Earth Mama,https://earthmamaorganics.com,earth-mama,historical_unverified
earthbath,Grooming,Earthbath,https://earthbath.com,earthbath,css_values_observed_roles_inferred
eartheasy,Greenhouses/raised beds,EarthEasy,https://eartheasy.com,eartheasy,css_values_observed_roles_inferred
earthen-shop,Ceramics/Pottery,Earthen Shop,https://earthen-shop.com,earthen-shop,css_values_observed_roles_inferred
earthquaker-devices,Guitar Pedals,EarthQuaker Devices,https://www.earthquakerdevices.com,earthquaker-devices,css_values_observed_roles_inferred
earthstudies,Outdoor Apparel,EarthStudies,https://earth-studies.com,earthstudies,historical_unverified
earthway,Gardening Tools,Earthway,https://earthway.com,earthway,css_values_observed_roles_inferred
east-end-prints,Print & Poster Shop,East End Prints,https://www.eastendprints.co.uk,east-end-prints,historical_unverified
east-fork,Dinnerware,East Fork,https://eastfork.com,east-fork,historical_unverified
eastman-guitars,Acoustic Guitars,Eastman Guitars,https://www.eastmanguitars.com,eastman-guitars,css_values_observed_roles_inferred
eastman-strings,Orchestral,Eastman Strings,https://www.eastmanstrings.com,eastman-strings,historical_unverified
eastpak,Soft luggage,Eastpak,https://eastpak.com,eastpak,css_values_observed_roles_inferred
easy-street-records,Movies & TV,Easy Street Records,https://easystreetonline.com,easy-street-records,historical_unverified
easy-street-records-independ-2,Independent Record Store - US,Easy Street Records,https://easystreetonline.com,easy-street-records,historical_unverified
ecm,Espresso Machines,ECM,https://www.ecm.de/en,ecm,historical_unverified
ecm-records,Record Label with Shop,ECM Records,https://www.ecmrecords.com,ecm-records,historical_unverified
eco-by-naty,Baby Care,Eco by Naty,https://naty.com,eco-by-naty,historical_unverified
ecoenclose,Packaging & Shipping Supplies,EcoEnclose,https://www.ecoenclose.com,ecoenclose,historical_unverified
ecoriginals,Baby Care,Ecoriginals,https://ecoriginals.com.au,ecoriginals,historical_unverified
ecos,Cleaning Supplies,Ecos,https://ecos.com,ecos,historical_unverified
ecovacs,Robotic Cleaners,Ecovacs,https://www.ecovacs.com,ecovacs,historical_unverified
eden-brothers,Seeds/plants nurseries,Eden Brothers,https://www.edenbrothers.com,eden-brothers,historical_unverified
edge-of-ember,Fine jewelry - Gold/Silver everyday,Edge of Ember,https://www.edgeofember.com,edge-of-ember,historical_unverified
edison-pen-co,Pens & Writing,Edison Pen Co.,https://edisonpen.com,edison-pen-co,historical_unverified
edmund-optics,Microscopy & Optics,Edmund Optics,https://www.edmundoptics.com,edmund-optics,historical_unverified
educational-insights,Educational,Educational Insights,https://www.educationalinsights.com,educational-insights,historical_unverified
eero,Networking,Eero,https://eero.com,eero,historical_unverified
egg-press,Stationery & Paper,Egg Press,https://eggpress.com,egg-press,historical_unverified
eggtronic,Cell Phones & Accessories,Eggtronic,https://www.eggtronic.com,eggtronic,historical_unverified
ego-power-plus,Lawn care equipment/mowers,Ego Power Plus,https://egopowerplus.com,ego-power-plus,historical_unverified
eibach,Suspension/Lift Kits,Eibach,https://eibach.com,eibach,css_values_observed_roles_inferred
einova,Cell Phones & Accessories,Einova,https://www.einova.com,einova,historical_unverified
ekster,Wallets/cardholders,Ekster,https://ekster.com,ekster,css_values_observed_roles_inferred
electric-and-rose,Yoga,Electric & Rose,https://www.electricandrose.com,electric-and-rose,historical_unverified
electric-fetus-independ-2,Independent Record Store - US,Electric Fetus,https://www.electricfetus.com,electric-fetus,historical_unverified
electric-picks,Fashion jewelry - Costume,Electric Picks,https://www.electricpicks.com,electric-picks,historical_unverified
electro-harmonix,Guitar Pedals,Electro-Harmonix,https://www.ehx.com,electro-harmonix,css_values_observed_roles_inferred
electrolux,Washers/Dryers,Electrolux,https://www.electrolux.com,electrolux,historical_unverified
elegoo,3D Printers & Additive Manufacturing,Elegoo,https://www.elegoo.com,elegoo,historical_unverified
element-case,Cell Phones & Accessories,Element Case,https://www.elementcase.com,element-case,historical_unverified
elenco,STEM,Elenco,https://www.elenco.com,elenco,historical_unverified
elfa,Organization,Elfa,https://www.elfa.com,elfa,historical_unverified
elgato,Webcams,Elgato,https://www.elgato.com,elgato,historical_unverified
elixir-strings,Accessories,Elixir Strings,https://www.elixirstrings.com,elixir-strings,historical_unverified
elkwood-leather,Leather Goods,Elkwood Leather,https://elkwoodleather.com,elkwood-leather,css_values_observed_roles_inferred
elliott-bay-book-company,Independent Bookstore,Elliott Bay Book Company,https://www.elliottbaybook.com,elliott-bay-book-company,css_values_observed_roles_inferred
elusive-disc,Audiophile/Hi-Res Label,Elusive Disc,https://www.elusivedisc.com,elusive-disc,historical_unverified
elvie,Feeding,Elvie,https://elvie.com,elvie,css_values_observed_roles_inferred
emeril-lagasse,Small Kitchen Appliances,Emeril Lagasse,https://www.emerileveryday.com,emeril-lagasse,historical_unverified
emtek,Hardware,Emtek,https://emtek.com,emtek,css_values_observed_roles_inferred
en-route,Fashion jewelry - Costume,En Route,https://www.enroutejewelry.com,en-route,historical_unverified
end-of-an-ear,Independent Record Store - US,End of an Ear,https://www.endofanear.com,end-of-an-ear,historical_unverified
endgame-gear,Mice,Endgame Gear,https://www.endgamegear.com,endgame-gear,historical_unverified
enel-x-way,EV Charging Accessories,Enel X Way,https://enelxway.com,enel-x-way,css_values_observed_roles_inferred
enkei-wheels,Wheels & Tires,Enkei Wheels,https://enkei.com,enkei-wheels,css_values_observed_roles_inferred
enlightened-equipment,Camping & Hiking Gear,Enlightened Equipment,https://enlightenedequipment.com,enlightened-equipment,historical_unverified
entertainment-earth,Action Figure & Collectibles,Entertainment Earth,https://www.entertainmentearth.com,entertainment-earth,historical_unverified
enviro-safety-products,Industrial Safety & PPE,Enviro Safety Products,https://www.envirosafetyproducts.com,enviro-safety-products,historical_unverified
epilog-laser,CNC / Laser Cutters / Fabrication,Epilog Laser,https://www.epiloglaser.com,epilog-laser,historical_unverified
epomaker,Keyboards,Epomaker,https://epomaker.com,epomaker,historical_unverified
eppendorf,Lab Equipment & Supplies,Eppendorf,https://www.eppendorf.com,eppendorf,historical_unverified
ergatta,Fitness & Gym,Ergatta,https://ergatta.com,ergatta,historical_unverified
ergo-direct,Monitor Arms & Stands,Ergo Direct,https://www.ergodirect.com,ergo-direct,historical_unverified
ergohuman,Office Chairs,Ergohuman,https://ergohuman.com,ergohuman,historical_unverified
erie-basin,Bridal & Wedding bands,Erie Basin,https://www.eriebasin.com,erie-basin,historical_unverified
erin-condren,Planners,Erin Condren,https://www.erincondren.com,erin-condren,historical_unverified
ernesta,Outdoor rugs/textiles,Ernesta,https://ernesta.com,ernesta,historical_unverified
ernie-ball,Accessories,Ernie Ball,https://www.ernieball.com,ernie-ball,historical_unverified
esker-beauty,Body Care,Esker Beauty,https://eskerbeauty.com,esker-beauty,historical_unverified
espacio-handmade,Leather Goods,Espacio Handmade,https://espaciohandmade.com,espacio-handmade,css_values_observed_roles_inferred
estarland,Retro Game Retailer,eStarland,https://www.estarland.com,estarland,historical_unverified
estwing,Hand Tools,Estwing,https://estwing.com,estwing,css_values_observed_roles_inferred
ettitude,Bedding,Ettitude,https://www.ettitude.com,ettitude,historical_unverified
euclid-records,Independent Record Store - US,Euclid Records,https://www.euclidrecords.com,euclid-records,historical_unverified
eufy,Robotic Cleaners,Eufy,https://www.eufy.com,eufy,historical_unverified
eureka,Vacuums,Eureka,https://www.eureka.com,eureka,historical_unverified
eureka-entertainment,Movies & TV,Eureka Entertainment,https://eurekavideo.co.uk,eureka-entertainment,historical_unverified
eureka-ergonomic,Gaming Desks,Eureka Ergonomic,https://eurekaergonomic.com,eureka-ergonomic,historical_unverified
europa-editions,Small Press Publisher,Europa Editions,https://www.europaeditions.com,europa-editions,historical_unverified
evenflo,Car Seats,Evenflo,https://evenflo.com,evenflo,css_values_observed_roles_inferred
eventide,Guitar Pedals,Eventide,https://www.eventideaudio.com,eventide,css_values_observed_roles_inferred
evereden,Baby Care,Evereden,https://evereden.com,evereden,historical_unverified
everlane,Women's Apparel,Everlane,https://everlane.com,everlane,historical_unverified
everyday-music,Independent Record Store - US,Everyday Music,https://www.everydaymusic.com,everyday-music,historical_unverified
evil-bikes,Cycling,Evil Bikes,https://www.evil-bikes.com,evil-bikes,historical_unverified
evil-controllers,Controllers,Evil Controllers,https://www.evilcontrollers.com,evil-controllers,css_values_observed_roles_inferred
evodesk,Gaming Desks,Evodesk,https://www.evodesk.com,evodesk,css_values_observed_roles_inferred
evolv,Climbing,Evolv,https://www.evolvsports.com,evolv,historical_unverified
exploding-kittens,Card Games,Exploding Kittens,https://www.explodingkittens.com,exploding-kittens,historical_unverified
extech-instruments,Measurement & Test Instruments,Extech Instruments,https://www.extech.com,extech-instruments,historical_unverified
extreme-terrain,Off-road/4x4 Gear,Extreme Terrain,https://extremeterrain.com,extreme-terrain,css_values_observed_roles_inferred
eyestorm,Online-only Gallery,Eyestorm,https://www.eyestorm.com,eyestorm,historical_unverified
ezpz,Baby/Infant,ezpz,https://ezpzfun.com,ezpz,historical_unverified
ezpz-feeding-2,Feeding,Ezpz,https://ezpzfun.com,ezpz,historical_unverified
faber-castell,Arts & Crafts,Faber-Castell,https://www.fabercastell.com,faber-castell,historical_unverified
fable,Dinnerware,Fable,https://fablehome.co,fable,historical_unverified
fable-pets,Dog Beds/Furniture,Fable Pets,https://fablepets.com/,fable-pets,css_values_observed_roles_inferred
fabletics,Athleisure,Fabletics,https://fabletics.com,fabletics,historical_unverified
factor,Meal Kits/Prepared Foods,Factor,https://factor75.com,factor,css_values_observed_roles_inferred
fairmont-designs,Furniture,Fairmont Designs,https://fairmontdesigns.com,fairmont-designs,css_values_observed_roles_inferred
fairyloot,Book Subscription Box,FairyLoot,https://fairyloot.com,fairyloot,historical_unverified
fairytales-bookstore,Children's Bookstore,Fairytales Bookstore,https://fairytalesnashville.com,fairytales-bookstore,historical_unverified
falcon-northwest,Desktops/PCs/Builders,Falcon Northwest,https://www.falcon-nw.com,falcon-northwest,historical_unverified
fanatics-authentic,Sports Memorabilia & Cards,Fanatics Authentic,https://www.fanaticsauthentic.com,fanatics-authentic,historical_unverified
fangamer,Indie Studio Merch,Fangamer,https://www.fangamer.com,fangamer,historical_unverified
far-bank,Hunting & Fishing,Far Bank,https://farbank.com,far-bank,historical_unverified
farberware,Dishwashers,Farberware,https://www.farberwareappliances.com,farberware,historical_unverified
farer,Watches - Independent micro-brand,Farer,https://www.farer.com,farer,historical_unverified
farer-watches-2,Watches,Farer,https://farer.com,farer,historical_unverified
farm-rio,Women's Apparel,Farm Rio,https://farmrio.com,farm-rio,historical_unverified
farrow-and-ball,Paint & Finishes,Farrow & Ball,https://farrow-ball.com,farrow-and-ball,css_values_observed_roles_inferred
fastcap,Woodworking Tools,FastCap,https://fastcap.com,fastcap,css_values_observed_roles_inferred
fastenal,MRO Supplies,Fastenal,https://www.fastenal.com,fastenal,historical_unverified
fastener-superstore,Industrial Fasteners,Fastener SuperStore,https://www.fastenersuperstore.com,fastener-superstore,historical_unverified
fasteners-direct,Industrial Fasteners,Fasteners Direct,https://www.fastenersdirect.com,fasteners-direct,historical_unverified
fat-beats,Niche Genre Store,Fat Beats,https://www.fatbeats.com,fat-beats,historical_unverified
fat-brain-toys,Educational,Fat Brain Toys,https://www.fatbraintoys.com,fat-brain-toys,historical_unverified
fatboy,Outdoor,Fatboy,https://www.fatboy.com,fatboy,historical_unverified
fatso,Nut Butters,Fatso,https://eatfatso.com,fatso,css_values_observed_roles_inferred
faulkner-house-books,Independent Bookstore,Faulkner House Books,https://www.faulknerhousebooks.com,faulkner-house-books,historical_unverified
fear-of-god,Streetwear,Fear of God,https://fearofgod.com,fear-of-god,historical_unverified
felco,Garden tools,Felco,https://www.felco.com,felco,historical_unverified
fellow,Kitchen Tools,Fellow,https://fellowproducts.com,fellow,historical_unverified
fellowes,Shredders & Calculators,Fellowes,https://www.fellowes.com,fellowes,historical_unverified
fenty-beauty,Makeup,Fenty Beauty,https://www.fentybeauty.com,fenty-beauty,historical_partial_css_evidence
ferkos-fine-jewelry,Fine jewelry - Gold/Silver everyday,Ferkos Fine Jewelry,https://www.ferkosfinejewelry.com,ferkos-fine-jewelry,historical_unverified
festool,Power Tools,Festool,https://festoolusa.com,festool,css_values_observed_roles_inferred
ffern,Fragrance,Ffern,https://ffern.co,ffern,historical_unverified
fi,Pet Tech/Cameras,Fi,https://tryfi.com,fi,css_values_observed_roles_inferred
fi-exhaust,Exhaust Systems,FI Exhaust,https://fi-exhaust.com,fi-exhaust,css_values_observed_roles_inferred
fiddlershop,Orchestral,Fiddlershop,https://www.fiddlershop.com,fiddlershop,historical_unverified
field-company,Cookware,Field Company,https://fieldcompany.com,field-company,historical_unverified
field-notes,Notebooks & Journals,Field Notes,https://fieldnotesbrand.com,field-notes,historical_unverified
filco,Keyboards,Filco,https://www.diatec.co.jp,filco,historical_unverified
film-movement,Movies & TV,Film Movement,https://www.filmmovement.com,film-movement,historical_unverified
finalmouse,Mice,Finalmouse,https://finalmouse.com,finalmouse,historical_unverified
finex,Cookware,Finex,https://finexusa.com,finex,historical_unverified
fingerprints-music,Independent Record Store - US,Fingerprints Music,https://www.fingerprintsmusic.com,fingerprints-music,historical_unverified
finisterre,Sustainable/Eco,Finisterre,https://finisterre.com,finisterre,historical_unverified
finn,Pet Supplements,Finn,https://petfinn.com/,finn,css_values_observed_roles_inferred
finn-emma,Baby Clothing,Finn + Emma,https://finnandemma.com,finn-emma,css_values_observed_roles_inferred
fireball-printing,Printing services (DTC),Fireball Printing,https://fireballprinting.com,fireball-printing,historical_unverified
fireclay-tile,Kitchen Fixtures,Fireclay Tile,https://fireclaytile.com,fireclay-tile,css_values_observed_roles_inferred
first-4-figures,Collectibles,First 4 Figures,https://www.first4figures.com,first-4-figures,historical_unverified
first-lite,Hunting & Fishing,First Lite,https://www.firstlite.com,first-lite,historical_unverified
firstleaf,Wine/Beer/Spirits DTC,Firstleaf,https://firstleaf.com,firstleaf,css_values_observed_roles_inferred
fisher-and-paykel,Refrigerators,Fisher & Paykel,https://www.fisherpaykel.com,fisher-and-paykel,historical_unverified
fisher-scientific,Lab Equipment & Supplies,Fisher Scientific,https://www.fishersci.com,fisher-scientific,historical_unverified
fiskars,Garden tools,Fiskars,https://www.fiskars.com,fiskars,historical_unverified
five-ten,Climbing,Five Ten,https://www.adidas.com/us/fiveten,five-ten,historical_unverified
fix-and-fogg,Nut Butters,Fix & Fogg,https://fixandfogg.com,fix-and-fogg,css_values_observed_roles_inferred
flamingo,Body Care,Flamingo,https://www.shopflamingo.com,flamingo,historical_unverified
flamingo-estate,Bath,Flamingo Estate,https://flamingoestate.com,flamingo-estate,historical_unverified
flaus,Bath/Shower,Flaus,https://getflaus.com,flaus,historical_unverified
flewd,Bath/Shower,Flewd,https://flewd.com,flewd,historical_unverified
flex,Power Tools,Flex,https://flexpowertools.com,flex,css_values_observed_roles_inferred
flexispot,Gaming Desks,FlexiSpot,https://www.flexispot.com,flexispot,historical_unverified
flicker-alley,Movies & TV,Flicker Alley,https://www.flickeralley.com,flicker-alley,historical_unverified
flir-systems-teledyne-flir,Measurement & Test Instruments,FLIR Systems (Teledyne FLIR),https://www.flir.com,flir-systems-teledyne-flir,historical_unverified
floodgate-games,Board Games,Floodgate Games,https://floodgategames.com,floodgate-games,historical_unverified
flotec,Hydraulics & Pneumatics,Flotec,https://www.floteconline.com,flotec,historical_unverified
floyd,Furniture,Floyd,https://floydhome.com,floyd,historical_unverified
floyd-hard-she-2,Hard-shell luggage,Floyd,https://floyd.one,floyd-hard-she-2,css_values_observed_roles_inferred
fluance,Vinyl Accessories & Audio,Fluance,https://www.fluance.com,fluance,historical_unverified
fluff-and-tuff,Toys,Fluff & Tuff,https://fluffandtuff.com,fluff-and-tuff,css_values_observed_roles_inferred
fluke-corporation,Measurement & Test Instruments,Fluke Corporation,https://www.fluke.com,fluke-corporation,historical_unverified
fly-by-jing,Sauces/Condiments,Fly By Jing,https://flybyjing.com,fly-by-jing,css_values_observed_roles_inferred
flylow-gear,Winter Sports,Flylow Gear,https://flylowgear.com,flylow-gear,historical_unverified
focal,Studio Monitors,Focal,https://www.focal.com,focal,historical_unverified
focusrite,Microphones,Focusrite,https://www.focusrite.com,focusrite,css_values_observed_roles_inferred
fodera,Bass Guitars,Fodera,https://www.fodera.com,fodera,css_values_observed_roles_inferred
fontana-forni,Pizza ovens,Fontana Forni,https://www.fontanaforni.com,fontana-forni,historical_unverified
foreo,Tools/Devices,Foreo,https://www.foreo.com,foreo,historical_unverified
foria,Women's Health,Foria,https://foriawellness.com,foria,historical_unverified
formaspace,Workbench & Tool Storage,Formaspace,https://www.formaspace.com,formaspace,historical_unverified
formlabs,3D Printers & Additive Manufacturing,Formlabs,https://www.formlabs.com,formlabs,historical_unverified
formovie,TVs & Projectors,Formovie,https://formovie.com,formovie,css_values_observed_roles_inferred
forno-venetzia,Pizza ovens,Forno Venetzia,https://www.fornovenetzia.com,forno-venetzia,historical_unverified
fossil,Watches - Affordable/Quartz,Fossil,https://www.fossil.com,fossil,historical_unverified
fossil-farms,Specialty Meat/Seafood,Fossil Farms,https://fossilfarms.com,fossil-farms,css_values_observed_roles_inferred
found-my-animal,Leashes/Collars/Harnesses,Found My Animal,https://foundmyanimal.com,found-my-animal,css_values_observed_roles_inferred
foundrae,Fine jewelry - Diamond/Gemstone,Foundrae,https://www.foundrae.com,foundrae,historical_unverified
foundrae-jewelry--2,Jewelry - Fine,Foundrae,https://foundrae.com,foundrae,historical_unverified
four-horsemen-studios,Action Figures,Four Horsemen Studios,https://sourcehorsemen.com,four-horsemen-studios,historical_unverified
four-sigmatic,Vitamins & Supplements,Four Sigmatic,https://foursigmatic.com,four-sigmatic,historical_unverified
fox-racing,Motorcycle Apparel & Helmets,Fox Racing,https://foxracing.com,fox-racing,css_values_observed_roles_inferred
fractal-design,Cooling/PC Parts,Fractal Design,https://www.fractal-design.com,fractal-design,historical_unverified
frame-it-all,Greenhouses/raised beds,Frame It All,https://frameitall.com,frame-it-all,historical_unverified
framework,Laptops,Framework,https://framework.com,framework,historical_unverified
frank-clegg,Duffel bags,Frank Clegg,https://frankcleggleatherworks.com,frank-clegg,css_values_observed_roles_inferred
frank-darling,Fine jewelry - Engagement rings,Frank Darling,https://www.frankdarling.com,frank-darling,historical_unverified
freda-salvador,Shoes - Dress/Boots,Freda Salvador,https://fredasalvador.com,freda-salvador,historical_unverified
free-fly,Outdoor Apparel,Free Fly,https://www.freeflyapparel.com,free-fly,historical_unverified
free-league-publishing,Tabletop RPG,Free League Publishing,https://freeleaguepublishing.com,free-league-publishing,historical_unverified
freestyle,Baby Care,Freestyle,https://freestyle.world,freestyle,historical_unverified
french-paper-co,Specialty Paper & Cards,French Paper Co.,https://www.frenchpaper.com,french-paper-co,historical_unverified
frenchie-bulldog,Pet Apparel,Frenchie Bulldog,https://frenchiebulldog.com,frenchie-bulldog,css_values_observed_roles_inferred
freud,Woodworking Tools,Freud,https://freudtools.com,freud,css_values_observed_roles_inferred
frey,Laundry Products,Frey,https://frey.com,frey,historical_unverified
friedman,Amps/Cabinets,Friedman,https://www.friedmanamplification.com,friedman,css_values_observed_roles_inferred
frigidaire,Washers/Dryers,Frigidaire,https://www.frigidaire.com,frigidaire,historical_unverified
fulgor-milano,Ranges/Cooktops/Ovens,Fulgor Milano,https://www.fulgor-milano.com/us/en,fulgor-milano,historical_unverified
full-focus,Planners,Full Focus,https://fullfocus.co,full-focus,historical_unverified
full-moon-direct,Movies & TV,Full Moon Direct,https://www.fullmoondirect.com,full-moon-direct,historical_unverified
fully-millerknoll,Desks,Fully (MillerKnoll),https://www.fully.com,fully-millerknoll,historical_unverified
function-of-beauty,Haircare,Function of Beauty,https://www.functionofbeauty.com,function-of-beauty,historical_unverified
function101,Cell Phones & Accessories,Function101,https://www.function101.com,function101,historical_unverified
funko,Action Figures,Funko,https://funko.com,funko,historical_unverified
funko-official,Funko & Pop Culture,Funko Official,https://funko.com,funko,historical_unverified
fur,Body Care,Fur,https://furyou.com,fur,historical_unverified
furbo,Pet Tech/Cameras,Furbo,https://furbo.com,furbo,css_values_observed_roles_inferred
furnace-record-pressing,Vinyl Pressing Plant,Furnace Record Pressing,https://www.furnacemfg.com,furnace-record-pressing,historical_unverified
furnish-me-vintage,Antique Dealer,Furnish Me Vintage,https://www.furnishmevintage.com,furnish-me-vintage,historical_unverified
fuse-chicken,Cell Phones & Accessories,Fuse Chicken,https://www.fusechicken.com,fuse-chicken,historical_unverified
fx-luminaire,Outdoor lighting,FX Luminaire,https://www.fxl.com,fx-luminaire,historical_unverified
fy,Print & Poster Shop,Fy!,https://www.iamfy.co,fy,historical_unverified
g-wolves,Mice,G-Wolves,https://www.g-wolves.com,g-wolves,historical_unverified
gadget-guard,Cell Phones & Accessories,Gadget Guard,https://www.gadgetguard.com,gadget-guard,historical_unverified
gaggia,Espresso Machines,Gaggia,https://www.gaggia-usa.com,gaggia,historical_unverified
gagosian,Contemporary Art Gallery,Gagosian,https://gagosian.com,gagosian,historical_unverified
galco-industrial-electronics,Industrial Automation & PLC,Galco Industrial Electronics,https://www.galco.com,galco-industrial-electronics,historical_unverified
galen-leather,Notebooks & Journals,Galen Leather,https://www.galenleather.com,galen-leather,historical_unverified
game-over-video-games,Retro Game Retailer,Game Over Video Games,https://gameovervideogames.com,game-over-video-games,historical_unverified
gamewright,Board Games,Gamewright,https://gamewright.com,gamewright,historical_unverified
ganni,Women's Apparel,Ganni,https://ganni.com,ganni,historical_unverified
gaomon,Graphics Tablets,Gaomon,https://www.gaomon.net,gaomon,historical_unverified
garden-light-led,Outdoor lighting,Garden Light LED,https://gardenlightled.com,garden-light-led,historical_unverified
garden-weasel,Gardening Tools,Garden Weasel,https://gardenweasel.com,garden-weasel,css_values_observed_roles_inferred
gardyn,Urban gardening,Gardyn,https://mygardyn.com,gardyn,historical_unverified
garmin,Smartwatches/Hybrid,Garmin,https://www.garmin.com,garmin,historical_unverified
gathre,Gear/Playmats,Gathre,https://gathre.com,gathre,css_values_observed_roles_inferred
ge,Refrigerators,GE,https://www.geappliances.com,ge,historical_unverified
gearwrench,Hand Tools,GearWrench,https://gearwrench.com,gearwrench,css_values_observed_roles_inferred
genelec,Studio Monitors,Genelec,https://www.genelec.com,genelec,historical_unverified
generation-records,Independent Record Store - US,Generation Records,https://www.generationrecords.com,generation-records,historical_unverified
genesee-scientific,Lab Equipment & Supplies,Genesee Scientific,https://www.geneseesci.com,genesee-scientific,historical_unverified
genexa,OTC/Wellness,Genexa,https://genexa.com,genexa,historical_unverified
genki-buy,Import Shop,Genki Buy,https://www.genkibuy.com,genki-buy,historical_unverified
genscript,Chemistry & Biology Supplies,GenScript,https://www.genscript.com,genscript,historical_unverified
geologie,Men's Health,Geologie,https://geologie.com,geologie,historical_unverified
get-on-down,Niche Genre Store,Get On Down,https://www.getondown.com,get-on-down,historical_unverified
ghent,Whiteboards & Cork boards,Ghent,https://www.ghent.com,ghent,historical_unverified
ghost-lifestyle,Vitamins & Supplements,Ghost Lifestyle,https://ghostlifestyle.com,ghost-lifestyle,historical_unverified
ghostly-international,Record Label with Shop,Ghostly International,https://www.ghostly.com,ghostly-international,historical_unverified
ghs-strings,Accessories,GHS Strings,https://www.ghsstrings.com,ghs-strings,historical_unverified
gibson,Electric Guitars,Gibson,https://www.gibson.com,gibson,historical_unverified
gir,Kitchen Tools,GIR,https://getgir.com,gir,historical_unverified
gkids-shop,Movies & TV,Gkids Shop,https://store.gkids.com,gkids-shop,historical_unverified
gladstone-gallery,Contemporary Art Gallery,Gladstone Gallery,https://www.gladstonegallery.com,gladstone-gallery,historical_unverified
gldn,Fine jewelry - Gold/Silver everyday,GLDN,https://www.gldn.com,gldn,historical_unverified
global-industrial,MRO Supplies,Global Industrial,https://www.globalindustrial.com,global-industrial,historical_unverified
glorious,Keyboards,Glorious,https://www.gloriousgaming.com,glorious,historical_unverified
glossier,Skincare,Glossier,https://www.glossier.com,glossier,historical_partial_css_evidence
gloster,Outdoor furniture,Gloster,https://www.gloster.com,gloster,historical_unverified
glow-recipe,Skincare,Glow Recipe,https://www.glowrecipe.com,glow-recipe,historical_unverified
glowforge,CNC / Laser Cutters / Fabrication,Glowforge,https://www.glowforge.com,glowforge,historical_unverified
gnista,Beverages _ Non-Alc,Gnista,https://gnistaspirits.com,gnista,css_values_observed_roles_inferred
gnome,Lawn care equipment/mowers,Gnome,https://trygnome.com,gnome,historical_unverified
go-to-pac,Cleanroom & HVAC Industrial,Go-To-PAC,https://www.gotopac.com,go-to-pac,historical_unverified
goal-zero,Outdoor Accessories,Goal Zero,https://www.goalzero.com,goal-zero,historical_unverified
goal-zero-cell-pho-2,Cell Phones & Accessories,Goal Zero,https://www.goalzero.com,goal-zero,historical_unverified
gold-rush-vinyl,Vinyl Pressing Plant,Gold Rush Vinyl,https://www.goldrushvinyl.com,gold-rush-vinyl,historical_unverified
golden-coil,Planners,Golden Coil,https://www.goldencoil.com,golden-coil,historical_unverified
goldieblox,STEM,GoldieBlox,https://goldieblox.com,goldieblox,historical_unverified
goldilocks,Cookware,Goldilocks,https://cookwithgoldilocks.com,goldilocks,historical_unverified
goliath-games,Board Games,Goliath Games,https://www.goliathgames.com,goliath-games,historical_unverified
goner-records,Independent Record Store - US,Goner Records,https://goner-records.com,goner-records,historical_unverified
good-smile-company,Action Figures,Good Smile Company,https://www.goodsmileus.com,good-smile-company,historical_unverified
good-smile-company-collecti-2,Collectibles,Good Smile Company,https://www.goodsmile.info,good-smile-company-collecti-2,historical_unverified
goodles,Pasta/Grains,Goodles,https://goodles.com,goodles,css_values_observed_roles_inferred
gorjana,Jewelry - Fashion,Gorjana,https://gorjana.com,gorjana,historical_unverified
gossamer-gear,Camping & Hiking Gear,Gossamer Gear,https://www.gossamergear.com,gossamer-gear,historical_unverified
gothic-arch,Greenhouses/raised beds,Gothic Arch,https://www.gothicarchgreenhouses.com,gothic-arch,historical_unverified
gotoob,Travel accessories,GoToob,https://humangear.com,gotoob,css_values_observed_roles_inferred
gotprint,Printing services (DTC),GotPrint,https://www.gotprint.com,gotprint,historical_unverified
gotta-groove-records,Vinyl Pressing Plant,Gotta Groove Records,https://www.gottagrooverecords.com,gotta-groove-records,historical_unverified
goumi-kids,Baby Clothing,Goumi Kids,https://goumikids.com,goumi-kids,historical_unverified
govee,Smart Home,Govee,https://govee.com,govee,css_values_observed_roles_inferred
govmint,Coins & Currency,GovMint,https://www.govmint.com,govmint,historical_unverified
gozney,Smart Home & Appliances,Gozney,https://www.gozney.com,gozney,historical_unverified
gozney-pizza-ov-2,Pizza ovens,Gozney,https://www.gozney.com,gozney,historical_unverified
grab-green,Laundry Products,Grab Green,https://grabgreenhome.com,grab-green,historical_unverified
grace-lee,Fine jewelry - Engagement rings,Grace Lee,https://www.gracelee.com,grace-lee,css_values_observed_roles_inferred
grainger,MRO Supplies,Grainger,https://www.grainger.com,grainger,historical_unverified
grand-seiko,Watches - Luxury Swiss,Grand Seiko,https://www.grand-seiko.com,grand-seiko,historical_unverified
grasshopper-film,Movies & TV,Grasshopper Film,https://grasshopperfilm.com,grasshopper-film,historical_unverified
gravel,Travel accessories,Gravel,https://gravel.co/,gravel,css_values_observed_roles_inferred
gray-label,Kids Clothing,Gray Label,https://gray-label.com,gray-label,css_values_observed_roles_inferred
grayhill-woodworking,Woodworking,Grayhill Woodworking,https://grayhillwoodworkingllc.com,grayhill-woodworking,css_values_observed_roles_inferred
graywolf-press,Small Press Publisher,Graywolf Press,https://www.graywolfpress.org,graywolf-press,historical_unverified
graza,Specialty Oils/Vinegars,Graza,https://graza.co,graza,css_values_observed_roles_inferred
great-jones,Cookware,Great Jones,https://greatjonesgoods.com,great-jones,historical_unverified
greats,Shoes - Sneakers,Greats,https://greats.com,greats,historical_unverified
greddy,Performance Parts,GReddy,https://greddy.com,greddy,css_values_observed_roles_inferred
greenhouse-megastore,Greenhouses/raised beds,Greenhouse Megastore,https://www.greenhousemegastore.com,greenhouse-megastore,historical_unverified
greenwich-letterpress,Stationery & Paper,Greenwich Letterpress,https://greenwichletterpress.com,greenwich-letterpress,historical_unverified
greenworks,Lawn care equipment/mowers,Greenworks,https://www.greenworkstools.com,greenworks,historical_unverified
grimey-s-new-and-loved-music,Movies & TV,Grimey's New & Loved Music,https://www.grimeys.com,grimey-s-new-and-loved-music,historical_unverified
grimey-s-new-and-pre-loved-music,Independent Record Store - US,Grimey's New & Pre-Loved Music,https://www.grimeys.com,grimey-s-new-and-loved-music,historical_unverified
grimm-s,Wooden,Grimm's,https://www.grimms.eu,grimm-s,historical_unverified
grindhouse-releasing,Movies & TV,Grindhouse Releasing,https://grindhousereleasing.com,grindhouse-releasing,historical_unverified
grindhouse-video,Movies & TV,Grindhouse Video,https://grindhousevideo.com,grindhouse-video,historical_unverified
griot-s-garage,Car Care/Wax/Cleaning,Griot's Garage,https://griotsgarage.com,griot-s-garage,css_values_observed_roles_inferred
grizzl-e,EV Charging Accessories,Grizzl-E,https://grizzl-e.com,grizzl-e,css_values_observed_roles_inferred
grizzly,Power Tools,Grizzly,https://grizzly.com,grizzly,css_values_observed_roles_inferred
grohe,Plumbing Fixtures,Grohe,https://grohe.us,grohe,css_values_observed_roles_inferred
grolier-poetry-book-shop,Specialty Bookstore,Grolier Poetry Book Shop,https://www.grolierpoetrybookshop.org,grolier-poetry-book-shop,historical_unverified
groovy-lab-in-a-box,STEM,Groovy Lab in a Box,https://www.groovylabinabox.com,groovy-lab-in-a-box,historical_unverified
ground-up,Nut Butters,Ground Up,https://grounduppdx.com,ground-up,css_values_observed_roles_inferred
grove-collaborative,Bath,Grove Collaborative,https://www.grove.co,grove-collaborative,historical_unverified
grove-collaborative-cleaning-2,Cleaning Supplies,Grove Collaborative,https://grove.co,grove-collaborative,historical_unverified
grovemade,Cell Phones & Accessories,Grovemade,https://www.grovemade.com,grovemade,historical_unverified
grovemade-desk-acc-2,Desk Accessories & Organizers,Grovemade,https://grovemade.com,grovemade,historical_unverified
grundens,Hunting & Fishing,Grundens,https://grundens.com,grundens,historical_unverified
gruv,Movies & TV,Gruv,https://www.gruv.com,gruv,historical_unverified
gt-omega,Gaming Chairs,GT Omega,https://www.gtomega.com,gt-omega,historical_unverified
gt-s-kombucha,Beverages _ Sparkling/Functional,GT's Kombucha,https://gtslivingfoods.com,gt-s-kombucha,css_values_observed_roles_inferred
guidecraft,Educational,Guidecraft,https://guidecraft.com,guidecraft,historical_unverified
gund,Plush,GUND,https://gund.com,gund,historical_unverified
gunner,Dog Beds/Furniture,Gunner,https://gunner.com,gunner,css_values_observed_roles_inferred
gyeon-quartz,Car Care/Wax/Cleaning,Gyeon Quartz,https://gyeonquartz.com,gyeon-quartz,css_values_observed_roles_inferred
gymshark,Athleisure,Gymshark,https://gymshark.com,gymshark,historical_unverified
haand,Dinnerware,Haand,https://haand.us,haand,historical_unverified
haba,Wooden,Haba,https://www.habausa.com,haba,historical_unverified
hag-flokk,Office Chairs,HAG (Flokk),https://www.flokk.com/en/us/hag,hag-flokk,historical_unverified
halfday-travel,Garment/business bags,Halfday Travel,https://halfdaytravel.com,halfday-travel,css_values_observed_roles_inferred
halios,Watches - Independent micro-brand,Halios,https://www.haliosbrand.com,halios,historical_unverified
hallman,Ranges/Cooktops/Ovens,Hallman,https://www.hallmanindustries.com,hallman,historical_unverified
hamilton-beach,Microwaves/Toaster Ovens,Hamilton Beach,https://www.hamiltonbeach.com,hamilton-beach,historical_unverified
hamilton-book,Movies & TV,Hamilton Book,https://www.hamiltonbook.com,hamilton-book,historical_unverified
handmade-habitat,Handmade Soap & Candles,Handmade Habitat,https://handmadehabitat.co,handmade-habitat,css_values_observed_roles_inferred
hape,Wooden,Hape,https://www.hape.com,hape,historical_unverified
happy-little-camper,Baby Care,Happy Little Camper,https://happylittlecampercare.com,happy-little-camper,historical_unverified
harber-london,Laptop Bags,Harber London,https://www.harberlondon.com,harber-london,historical_unverified
hardgraft,Cell Phones & Accessories,Hardgraft,https://www.hardgraft.com,hardgraft,historical_unverified
harlem-candle-company,Candles & Scent,Harlem Candle Company,https://www.harlemcandlecompany.com,harlem-candle-company,historical_unverified
harley-davidson,Motorcycle Parts,Harley-Davidson,https://harley-davidson.com,harley-davidson,css_values_observed_roles_inferred
harney-and-sons,Tea,Harney & Sons,https://harney.com,harney-and-sons,css_values_observed_roles_inferred
harry-s,Men's Grooming,Harry's,https://www.harrys.com,harry-s,historical_unverified
harvard-university-press,Academic/University Press,Harvard University Press,https://www.hup.harvard.edu,harvard-university-press,historical_unverified
hasami-porcelain,Ceramics/Pottery,Hasami Porcelain,https://hasami-porcelain.com,hasami-porcelain,css_values_observed_roles_inferred
hatch,Monitors/Tech,Hatch,https://hatch.co,hatch,css_values_observed_roles_inferred
hauser-and-wirth,Contemporary Art Gallery,Hauser & Wirth,https://www.hauserwirth.com,hauser-and-wirth,historical_unverified
haworth,Office Chairs,Haworth,https://store.haworth.com,haworth,historical_unverified
hay,Decor,Hay,https://www.hay.com,hay,historical_partial_css_evidence
health-ade,Beverages _ Sparkling/Functional,Health-Ade,https://health-ade.com,health-ade,css_values_observed_roles_inferred
healthy-nest,Baby Care,Healthy Nest,https://healthynest.com,healthy-nest,historical_unverified
hearthsong,Outdoor,HearthSong,https://www.hearthsong.com,hearthsong,historical_unverified
heartwood,Office Storage & Filing,Heartwood,https://www.heartwood.ca,heartwood,historical_unverified
heath-ceramics,Dinnerware,Heath Ceramics,https://www.heathceramics.com,heath-ceramics,historical_unverified
hedley-and-bennett,Kitchen Tools,Hedley & Bennett,https://www.hedleyandbennett.com,hedley-and-bennett,historical_unverified
heimplanet,Backpacks _ travel/outdoor,Heimplanet,https://heimplanet.com,heimplanet,css_values_observed_roles_inferred
helen-levi,Ceramics/Pottery,Helen Levi,https://helenlevi.com,helen-levi,css_values_observed_roles_inferred
helix-sleep,Bedding,Helix Sleep,https://helixsleep.com,helix-sleep,historical_unverified
hello-bello,Baby Care,Hello Bello,https://hellobello.com,hello-bello,historical_unverified
hellofresh,Meal Kits/Prepared Foods,HelloFresh,https://hellofresh.com,hellofresh,css_values_observed_roles_inferred
helm-boots,Shoes - Dress/Boots,Helm Boots,https://helmboots.com,helm-boots,historical_unverified
hennessey-ingalls,Specialty Bookstore,Hennessey + Ingalls,https://www.hennesseyingalls.com,hennessey-ingalls,historical_unverified
henry-street-studio,Ceramics/Pottery,Henry Street Studio,https://henrystreetstudio.com,henry-street-studio,css_values_observed_roles_inferred
heraclea,Specialty Oils/Vinegars,Heraclea,https://heraclea.co,heraclea,css_values_observed_roles_inferred
hercules-dj,DJ Gear,Hercules DJ,https://www.hercules.com,hercules-dj,historical_unverified
heretic-parfum,Fragrance,Heretic Parfum,https://hereticparfum.com,heretic-parfum,historical_unverified
heritage-guitars,Electric Guitars,Heritage Guitars,https://www.heritageguitars.com,heritage-guitars,historical_unverified
herman-miller,Desks,Herman Miller,https://www.hermanmiller.com,herman-miller,historical_unverified
herman-miller-chairs,Office Chairs,Herman Miller (Chairs),https://store.hermanmiller.com,herman-miller-chairs,historical_unverified
herman-miller-gaming,Gaming Chairs,Herman Miller Gaming,https://www.hermanmiller.com/gaming,herman-miller-gaming,historical_unverified
hero-cosmetics,Skincare,Hero Cosmetics,https://www.herocosmetics.us,hero-cosmetics,historical_unverified
heron,Watches - Independent micro-brand,Heron,https://www.heronwatches.com,heron,historical_unverified
hers,Wellness,Hers,https://www.forhers.com,hers,historical_unverified
hers-women-s--2,Women's Health,Hers,https://forhers.com,hers,historical_unverified
herschel,Weekender bags,Herschel,https://herschel.com,herschel,css_values_observed_roles_inferred
hestan,Cookware,Hestan,https://hestanculinary.com,hestan,historical_unverified
hestan-ranges-c-2,Ranges/Cooktops/Ovens,Hestan,https://www.hestan.com,hestan-ranges-c-2,historical_unverified
hestan-grills-b-2,Grills/BBQ,Hestan,https://hestanoutdoor.com,hestan-grills-b-2,historical_unverified
hexclad,Cookware,Hexclad,https://hexclad.com,hexclad,historical_partial_css_evidence
hey-maeve,Fashion jewelry - Costume,Hey Maeve,https://www.heymaeve.com,hey-maeve,historical_unverified
hhg-drums,Drums,HHG Drums,https://www.hhgdrums.com,hhg-drums,css_values_observed_roles_inferred
hhkb,Keyboards,HHKB,https://hhkeyboard.us,hhkb,historical_unverified
hidden-gems-card-shop,Trading Cards,Hidden Gems Card Shop,https://hiddengemscardshop.com,hidden-gems-card-shop,historical_unverified
higherdose,Tools/Devices,HigherDOSE,https://higherdose.com,higherdose,historical_unverified
higherdose-otc-well-2,OTC/Wellness,HigherDose,https://higherdose.com,higherdose,historical_unverified
hill-house-home,Women's Apparel,Hill House Home,https://hillhousehome.com,hill-house-home,historical_unverified
hilma,OTC/Wellness,Hilma,https://hilma.co,hilma,historical_unverified
hilti,Power Tools,Hilti,https://hilti.com,hilti,css_values_observed_roles_inferred
hims,Men's Grooming,Hims,https://www.forhims.com,hims,historical_unverified
hims-men-s-he-2,Men's Health,Hims,https://forhims.com,hims,historical_unverified
hinkley,Outdoor lighting,Hinkley,https://www.hinkley.com,hinkley,historical_unverified
hioki,Measurement & Test Instruments,Hioki,https://www.hioki.com,hioki,historical_unverified
hiroshi-kato,Men's Apparel,Hiroshi Kato,https://kato-brand.com,hiroshi-kato,historical_unverified
hisense,Dishwashers,Hisense,https://www.hisense-usa.com,hisense,historical_unverified
hismile,Oral Care,Hismile,https://www.hismileteeth.com,hismile,historical_unverified
hks-usa,Performance Parts,HKS USA,https://hksusa.com,hks-usa,css_values_observed_roles_inferred
hmv-japan,Independent Record Store - Asia/Other,HMV Japan,https://www.hmv.co.jp,hmv-japan,historical_unverified
hobby-link-japan,Import Shop,Hobby Link Japan,https://www.hlj.com,hobby-link-japan,historical_unverified
hobbysearch,Movies & TV,HobbySearch,https://www.1999.co.jp/eng/,hobbysearch,historical_unverified
hodinkee-shop,Watch & Clock Collector,Hodinkee Shop,https://shop.hodinkee.com,hodinkee-shop,css_values_observed_roles_inferred
hofner,Orchestral,Hofner,https://www.hofner.com,hofner,historical_unverified
holden,Fine jewelry - Engagement rings,Holden,https://www.hiholden.com,holden,historical_unverified
holdit,Cell Phones & Accessories,Holdit,https://www.holdit.com,holdit,historical_unverified
holgate-toys,Wooden,Holgate Toys,https://www.holgatetoy.com,holgate-toys,historical_unverified
holy-stone,Drones,Holy Stone,https://holystone.com,holy-stone,css_values_observed_roles_inferred
home-science-tools,Lab Equipment & Supplies,Home Science Tools,https://www.homesciencetools.com,home-science-tools,historical_unverified
honest,Baby Care,Honest,https://honest.com,honest,historical_unverified
honest-jon-s,Independent Record Store - UK/EU,Honest Jon's,https://www.honestjons.com,honest-jon-s,historical_unverified
honey-pot,Feminine Care,Honey Pot,https://thehoneypot.co,honey-pot-company,historical_unverified
honey-can-do,Organization,Honey-Can-Do,https://www.honeycando.com,honey-can-do,historical_unverified
hoover,Vacuums,Hoover,https://www.hoover.com,hoover,historical_unverified
hori-usa,Controllers,Hori USA,https://stores.horiusa.com/,hori-usa,css_values_observed_roles_inferred
horizn-studios,Hard-shell luggage,Horizn Studios,https://horizn-studios.com,horizn-studios,css_values_observed_roles_inferred
hot-spring-spas,Pools/hot tubs/swim spas,Hot Spring Spas,https://www.hotspring.com,hot-spring-spas,historical_unverified
house-of-noa,Gear/Playmats,House of Noa,https://houseofnoa.com,house-of-noa,css_values_observed_roles_inferred
hp,Laptops,HP,https://www.hp.com,hp,historical_unverified
htc-vive,VR Hardware,HTC Vive,https://www.vive.com,htc-vive,historical_unverified
huda-beauty,Makeup,Huda Beauty,https://hudabeauty.com,huda-beauty,historical_unverified
hudson-valley,Lighting,Hudson Valley,https://hvlgroup.com,hudson-valley,css_values_observed_roles_inferred
huion,Graphics Tablets,Huion,https://www.huion.com,huion,historical_unverified
huk-gear,Hunting & Fishing,Huk Gear,https://www.hukgear.com,huk-gear,historical_unverified
hum-nutrition,Wellness,Hum Nutrition,https://www.humnutrition.com,hum-nutrition,historical_unverified
hum-nutrition-vitamins-2,Vitamins & Supplements,HUM Nutrition,https://humnutrition.com,hum-nutrition,historical_unverified
humanscale-arms,Monitor Arms & Stands,Humanscale (Arms),https://www.humanscale.com/products/monitor-arms,humanscale-arms,historical_unverified
humanscale-chairs,Office Chairs,Humanscale (Chairs),https://www.humanscale.com/products/seating,humanscale-chairs,historical_unverified
hume-band,Smartwatches/Hybrid,Hume Band,https://www.humeband.com,hume-band,historical_unverified
hurom,Small Kitchen Appliances,Hurom,https://www.hurom.com,hurom,historical_unverified
husky-liners,Interior Accessories,Husky Liners,https://huskyliners.com,husky-liners,css_values_observed_roles_inferred
husqvarna,Lawn care equipment/mowers,Husqvarna,https://www.husqvarna.com,husqvarna,historical_unverified
hvacdirect,Cleanroom & HVAC Industrial,HVACDirect,https://www.hvacdirect.com,hvacdirect,historical_unverified
hydraulic-supply-co,Hydraulics & Pneumatics,Hydraulic Supply Co,https://www.hydraulic-supply.com,hydraulic-supply-co,historical_unverified
hydro-flask,Outdoor Accessories,Hydro Flask,https://www.hydroflask.com,hydro-flask,historical_unverified
hydrow,Fitness & Gym,Hydrow,https://hydrow.com,hydrow,historical_unverified
hyperdrive,Docking stations/hubs,HyperDrive,https://www.hypershop.com,hypershop,historical_unverified
hyperdub,Record Label with Shop,Hyperdub,https://www.hyperdub.net,hyperdub,historical_unverified
hyperlite-mountain-gear,Camping & Hiking Gear,Hyperlite Mountain Gear,https://www.hyperlitemountaingear.com,hyperlite-mountain-gear,historical_unverified
hypershop,Cell Phones & Accessories,HyperShop,https://www.hypershop.com,hypershop,historical_unverified
hyperx,Controllers,HyperX,https://www.hyperx.com,hyperx,historical_unverified
i-blason,Cell Phones & Accessories,i-Blason,https://www.i-blason.com,i-blason,historical_unverified
iam8bit,Indie Studio Merch,iam8bit,https://www.iam8bit.com,iam8bit,historical_unverified
ibanez,Electric Guitars,Ibanez,https://www.ibanez.com,ibanez,historical_unverified
ibuypower,Desktops/PCs/Builders,iBUYPOWER,https://www.ibuypower.com,ibuypower,historical_unverified
icarez,Cell Phones & Accessories,iCarez,https://www.icarez.com,icarez,historical_unverified
icon-vehicle-dynamics,Suspension/Lift Kits,ICON Vehicle Dynamics,https://iconvehicledynamics.com,icon-vehicle-dynamics,css_values_observed_roles_inferred
ideal-of-sweden,Cell Phones & Accessories,Ideal of Sweden,https://www.idealofsweden.com,ideal-of-sweden,historical_unverified
idesign,Organization,iDesign,https://idesignlive.com,idesign,historical_unverified
idt-integrated-dna-technologies,Chemistry & Biology Supplies,IDT (Integrated DNA Technologies),https://www.idtdna.com,idt-integrated-dna-technologies,historical_unverified
iello,Board Games,IELLO,https://iello.com,iello,historical_unverified
igloo-coolers,Outdoor Accessories,Igloo Coolers,https://www.igloocoolers.com,igloo-coolers,historical_unverified
il-makiage,Makeup,Il Makiage,https://www.ilmakiage.com,il-makiage,historical_unverified
ilia-beauty,Makeup,Ilia Beauty,https://iliabeauty.com,ilia-beauty,historical_unverified
illoura-the-label,Kids Clothing,Illoura the Label,https://illourathelabel.com,illoura-the-label,css_values_observed_roles_inferred
illumicrate,Book Subscription Box,Illumicrate,https://www.illumicrate.com,illumicrate,historical_unverified
ilve,Ranges/Cooktops/Ovens,Ilve,https://www.ilveusa.com,ilve,historical_unverified
ima-usa,Militaria & Historical,IMA-USA,https://www.ima-usa.com,ima-usa,css_values_observed_roles_inferred
importcds,Movies & TV,ImportCDs,https://www.importcds.com,importcds,historical_unverified
in-good-taste,Wine/Beer/Spirits DTC,In Good Taste,https://ingoodtaste.com,in-good-taste,css_values_observed_roles_inferred
incase,Laptop Bags,Incase,https://www.incase.com,incase,historical_unverified
indochino,Men's Apparel,Indochino,https://indochino.com,indochino,historical_unverified
industrial-safety,Industrial Safety & PPE,Industrial Safety,https://www.industrialsafety.com,industrial-safety,historical_unverified
industrial-safety-gear,Industrial Safety & PPE,Industrial Safety Gear,https://www.industrialsafetygear.com,industrial-safety-gear,historical_unverified
infantino,Baby/Infant,Infantino,https://infantino.com,infantino,historical_unverified
infinacore,Cell Phones & Accessories,InfinaCore,https://www.infinacore.com,infinacore,historical_unverified
infratech,Fire pits/outdoor heaters,Infratech,https://www.infratech-usa.com,infratech,historical_unverified
ink4less,Printer & Ink,Ink4Less,https://ink4less.com,ink4less,historical_unverified
inkjets-com,Printer & Ink,Inkjets.com,https://www.inkjets.com,inkjets-com,historical_unverified
inkwell-press,Planners,Inkwell Press,https://inkwellpress.com,inkwell-press,historical_unverified
innersloth-shop,Indie Studio Merch,Innersloth Shop,https://shop.innersloth.com,innersloth-shop,historical_unverified
inside-weather,Furniture,Inside Weather,https://insideweather.com,inside-weather,historical_unverified
inspired-leather,Leather Goods,Inspired Leather,https://inspiredleatherco.com,inspired-leather,css_values_observed_roles_inferred
insta360,Webcams,Insta360,https://www.insta360.com,insta360,historical_unverified
instant-pot,Small Kitchen Appliances,Instant Pot,https://www.instantpot.com,instant-pot,historical_unverified
instocktrades,Comic Book Store,InStockTrades,https://www.instocktrades.com,instocktrades,historical_unverified
intelligentsia,Coffee,Intelligentsia,https://intelligentsia.com,intelligentsia,css_values_observed_roles_inferred
intex,Outdoor,Intex,https://www.intexcorp.com,intex,historical_unverified
inventables,CNC / Laser Cutters / Fabrication,Inventables,https://www.inventables.com,inventables,historical_unverified
invidia,Exhaust Systems,Invidia,https://invidia-usa.com,invidia,css_values_observed_roles_inferred
iqair,Air Purifiers,IQAir,https://www.iqair.com,iqair,historical_unverified
irene-neuwirth,Fine jewelry - Diamond/Gemstone,Irene Neuwirth,https://www.ireneneuwirth.com,irene-neuwirth,historical_unverified
irobot,Robotic Cleaners,iRobot,https://www.irobot.com,irobot,historical_unverified
irocker,Watersports,iRocker,https://irockersup.com,irocker,historical_unverified
iron-heart,Denim,Iron Heart,https://ironheart.jp,iron-heart,css_values_observed_roles_inferred
iron-lion-collectibles,Trading Cards,Iron Lion Collectibles,https://ironlioncollectibles.com,iron-lion-collectibles,historical_unverified
isle-of-dogs,Grooming,Isle of Dogs,https://iodogs.com,isle-of-dogs,css_values_observed_roles_inferred
iwalk,Cell Phones & Accessories,iWalk,https://www.iwalkworld.com,iwalk,historical_unverified
ixxi,Print & Poster Shop,IXXI,https://www.ixxiyourworld.com,ixxi,historical_unverified
j-list,Movies & TV,J-List,https://www.jlist.com,j-list,historical_unverified
j-subculture,Import Shop,J-Subculture,https://www.j-subculture.com,j-subculture,historical_unverified
j-hannah,Handmade Jewelry,J. Hannah,https://jhannahjewelry.com,j-hannah,css_values_observed_roles_inferred
jackpot-records,Movies & TV,Jackpot Records,https://jackpotrecords.com,jackpot-records,historical_unverified
jackpot-records-independ-2,Independent Record Store - US,Jackpot Records,https://www.jackpotrecords.com,jackpot-records,historical_unverified
jackson-and-perkins,Planters/Pots,Jackson & Perkins,https://www.jacksonandperkins.com,jackson-and-perkins,historical_unverified
jackson-s,Snacks/Chips,Jackson's,https://jacksonschips.com,jackson-s,css_values_observed_roles_inferred
jacquie-aiche,Fine jewelry - Diamond/Gemstone,Jacquie Aiche,https://www.jacquieaiche.com,jacquie-aiche,historical_unverified
jade-yoga,Yoga,Jade Yoga,https://jadeyoga.com,jade-yoga,historical_unverified
jaipur-rose,Ethnic/cultural jewelry,Jaipur Rose,https://www.jaipurrose.com,jaipur-rose,historical_unverified
james-allen,Fine jewelry - Engagement rings,James Allen,https://www.jamesallen.com,james-allen,historical_unverified
james-martin-vanities,Bathroom Fixtures,James Martin Vanities,https://jamesmartinvanities.com,james-martin-vanities,css_values_observed_roles_inferred
jamie-kay,Baby Clothing,Jamie Kay,https://jamiekay.com,jamie-kay,historical_unverified
janji,Running,Janji,https://janji.com,janji,historical_unverified
janod,Wooden,Janod,https://www.janod.com,janod,historical_unverified
jayson-home,Decor,Jayson Home,https://www.jaysonhome.com,jayson-home,historical_unverified
jazz-messengers,Niche Genre Store,Jazz Messengers,https://www.jazzmessengers.com,jazz-messengers,historical_unverified
jellycat,Plush,Jellycat,https://www.jellycat.com,jellycat,historical_unverified
jennair,Ranges/Cooktops/Ovens,JennAir,https://www.jennair.com,jennair,historical_unverified
jenni-kayne,Women's Apparel,Jenni Kayne,https://jennikayne.com,jenni-kayne,historical_unverified
jennifer-zeuner,Fashion jewelry - Costume,Jennifer Zeuner,https://www.jenniferzeuner.com,jennifer-zeuner,historical_unverified
jenny-bird,Jewelry - Fashion,Jenny Bird,https://jenny-bird.com,jenny-bird,historical_unverified
jensen-outdoor,Patio dining,Jensen Outdoor,https://www.jensenoutdoor.com,jensen-outdoor,historical_unverified
jessica-mccormack,Fine jewelry - Engagement rings,Jessica McCormack,https://www.jessicamccormack.com,jessica-mccormack,historical_unverified
jet-set-records,Independent Record Store - Asia/Other,Jet Set Records,https://www.jetsetrecords.net,jet-set-records,historical_unverified
jetboil,Camping & Hiking Gear,Jetboil,https://jetboil.johnsonoutdoors.com,jetboil,historical_unverified
jetech,Cell Phones & Accessories,JETech,https://www.jetechins.com,jetech,historical_unverified
jhs-pedals,Guitar Pedals,JHS Pedals,https://www.jhspedals.info,jhs-pedals,css_values_observed_roles_inferred
jiggy-puzzles,Puzzles,Jiggy Puzzles,https://jiggypuzzles.com,jiggy-puzzles,historical_unverified
jinx,Dog Food/Treats,Jinx,https://www.thinkjinx.com/,jinx,css_values_observed_roles_inferred
jjgames,Retro Game Retailer,JJGames,https://www.jjgames.com,jjgames,historical_unverified
jl-audio,Car Electronics,JL Audio,https://jlaudio.com,jl-audio,css_values_observed_roles_inferred
jm-bullion,Coins & Currency,JM Bullion,https://www.jmbullion.com,jm-bullion,css_values_observed_roles_inferred
john-hardy,Men's jewelry,John Hardy,https://www.johnhardy.com,john-hardy,historical_unverified
johnny-s-selected-seeds,Seeds/plants nurseries,Johnny's Selected Seeds,https://www.johnnyseeds.com,johnny-s-selected-seeds,historical_unverified
joie,Car Seats,Joie,https://joiebaby.com,joie,css_values_observed_roles_inferred
jones-road,Makeup,Jones Road,https://jonesroadbeauty.com,jones-road,historical_unverified
jones-snowboards,Winter Sports,Jones Snowboards,https://www.jonessnowboards.com,jones-snowboards,historical_unverified
jono-pandolfi,Dinnerware,Jono Pandolfi,https://www.jonopandolfi.com,jono-pandolfi,historical_unverified
josh-s-frogs,Small Animal/Bird/Reptile,Josh's Frogs,https://joshsfrogs.com,josh-s-frogs,css_values_observed_roles_inferred
jovial,Pasta/Grains,Jovial,https://jovialfoods.com,jovial,css_values_observed_roles_inferred
joybird,Furniture,Joybird,https://joybird.com,joybird,historical_unverified
joylux,Women's Health,Joylux,https://joylux.com,joylux,historical_unverified
july,Hard-shell luggage,July,https://july.com,july,css_values_observed_roles_inferred
july-ac,HVAC/Portable AC/Heaters,July AC,https://july.ac,july-ac,historical_unverified
june-oven,Smart Home & Appliances,June Oven,https://juneoven.com,june-oven,historical_unverified
juniper-print-shop,Print & Poster Shop,Juniper Print Shop,https://juniperprintshop.com,juniper-print-shop,historical_unverified
juno-records,Independent Record Store - UK/EU,Juno Records,https://www.juno.co.uk,juno-records,historical_unverified
jupiter-music,Wind Instruments,Jupiter Music,https://www.jupitermusic.com,jupiter-music,historical_unverified
k18-hair,Haircare,K18 Hair,https://www.k18hair.com,k18-hair,historical_unverified
kaba-baby,Kids Clothing,Kaba Baby,https://kabababy.com,kaba-baby,css_values_observed_roles_inferred
kaged,Vitamins & Supplements,Kaged,https://kaged.com,kaged,historical_unverified
kala-brand,Ukuleles,Kala Brand,https://www.kalabrand.com,kala-brand,historical_unverified
kali-audio,Studio Monitors,Kali Audio,https://www.kaliaudio.com,kali-audio,historical_unverified
kalon-studios,Nursery Furniture,Kalon Studios,https://kalonstudios.com,kalon-studios,css_values_observed_roles_inferred
kamado-joe,Grills/BBQ,Kamado Joe,https://www.kamadojoe.com,kamado-joe,historical_unverified
kamaka-hawaii,Ukuleles,Kamaka Hawaii,https://www.kamakahawaii.com,kamaka-hawaii,historical_unverified
kamikoto,Kitchen Tools,Kamikoto,https://kamikoto.com,kamikoto,historical_unverified
kammok,Camping & Hiking Gear,Kammok,https://kammok.com,kammok,historical_unverified
kandao,Cameras,Kandao,https://kandaovr.com,kandao,css_values_observed_roles_inferred
kanile-a-ukulele,Ukuleles,Kanile'a Ukulele,https://www.kanileaukulele.com,kanile-a-ukulele,css_values_observed_roles_inferred
kanilea-pen-co,Pens & Writing,Kanilea Pen Co.,https://kanileapenco.com,kanilea-pen-co,historical_unverified
kano,STEM,Kano,https://kano.me,kano,historical_unverified
kansas-city-steaks,Specialty Meat/Seafood,Kansas City Steaks,https://kansascitysteaks.com,kansas-city-steaks,css_values_observed_roles_inferred
kante,Planters/Pots,Kante,https://kanteplanters.com,kante,historical_unverified
karas-pen-co,Pens & Writing,Karas Pen Co.,https://karaskustoms.com,karas-pen-co,historical_unverified
kate-quinn,Baby Clothing,Kate Quinn,https://katequinn.com,kate-quinn,css_values_observed_roles_inferred
katkin,Cat Food,KatKin,https://katkin.com,katkin,css_values_observed_roles_inferred
katziela,Pet Beds & Carriers,Katziela,https://katziela.com,katziela,css_values_observed_roles_inferred
katzkin,Interior Accessories,Katzkin,https://katzkin.com,katzkin,css_values_observed_roles_inferred
kauer-guitars,Electric Guitars,Kauer Guitars,https://www.kauerguitars.com,kauer-guitars,historical_unverified
kavee,Small Animal/Bird/Reptile,Kavee,https://kavee.com,kavee,css_values_observed_roles_inferred
kawai-pianos,Digital Pianos,Kawai Pianos,https://www.kawai-global.com,kawai-pianos,css_values_observed_roles_inferred
kaytee,Small Animal/Bird/Reptile,Kaytee,https://kaytee.com,kaytee,css_values_observed_roles_inferred
kbdfans,Keyboards,KBDfans,https://kbdfans.com,kbdfans,historical_unverified
keeps,Men's Health,Keeps,https://keeps.com,keeps,historical_unverified
kemper,Amps/Cabinets,Kemper,https://www.kemper-amps.com,kemper,css_values_observed_roles_inferred
kendra-scott,Fashion jewelry - Costume,Kendra Scott,https://www.kendrascott.com,kendra-scott,historical_unverified
kenmore-stamp-company,Stamp Shop,Kenmore Stamp Company,https://www.kenmorestamp.com,kenmore-stamp-company,historical_unverified
kenwood,Car Electronics,Kenwood,https://kenwood.com,kenwood,css_values_observed_roles_inferred
kerf,Cell Phones & Accessories,Kerf,https://www.kerfcase.com,kerf,historical_unverified
kettle-and-fire,Sauces/Condiments,Kettle and Fire,https://kettleandfire.com,kettle-and-fire,css_values_observed_roles_inferred
keychron,Keyboards,Keychron,https://www.keychron.com,keychron,historical_unverified
keymaster-games,Board Games,Keymaster Games,https://keymastergames.com,keymaster-games,historical_unverified
keysight-technologies,Measurement & Test Instruments,Keysight Technologies,https://www.keysight.com,keysight-technologies,historical_unverified
keyway,Cell Phones & Accessories,Keyway,https://www.keywaydesigns.com,keyway,historical_unverified
khaite,Women's Apparel,Khaite,https://khaite.com,khaite,historical_unverified
kichler,Outdoor lighting,Kichler,https://www.kichler.com,kichler,historical_unverified
kickee-pants,Baby Clothing,Kickee Pants,https://kickeepants.com,kickee-pants,css_values_observed_roles_inferred
kicker,Car Electronics,Kicker,https://kicker.com,kicker,css_values_observed_roles_inferred
kid-made-modern,Arts & Crafts,Kid Made Modern,https://kidmademodern.com,kid-made-modern,historical_unverified
kindra,Women's Health,Kindra,https://ourkindra.com,kindra,historical_unverified
kinesis,Keyboards,Kinesis,https://kinesis-ergo.com,kinesis,historical_unverified
king-and-mcgaw,Print & Poster Shop,King & McGaw,https://www.kingandmcgaw.com,king-and-mcgaw,historical_unverified
king-arthur-baking,Baked Goods/Bread Mixes,King Arthur Baking,https://kingarthurbaking.com,king-arthur-baking,css_values_observed_roles_inferred
king-shocks,Suspension/Lift Kits,King Shocks,https://kingshocks.com,king-shocks,css_values_observed_roles_inferred
kingsley-bate,Patio dining,Kingsley Bate,https://www.kingsleybate.com,kingsley-bate,historical_unverified
kingston,Storage/SSDs,Kingston,https://www.kingston.com,kingston,historical_unverified
kinn-studio,Fine jewelry - Gold/Silver everyday,Kinn Studio,https://www.kinnstudio.com,kinn-studio,historical_unverified
kinn-studio-jewelry--2,Jewelry - Fine,Kinn Studio,https://kinnstudio.com,kinn-studio,historical_unverified
kino-lorber,Movies & TV,Kino Lorber,https://kinolorber.com,kino-lorber,historical_unverified
kinokuniya-usa,Independent Bookstore,Kinokuniya USA,https://www.kinokuniya.com,kinokuniya-usa,historical_unverified
kinokuniya-usa-movies-a-2,Movies & TV,Kinokuniya USA,https://usa.kinokuniya.com,kinokuniya-usa-movies-a-2,historical_unverified
kipling,Soft luggage,Kipling,https://kipling.com,kipling,css_values_observed_roles_inferred
kit-and-kin,Baby Care,Kit & Kin,https://kitandkin.com,kit-and-kin,historical_unverified
kitchen-arts-and-letters,Specialty Bookstore,Kitchen Arts & Letters,https://www.kitchenartsandletters.com,kitchen-arts-and-letters,historical_unverified
kitchenaid,Small Kitchen Appliances,KitchenAid,https://www.kitchenaid.com,kitchenaid,historical_unverified
kith,Streetwear,Kith,https://kith.com,kith,historical_unverified
kiwi-design,VR Hardware,KIWI design,https://www.kiwidesign.com,kiwi-design,historical_unverified
kiwico,Educational,KiwiCo,https://www.kiwico.com,kiwico,historical_unverified
kiwico-educatio-2,Educational Science & STEM,KiwiCo,https://www.kiwico.com,kiwico,historical_unverified
klein-tools,Hand Tools,Klein Tools,https://kleintools.com,klein-tools,css_values_observed_roles_inferred
klim,Motorcycle Parts,Klim,https://klim.com,klim,css_values_observed_roles_inferred
klutz,Arts & Crafts,Klutz,https://www.scholastic.com/klutz,klutz,historical_unverified
knack-bags,Backpacks _ daily/laptop,Knack Bags,https://knackbags.com/,knack-bags,css_values_observed_roles_inferred
knaggs-guitars,Electric Guitars,Knaggs Guitars,https://www.knaggsguitars.com,knaggs-guitars,historical_unverified
knix,Feminine Care,Knix,https://knix.com,knix,historical_unverified
kobo-audiobooks,Audiobook DTC,Kobo Audiobooks,https://www.kobo.com,kobo-audiobooks,historical_unverified
koch-chemie,Car Care/Wax/Cleaning,Koch-Chemie,https://koch-chemie.com,koch-chemie,css_values_observed_roles_inferred
koio,Shoes - Sneakers,Koio,https://koio.co,koio,historical_unverified
kollokium,Watches - Independent micro-brand,Kollokium,https://www.kollokium.com,kollokium,historical_unverified
kong,Toys,Kong,https://kongcompany.com,kong,css_values_observed_roles_inferred
kosas,Makeup,Kosas,https://kosas.com,kosas,historical_unverified
kosterina,Specialty Oils/Vinegars,Kosterina,https://kosterina.com,kosterina,css_values_observed_roles_inferred
kotn,Sustainable/Eco,Kotn,https://kotn.com,kotn,css_values_observed_roles_inferred
kotobukiya,Action Figures,Kotobukiya,https://www.kotous.com,kotobukiya,historical_unverified
kotobukiya-collecti-2,Collectibles,Kotobukiya,https://www.kotobukiya.co.jp,kotobukiya-collecti-2,historical_unverified
kravebeauty,Skincare,KraveBeauty,https://kravebeauty.com,kravebeauty,historical_unverified
kreafunk,Cell Phones & Accessories,Kreafunk,https://www.kreafunk.com,kreafunk,historical_unverified
kreg-tool,Woodworking Tools,Kreg Tool,https://kregtool.com,kreg-tool,css_values_observed_roles_inferred
krk-systems,Studio Monitors,KRK Systems,https://www.krkmusic.com,krk-systems,historical_unverified
kronaby,Smartwatches/Hybrid,Kronaby,https://www.kronaby.com,kronaby,historical_unverified
krups,Small Kitchen Appliances,Krups,https://www.krupsusa.com,krups,historical_unverified
ktc,Monitors,KTC,https://www.ktcplay.com,ktc,historical_unverified
kudos,Baby Care,Kudos,https://kudoscare.com,kudos,historical_unverified
kuiu,Hunting & Fishing,Kuiu,https://www.kuiu.com,kuiu,historical_unverified
kumi-contemporary,Online-only Gallery,Kumi Contemporary,https://www.kumicontemporary.com,kumi-contemporary,historical_unverified
kwikset,Hardware,Kwikset,https://kwikset.com,kwikset,css_values_observed_roles_inferred
kylie-cosmetics,Makeup,Kylie Cosmetics,https://kyliecosmetics.com,kylie-cosmetics,historical_unverified
kyte-baby,Baby Clothing,Kyte Baby,https://kytebaby.com,kyte-baby,historical_unverified
l-ovedbaby,Baby Clothing,L'ovedbaby,https://lovedbaby.com,l-ovedbaby,css_values_observed_roles_inferred
la-colombe,Coffee,La Colombe,https://lacolombe.com,la-colombe,css_values_observed_roles_inferred
la-cornue,Ranges/Cooktops/Ovens,La Cornue,https://www.lacornue.com,la-cornue,historical_unverified
la-marzocco-home,Espresso Machines,La Marzocco Home,https://lamarzoccohome.com,la-marzocco-home,historical_unverified
la-sportiva,Climbing,La Sportiva,https://www.lasportiva.com,la-sportiva,historical_unverified
lafeber-company,Small Animal/Bird/Reptile,Lafeber Company,https://lafeber.com,lafeber-company,css_values_observed_roles_inferred
laguna-tools,CNC / Laser Cutters / Fabrication,Laguna Tools,https://www.lagunatools.com,laguna-tools,historical_unverified
lakeland-industries,Industrial Safety & PPE,Lakeland Industries,https://www.lakeland.com,lakeland-industries,historical_unverified
lakeshore-learning,Educational,Lakeshore Learning,https://www.lakeshorelearning.com,lakeshore-learning,historical_unverified
lakesidetrader,Militaria & Historical,Lakesidetrader,https://www.lakesidetrader.com,lakesidetrader,historical_unverified
lakland,Bass Guitars,Lakland,https://www.lakland.com,lakland,css_values_observed_roles_inferred
lalo,Furniture,Lalo,https://meetlalo.com,lalo,historical_unverified
lamaze,Baby/Infant,Lamaze,https://www.lamazetoys.com,lamaze,historical_unverified
lamy,Pens & Writing,Lamy,https://www.lamy.com,lamy,historical_unverified
lamzu,Mice,Lamzu,https://lamzu.com,lamzu,historical_unverified
lander,Outdoor Accessories,Lander,https://www.lander.com,lander,historical_unverified
lanikai,Ukuleles,Lanikai,https://www.lanikaiukuleles.com,lanikai,historical_unverified
lark-and-berry,Demi-fine jewelry,Lark & Berry,https://www.larkandberry.com,lark-and-berry,css_values_observed_roles_inferred
larq,Water Filtration/Dispensers,Larq,https://www.livelarq.com,larq,historical_unverified
lasko,HVAC/Portable AC/Heaters,Lasko,https://www.lasko.com,lasko,historical_unverified
laundry-sauce,Laundry Products,Laundry Sauce,https://laundrysauce.com,laundry-sauce,historical_unverified
laura-davidson,Office Chairs,Laura Davidson,https://www.lauradavidson.com,laura-davidson,historical_unverified
laylo,Dog Beds/Furniture,Laylo,https://www.laylopets.com/,laylo,css_values_observed_roles_inferred
lci-paper,Specialty Paper & Cards,LCI Paper,https://www.lcipaper.com,lci-paper,historical_unverified
ld-products,Printer & Ink,LD Products,https://www.ldproducts.com,ld-products,historical_unverified
le-chat-qui-fume,Movies & TV,Le Chat qui Fume,https://www.lechatquifume.com,le-chat-qui-fume,historical_unverified
le-gramme,Men's jewelry,Le Gramme,https://www.legramme.com,le-gramme,historical_unverified
le-toy-van,Wooden,Le Toy Van,https://letoyvan.com,le-toy-van,historical_unverified
leaf-trading-cards,Sports Memorabilia & Cards,Leaf Trading Cards,https://www.leaftradingcards.com,leaf-trading-cards,historical_unverified
learning-resources,Educational,Learning Resources,https://www.learningresources.com,learning-resources,historical_unverified
leatherology,Passport holders/RFID,Leatherology,https://leatherology.com,leatherology,css_values_observed_roles_inferred
leder-games,Board Games,Leder Games,https://ledergames.com,leder-games,historical_unverified
leen-heyne,Fine jewelry - Engagement rings,Leen Heyne,https://www.leenheyne.com,leen-heyne,historical_unverified
leesa,Bedding,Leesa,https://www.leesa.com,leesa,historical_unverified
left-bank-books,Independent Bookstore,Left Bank Books,https://www.leftbankbooks.com,left-bank-books,css_values_observed_roles_inferred
legion-paper,Specialty Paper & Cards,Legion Paper,https://www.legionpaper.com,legion-paper,historical_unverified
lehmann-maupin,Contemporary Art Gallery,Lehmann Maupin,https://www.lehmannmaupin.com,lehmann-maupin,historical_unverified
lelit,Espresso Machines,Lelit,https://lelit.com,lelit,historical_unverified
lemi-shine,Cleaning Supplies,Lemi Shine,https://lemishine.com,lemi-shine,historical_unverified
lemme,Vitamins & Supplements,Lemme,https://lemmelive.com,lemme,historical_unverified
lenovo,Laptops,Lenovo,https://www.lenovo.com,lenovo,historical_unverified
lention,Cell Phones & Accessories,Lention,https://www.lention.com,lention,historical_unverified
leon-and-george,Seeds/plants nurseries,Leon & George,https://www.leon-and-george.com,leon-and-george,historical_unverified
leopold,Keyboards,Leopold,https://global.leopold.co.kr,leopold,historical_unverified
lesser-evil,Snacks/Chips,Lesser Evil,https://lesserevil.com,lesser-evil,css_values_observed_roles_inferred
leuchtturm1917,Notebooks & Journals,Leuchtturm1917,https://www.leuchtturm1917.com,leuchtturm1917,historical_unverified
level-lock,Smart Home,Level Lock,https://level.co,level-lock,css_values_observed_roles_inferred
level-up-video-games,Retro Game Retailer,Level Up Video Games,https://levelupvideogames.com,level-up-video-games,historical_unverified
levoit,Air Purifiers,Levoit,https://levoit.com,levoit,historical_unverified
lexar,Storage/SSDs,Lexar,https://www.lexar.com,lexar,historical_unverified
lg,Refrigerators,LG,https://www.lg.com,lg,historical_unverified
lian-li,Cooling/PC Parts,Lian Li,https://lian-li.com,lian-li,historical_unverified
liberty-drums,Drums,Liberty Drums,https://www.libertydrums.com,liberty-drums,css_values_observed_roles_inferred
liberty-puzzles,Puzzles,Liberty Puzzles,https://www.libertypuzzles.com,liberty-puzzles,historical_unverified
libro-fm,Audiobook DTC,Libro.fm,https://libro.fm,libro-fm,historical_unverified
lick,Paint & Finishes,Lick,https://lick.com,lick,css_values_observed_roles_inferred
lie-nielsen,Hand Tools,Lie-Nielsen,https://lie-nielsen.com,lie-nielsen,css_values_observed_roles_inferred
liforme,Yoga,Liforme,https://liforme.com,liforme,historical_unverified
light-in-the-attic,Record Label with Shop,Light in the Attic,https://www.lightintheattic.net,light-in-the-attic,css_values_observed_roles_inferred
lighthouse-records,Independent Record Store - Asia/Other,Lighthouse Records,https://www.lighthouserecords.jp,lighthouse-records,historical_unverified
lila-and-hayes,Kids Clothing,Lila & Hayes,https://lilaandhayes.com,lila-and-hayes,css_values_observed_roles_inferred
lillebaby,Carriers,Lillebaby,https://lillebaby.com,lillebaby,css_values_observed_roles_inferred
line-6,Guitar Pedals,Line 6,https://www.line6.com,line-6,css_values_observed_roles_inferred
linjer,Fine jewelry - Gold/Silver everyday,Linjer,https://www.linjer.co,linjer,historical_unverified
linksys,Networking,Linksys,https://www.linksys.com,linksys,historical_unverified
liqui-moly,Motor Oils & Fluids,Liqui Moly,https://liqui-moly.com,liqui-moly,css_values_observed_roles_inferred
liquid-death,Beverages _ Sparkling/Functional,Liquid Death,https://liquiddeath.com,liquid-death,css_values_observed_roles_inferred
lisson-gallery,Contemporary Art Gallery,Lisson Gallery,https://www.lissongallery.com,lisson-gallery,css_values_observed_roles_inferred
lista,Workbench & Tool Storage,Lista,https://www.lista.com,lista,historical_unverified
litjoy-crate,Book Subscription Box,LitJoy Crate,https://litjoycrate.com,litjoy-crate,historical_unverified
little-beast,Pet Apparel,Little Beast,https://littlebeast.co,little-beast,css_values_observed_roles_inferred
little-city-books,Independent Bookstore,Little City Books,https://www.littlecitybooks.com,little-city-books,historical_unverified
little-kideauxs,Kids Clothing,Little Kideauxs,https://littlekideauxs.com,little-kideauxs,css_values_observed_roles_inferred
little-passports,Educational,Little Passports,https://www.littlepassports.com,little-passports,historical_unverified
little-sleepies,Baby Clothing,Little Sleepies,https://littlesleepies.com,little-sleepies,historical_unverified
little-snail,Baby Toys,Little Snail,https://littlesnail.com.au,little-snail,css_values_observed_roles_inferred
little-spoon,Feeding,Little Spoon,https://littlespoon.com,little-spoon,css_values_observed_roles_inferred
little-tikes,Outdoor,Little Tikes,https://www.littletikes.com,little-tikes,historical_unverified
little-toy-tribe,Baby Toys,Little Toy Tribe,https://littletoytribe.com.au,little-toy-tribe,css_values_observed_roles_inferred
littleton-coin-company,Coins & Currency,Littleton Coin Company,https://www.littletoncoin.com,littleton-coin-company,historical_unverified
lizzie-fortunato,Fashion jewelry - Costume,Lizzie Fortunato,https://www.lizziefortunato.com,lizzie-fortunato,historical_unverified
lloyd-mats,Interior Accessories,Lloyd Mats,https://lloydmats.com,lloyd-mats,css_values_observed_roles_inferred
lo-and-sons,Backpacks _ daily/laptop,Lo & Sons,https://loandsons.com,lo-and-sons,css_values_observed_roles_inferred
lofree,Keyboards,Lofree,https://www.lofree.co,lofree,historical_unverified
logitech-g,Mice,Logitech G,https://www.logitechg.com,logitech-g,historical_unverified
logitech-g-controll-2,Controllers,Logitech G,https://www.logitechg.com,logitech-g,historical_unverified
lola,Feminine Care,Lola,https://mylola.com,lola,historical_unverified
lola-the-boys,Kids Clothing,Lola + The Boys,https://lolaandtheboys.com/,lola-the-boys,css_values_observed_roles_inferred
loll-designs,Outdoor furniture,Loll Designs,https://lolldesigns.com,loll-designs,historical_unverified
london-pen-co,Pens & Writing,London Pen Co.,https://www.londonpenco.com,london-pen-co,historical_unverified
longines,Watches - Luxury Swiss,Longines,https://www.longines.com,longines,historical_unverified
looney-labs,Card Games,Looney Labs,https://www.looneylabs.com,looney-labs,historical_unverified
lorena-canals,Nursery Decor,Lorena Canals,https://lorenacanals.com,lorena-canals,css_values_observed_roles_inferred
lost-city-nyc,Antique Dealer,Lost City NYC,https://lostcitynyc.com,lost-city-nyc,historical_unverified
lou-lou-lollipop,Baby Clothing,Lou Lou Lollipop,https://louloulollipop.com,lou-lou-lollipop,css_values_observed_roles_inferred
louise-goods,Leather Goods,Louise Goods,https://louisegoods.com,louise-goods,css_values_observed_roles_inferred
love-wellness,Women's Health,Love Wellness,https://lovewellness.com,love-wellness,historical_unverified
lovebug,Dog Food/Treats,Lovebug,https://lovebugpetfood.com,lovebug,css_values_observed_roles_inferred
lovevery,Educational,Lovevery,https://lovevery.com,lovevery,historical_unverified
lovevery-baby-toy-2,Baby Toys,Lovevery,https://lovevery.com,lovevery,historical_unverified
lowepro,Camera bags,Lowepro,https://lowepro.com,lowepro,css_values_observed_roles_inferred
lukie-games,Retro Game Retailer,Lukie Games,https://www.lukiegames.com,lukie-games,historical_unverified
luli-and-me,Kids Clothing,Luli & Me,https://lulime.com,luli-and-me,css_values_observed_roles_inferred
lulu,Printing services (DTC),Lulu,https://www.lulu.com,lulu,historical_unverified
lulu-and-georgia,Bathroom Fixtures,Lulu and Georgia,https://luluandgeorgia.com,lulu-and-georgia,css_values_observed_roles_inferred
lululemon,Athleisure,Lululemon,https://lululemon.com,lululemon,historical_unverified
lululook,Cell Phones & Accessories,Lululook,https://www.lululook.com,lululook,historical_unverified
lumas,Online-only Gallery,Lumas,https://www.lumas.com,lumas,historical_unverified
lume-deodorant,Body Care,Lume Deodorant,https://lumedeodorant.com,lume-deodorant,historical_unverified
lumi,Packaging & Shipping Supplies,Lumi,https://www.lumi.com,lumi,historical_unverified
lumina,Webcams,Lumina,https://lumina.co,lumina,historical_unverified
lunchmeat-vhs,Movies & TV,Lunchmeat VHS,https://lunchmeatvhs.com,lunchmeat-vhs,historical_unverified
lutron,Outdoor lighting,Lutron,https://www.lutron.com,lutron,historical_unverified
luv-aj,Jewelry - Fashion,Luv Aj,https://luvaj.com,luv-aj,historical_unverified
luxtude,Cell Phones & Accessories,Luxtude,https://www.luxtude.com,luxtude,historical_unverified
lynskey,Cycling,Lynskey,https://lynskeyperformance.com,lynskey,historical_unverified
lyre-s,Beverages _ Non-Alc,Lyre's,https://lyres.com,lyre-s,css_values_observed_roles_inferred
m-gemi,Shoes - Dress/Boots,M.Gemi,https://mgemi.com,m-gemi,historical_unverified
ma-recordings,Audiophile/Hi-Res Label,MA Recordings,https://www.marecordings.com,ma-recordings,historical_unverified
mack-weldon,Men's Apparel,Mack Weldon,https://mackweldon.com,mack-weldon,historical_unverified
mad-science-pen-co,Pens & Writing,Mad Science Pen Co.,https://madsciencepenco.com,mad-science-pen-co,historical_unverified
made-in,Cookware,Made In,https://madeincookware.com,made-in,historical_partial_css_evidence
made-of,Baby Care,Made Of,https://madeof.com,made-of,historical_unverified
madewell,Women's Apparel,Madewell,https://madewell.com,madewell,historical_unverified
madman-entertainment,Movies & TV,Madman Entertainment,https://www.madman.com.au,madman-entertainment,historical_unverified
maev,Dog Food/Treats,Maev,https://meetmaev.com,maev,css_values_observed_roles_inferred
magazine-heaven,Independent Bookstore,Magazine Heaven,https://www.magazineheaven.com,magazine-heaven,historical_unverified
magic-sleek,Haircare,Magic Sleek,https://www.magicsleek.com,magic-sleek,historical_unverified
magic-spoon,Snacks/Chips,Magic Spoon,https://magicspoon.com,magic-spoon,css_values_observed_roles_inferred
magid-glove-and-safety,Industrial Safety & PPE,Magid Glove & Safety,https://www.magidglove.com,magid-glove-and-safety,historical_unverified
magimix,Small Kitchen Appliances,Magimix,https://www.magimix.us,magimix,historical_unverified
magna-tiles,Educational,Magna-Tiles,https://www.magnatiles.com,magna-tiles,historical_unverified
magnetic-me,Baby Clothing,Magnetic Me,https://magneticme.com,magnetic-me,css_values_observed_roles_inferred
magnolia,Decor,Magnolia,https://magnolia.com,magnolia,historical_unverified
magnolia-pictures,Movies & TV,Magnolia Pictures,https://www.magpictures.com,magnolia-pictures,css_values_observed_roles_inferred
magnum-photos-shop,Photography Print Shop,Magnum Photos Shop,https://shop.magnumphotos.com,magnum-photos-shop,historical_unverified
maiden-home,Furniture,Maiden Home,https://maidenhome.com,maiden-home,historical_unverified
maiden-home-outdoor--2,Outdoor furniture,Maiden Home,https://maidenhome.com,maiden-home,historical_unverified
maingear,Desktops/PCs/Builders,Maingear,https://www.maingearpc.com,maingear,historical_unverified
mainio,Kids Clothing,Mainio,https://www.mainioclothing.fi/en/,mainio,css_values_observed_roles_inferred
maison-gerard,Antique Dealer,Maison Gerard,https://www.maisongerard.com,maison-gerard,historical_unverified
maison-louis-marie,Fragrance,Maison Louis Marie,https://maisonlouismarie.com,maison-louis-marie,historical_unverified
major-fitness,Fitness & Gym,Major Fitness,https://www.major-fitness.com,major-fitness,historical_unverified
makeblock,STEM,Makeblock,https://www.makeblock.com,makeblock,historical_unverified
maker-wine,Wine/Beer/Spirits DTC,Maker Wine,https://makerwine.com,maker-wine,css_values_observed_roles_inferred
makerbot,3D Printers & Additive Manufacturing,MakerBot,https://www.makerbot.com,makerbot,historical_unverified
makeup-by-mario,Makeup,Makeup by Mario,https://www.makeupbymario.com,makeup-by-mario,historical_unverified
makita,Power Tools,Makita,https://makitatools.com,makita,css_values_observed_roles_inferred
malco,Hand Tools,Malco,https://malcoproducts.com,malco,css_values_observed_roles_inferred
mamagreen,Patio dining,Mamagreen,https://www.mamagreen.com,mamagreen,historical_unverified
mammut,Backpacks _ travel/outdoor,Mammut,https://mammut.com,mammut,css_values_observed_roles_inferred
mandarake,Movies & TV,Mandarake,https://order.mandarake.co.jp/order/,mandarake,historical_unverified
manduka,Yoga,Manduka,https://www.manduka.com,manduka,historical_unverified
manfrotto,Camera bags,Manfrotto,https://manfrotto.com,manfrotto,css_values_observed_roles_inferred
manhattan-toy,Baby Toys,Manhattan Toy,https://manhattantoy.com,manhattan-toy,css_values_observed_roles_inferred
manscaped,Men's Health,Manscaped,https://manscaped.com,manscaped,historical_unverified
mansur-gavriel,Women's Apparel,Mansur Gavriel,https://mansurgavriel.com,mansur-gavriel,historical_unverified
manta-sleep,Travel pillows/eye masks,Manta Sleep,https://mantasleep.com,manta-sleep,css_values_observed_roles_inferred
manual,Men's Health,Manual,https://manual.co,manual,historical_unverified
maple-systems,Industrial Automation & PLC,Maple Systems,https://www.maplesystems.com,maple-systems,historical_unverified
mara-beauty,Skincare,MARA Beauty,https://themarabeauty.com,mara-beauty,historical_unverified
marble-and-grace,Handmade Soap & Candles,Marble and Grace,https://marbleandgracestudios.com,marble-and-grace,css_values_observed_roles_inferred
margaux,Shoes - Dress/Boots,Margaux,https://margauxny.com,margaux,historical_unverified
marian-goodman-gallery,Contemporary Art Gallery,Marian Goodman Gallery,https://www.mariangoodman.com,marian-goodman-gallery,historical_unverified
marine-layer,Outdoor Apparel,Marine Layer,https://www.marinelayer.com,marine-layer,historical_unverified
marky-sparky,STEM,Marky Sparky,https://markysparkytoys.com,marky-sparky,historical_unverified
marlondo-leather,Duffel bags,Marlondo Leather,https://marlondoleather.com,marlondo-leather,css_values_observed_roles_inferred
marrow-fine,Fine jewelry - Diamond/Gemstone,Marrow Fine,https://www.marrowfine.com,marrow-fine,historical_unverified
marshall-headphon-2,Headphones,Marshall,https://marshallheadphones.com,marshall-headphon-2,css_values_observed_roles_inferred
martian-toys,Action Figure & Collectibles,Martian Toys,https://martiantoys.com,martian-toys,historical_unverified
martin-guitar,Acoustic Guitars,Martin Guitar,https://www.martinguitar.com,martin-guitar,css_values_observed_roles_inferred
marucci-sports,Team Sports,Marucci Sports,https://maruccisports.com,marucci-sports,historical_unverified
mason-kay,Pearls/Jade specialty,Mason-Kay,https://www.masonkay.com,mason-kay,historical_unverified
massimo-de-carlo,Contemporary Art Gallery,Massimo De Carlo,https://www.massimodecarlo.com,massimo-de-carlo,historical_unverified
master-and-dynamic,Headphones,Master & Dynamic,https://masterdynamic.com,master-and-dynamic,css_values_observed_roles_inferred
master-spas,Pools/hot tubs/swim spas,Master Spas,https://www.masterspas.com,master-spas,historical_unverified
matador,Outdoor Accessories,Matador,https://matadorup.com,matador,historical_unverified
matador-records,Record Label with Shop,Matador Records,https://www.matadorrecords.com,matador-records,historical_unverified
material-kitchen,Cookware,Material Kitchen,https://materialkitchen.com,material-kitchen,historical_unverified
matrix-lab,Keyboards,Matrix Lab,https://matrixlab.store,matrix-lab,historical_unverified
maverick-desk,Desks,Maverick Desk,https://www.maverickdesk.com,maverick-desk,historical_unverified
maxbone,Pet Apparel,Maxbone,https://maxbone.com,maxbone,css_values_observed_roles_inferred
maytag,Washers/Dryers,Maytag,https://www.maytag.com,maytag,historical_unverified
maelys,Skincare,Maëlys,https://www.maelyscosmetics.com,maelys,historical_unverified
mcfarlane-toys,Action Figures,McFarlane Toys,https://mcfarlane.com,mcfarlane-toys,historical_unverified
mcgee-and-co,Outdoor furniture,McGee & Co,https://www.mcgeeandco.com,mcgee-and-co,historical_unverified
mcmaster-carr,MRO Supplies,McMaster-Carr,https://www.mcmaster.com,mcmaster-carr,historical_unverified
mcnally-jackson,Independent Bookstore,McNally Jackson,https://www.mcnallyjackson.com,mcnally-jackson,historical_unverified
mcr-safety,Industrial Safety & PPE,MCR Safety,https://www.mcrsafety.com,mcr-safety,historical_unverified
mcsweeney-s,Small Press Publisher,McSweeney's,https://www.mcsweeneys.net,mcsweeney-s,historical_unverified
mdesign,Organization,mDesign,https://mdesignhomedecor.com,mdesign,historical_unverified
meater,Smart Home & Appliances,Meater,https://www.meater.com,meater,historical_unverified
medela,Feeding,Medela,https://medela.us,medela,css_values_observed_roles_inferred
medik8,Skincare,Medik8,https://www.medik8.com,medik8,historical_unverified
mee-go,Feeding,Mee-go,https://mee-go.co.uk,mee-go,historical_unverified
megababe,Body Care,Megababe,https://megababebeauty.com,megababe,historical_unverified
megger,Measurement & Test Instruments,Megger,https://www.megger.com,megger,historical_unverified
meghan-bo-designs,Fine jewelry - Gold/Silver everyday,Meghan Bo Designs,https://www.meghanbo.com,meghan-bo-designs,historical_unverified
meiji-techno,Microscopy & Optics,Meiji Techno,https://www.meijitechno.com,meiji-techno,historical_unverified
mejuri,Jewelry - Fine,Mejuri,https://mejuri.com,mejuri,historical_unverified
mel-science,Educational Science & STEM,Mel Science,https://www.melscience.com,mel-science,historical_unverified
meletrix,Keyboards,Meletrix,https://meletrix.com,meletrix,historical_unverified
melgeek,Keyboards,MelGeek,https://www.melgeek.com,melgeek,historical_unverified
melissa-joy-manning,Handmade Jewelry,Melissa Joy Manning,https://melissajoymanning.com,melissa-joy-manning,css_values_observed_roles_inferred
melville-house,Small Press Publisher,Melville House,https://www.mhpbooks.com,melville-house,historical_unverified
meri-meri,Nursery Decor,Meri Meri,https://merimeri.com,meri-meri,historical_unverified
merit,Makeup,Merit,https://www.meritbeauty.com,merit,historical_unverified
mermade-hair,Haircare,Mermade Hair,https://www.mermadehair.com,mermade-hair,historical_unverified
meross,Smart Home,Meross,https://meross.com,meross,css_values_observed_roles_inferred
mesa-boogie,Amps/Cabinets,Mesa Boogie,https://www.mesaboogie.com,mesa-boogie,css_values_observed_roles_inferred
messermeister,Kitchen Tools,Messermeister,https://www.messermeister.com,messermeister,historical_unverified
meta-quest,VR Hardware,Meta Quest,https://www.meta.com/quest,meta-quest,historical_unverified
metabo,Power Tools,Metabo,https://metabo.com,metabo,css_values_observed_roles_inferred
method,Cleaning Supplies,Method,https://methodhome.com,method,historical_unverified
method-race-wheels,Wheels & Tires,Method Race Wheels,https://methodracewheels.com,method-race-wheels,css_values_observed_roles_inferred
methodical-coffee,Coffee,Methodical Coffee,https://methodicalcoffee.com,methodical-coffee,css_values_observed_roles_inferred
metolius,Climbing,Metolius,https://www.metoliusclimbing.com,metolius,historical_unverified
mezco-toyz,Action Figures,Mezco Toyz,https://www.mezcotoyz.com,mezco-toyz,historical_unverified
mezco-toyz-action-f-2,Action Figure & Collectibles,Mezco Toyz,https://www.mezcotoyz.com,mezco-toyz,historical_unverified
meze-audio,Headphones,Meze Audio,https://mezeaudio.com,meze-audio,css_values_observed_roles_inferred
miansai,Men's jewelry,Miansai,https://www.miansai.com,miansai,historical_unverified
micro-kickboard,Baby Toys,Micro Kickboard,https://microkickboard.com,micro-kickboard,css_values_observed_roles_inferred
microcosm-publishing,Zine/Art Book Publisher,Microcosm Publishing,https://microcosmpublishing.com,microcosm-publishing,historical_unverified
microjig,Woodworking Tools,Microjig,https://microjig.com,microjig,css_values_observed_roles_inferred
microscope-com,Microscopy & Optics,Microscope.com,https://www.microscope.com,microscope-com,historical_unverified
micuna,Nursery Furniture,Micuna,https://micuna.com,micuna,css_values_observed_roles_inferred
mid-day-squares,Snacks/Chips,Mid-Day Squares,https://middaysquares.com,mid-day-squares,css_values_observed_roles_inferred
midea,HVAC/Portable AC/Heaters,Midea,https://www.midea.com/us,midea,historical_unverified
midori,Notebooks & Journals,Midori,https://www.midori-japan.co.jp,midori,historical_unverified
midtown-comics,Comic Book Store,Midtown Comics,https://www.midtowncomics.com,midtown-comics,historical_unverified
miele,Refrigerators,Miele,https://www.mieleusa.com,miele,historical_unverified
mignonne-gavigan,Fashion jewelry - Costume,Mignonne Gavigan,https://www.mignonnegavigan.com,mignonne-gavigan,historical_unverified
mikasa-sports,Team Sports,Mikasa Sports,https://mikasasports.com,mikasa-sports,historical_unverified
mila,Air Purifiers,Mila,https://milacares.com,mila,historical_unverified
mile-high-comics,Comic Book Store,Mile High Comics,https://www.milehighcomics.com,mile-high-comics,historical_unverified
miles-and-milan,Baby Clothing,Miles & Milan,https://milesandmilan.com,miles-and-milan,css_values_observed_roles_inferred
milestone-films,Movies & TV,Milestone Films,https://www.milestonefilms.com,milestone-films,historical_unverified
military-collectibles-shop,Militaria & Historical,Military Collectibles Shop,https://militarycollectorshq.com,military-collectibles-shop,historical_unverified
milk-makeup,Makeup,Milk Makeup,https://www.milkmakeup.com,milk-makeup,historical_unverified
milk-barn,Baby Clothing,Milk-Barn,https://milkbarnkids.com,milk-barn,historical_unverified
milkweed-editions,Small Press Publisher,Milkweed Editions,https://milkweed.org,milkweed-editions,historical_unverified
milliporesigma,Lab Equipment & Supplies,MilliporeSigma,https://www.sigmaaldrich.com,milliporesigma,historical_unverified
minaal,Backpacks _ travel/outdoor,Minaal,https://minaal.com,minaal,css_values_observed_roles_inferred
mindware,Educational,MindWare,https://www.mindware.com,mindware,historical_unverified
mindzai,Action Figure & Collectibles,Mindzai,https://www.mindzai.com,mindzai,historical_unverified
minecraft-shop,Indie Studio Merch,Minecraft Shop,https://shop.minecraft.net,minecraft-shop,css_values_observed_roles_inferred
mini-rodini,Kids Clothing,Mini Rodini,https://minirodini.com,mini-rodini,css_values_observed_roles_inferred
minisforum,Desktops/PCs/Builders,Minisforum,https://store.minisforum.com,minisforum,css_values_observed_roles_inferred
ministry-of-supply,Men's Apparel,Ministry of Supply,https://ministryofsupply.com,ministry-of-supply,historical_unverified
mintage-world,Coins & Currency,Mintage World,https://www.mintageworld.com,mintage-world,historical_unverified
miranda-frye,Fine jewelry - Gold/Silver everyday,Miranda Frye,https://www.mirandafrye.com,miranda-frye,historical_unverified
misen,Cookware,Misen,https://misen.com,misen,historical_unverified
misfit,Smartwatches/Hybrid,Misfit,https://www.misfit.com,misfit,historical_unverified
misha-and-puff,Kids Clothing,Misha & Puff,https://misha-and-puff.com,misha-and-puff,css_values_observed_roles_inferred
missoma,Jewelry - Fashion,Missoma,https://missoma.com,missoma,historical_unverified
mit-press,Academic/University Press,MIT Press,https://mitpress.mit.edu,mit-press,historical_unverified
mizu,Outdoor Accessories,Mizu,https://mizulife.com,mizu,historical_unverified
mizuki,Pearls/Jade specialty,Mizuki,https://www.mizuki.com,mizuki,historical_unverified
mizzen-main,Men's Apparel,Mizzen+Main,https://mizzenandmain.com,mizzen-main,historical_unverified
mk-professional,Haircare,MK Professional,https://mkprofessional.com,mk-professional,historical_unverified
mobil-1,Motor Oils & Fluids,Mobil 1,https://mobil.com,mobil-1,css_values_observed_roles_inferred
mobile-fidelity-sound-lab,Audiophile/Hi-Res Label,Mobile Fidelity Sound Lab,https://www.mofi.com,mobile-fidelity-sound-lab,historical_unverified
mobvoi,Wearables,Mobvoi,https://mobvoi.com,mobvoi,css_values_observed_roles_inferred
mociun,Bridal & Wedding bands,Mociun,https://www.mociun.com,mociun,historical_unverified
mockingbird,Strollers,Mockingbird,https://hellomockingbird.com,mockingbird,historical_unverified
mode-designs,Keyboards,Mode Designs,https://modedesigns.com,mode-designs,historical_unverified
modern-fertility,Women's Health,Modern Fertility,https://modernfertility.com,modern-fertility,historical_unverified
moderncoinmart,Coins & Currency,ModernCoinMart,https://www.moderncoinmart.com,moderncoinmart,historical_unverified
modernica,Planters/Pots,Modernica,https://modernica.net,modernica,historical_unverified
modibodi,Feminine Care,Modibodi,https://modibodi.com,modibodi,historical_unverified
modiphius,Tabletop RPG,Modiphius,https://www.modiphius.net,modiphius,historical_unverified
modoker,Garment/business bags,Modoker,https://modoker.com,modoker,css_values_observed_roles_inferred
mogix,Cell Phones & Accessories,Mogix,https://www.mogixaccessories.com,mogix,historical_unverified
molekule,Air Purifiers,Molekule,https://molekule.com,molekule,historical_unverified
molten,Team Sports,Molten,https://www.moltenusa.com,molten,historical_unverified
momentous,Vitamins & Supplements,Momentous,https://livemomentous.com,momentous,historical_unverified
moments-in-time,Autographs & Signed Memorabilia,Moments In Time,https://momentsintime.com,moments-in-time,historical_unverified
momofuku-goods,Sauces/Condiments,Momofuku Goods,https://shop.momofuku.com/,momofuku-goods,css_values_observed_roles_inferred
momotaro-apotheca,Women's Health,Momotaro Apotheca,https://momotaroapotheca.com,momotaro-apotheca,historical_unverified
monday,Beverages _ Non-Alc,Monday,https://drinkmonday.co/,monday,css_values_observed_roles_inferred
mondo,Action Figures,Mondo,https://mondoshop.com,mondo,historical_unverified
mondo-collecti-2,Collectibles,Mondo,https://mondoshop.com,mondo,historical_unverified
mondo-action-f-2,Action Figure & Collectibles,Mondo,https://mondoshop.com,mondo,historical_unverified
mondo-mondo,Handmade Jewelry,Mondo Mondo,https://mondo-mondo.com,mondo-mondo,css_values_observed_roles_inferred
money-metals-exchange,Coins & Currency,Money Metals Exchange,https://www.moneymetals.com,money-metals-exchange,historical_unverified
monica-andy,Baby Clothing,Monica + Andy,https://monicaandandy.com,monica-andy,css_values_observed_roles_inferred
monica-vinader,Demi-fine jewelry,Monica Vinader,https://www.monicavinader.com,monica-vinader,historical_unverified
monica-vinader-jewelry--2,Jewelry - Fashion,Monica Vinader,https://monicavinader.com,monica-vinader,historical_unverified
monos,Hard-shell luggage,Monos,https://monos.com,monos,css_values_observed_roles_inferred
monrovia,Seeds/plants nurseries,Monrovia,https://www.monrovia.com,monrovia,historical_unverified
monsgeek,Keyboards,MonsGeek,https://www.monsgeek.com,monsgeek,historical_unverified
monta,Watches - Independent micro-brand,Monta,https://www.montawatch.com,monta,historical_unverified
montblanc,Pens & Writing,Montblanc,https://www.montblanc.com,montblanc,historical_unverified
monte-design,Furniture,Monte Design,https://montedesign.com,monte-design,historical_unverified
monte-design-nursery--2,Nursery Furniture,Monte Design,https://montedesign.com,monte-design,historical_unverified
montec-wear,Winter Sports,Montec Wear,https://www.montecwear.com,montec-wear,historical_unverified
monti-kids,Baby Toys,Monti Kids,https://montikids.com,monti-kids,historical_unverified
moo,Printing services (DTC),MOO,https://www.moo.com,moo,historical_unverified
moon-juice,Vitamins & Supplements,Moon Juice,https://moonjuice.com,moon-juice,historical_unverified
moonkie,Baby Toys,Moonkie,https://moonkieshop.com,moonkie,css_values_observed_roles_inferred
moooi,Lighting,Moooi,https://moooi.com,moooi,css_values_observed_roles_inferred
moots,Cycling,Moots,https://moots.com,moots,historical_unverified
mora-ceramics,Dinnerware,Mora Ceramics,https://moraceramics.com,mora-ceramics,historical_unverified
morrison-hotel-gallery,Photography Print Shop,Morrison Hotel Gallery,https://www.morrisonhotelgallery.com,morrison-hotel-gallery,historical_unverified
morrow-soft-goods,Bedding,Morrow Soft Goods,https://morrowsoftgoods.com,morrow-soft-goods,historical_unverified
mothers-polish,Car Care/Wax/Cleaning,Mothers Polish,https://mothers.com,mothers-polish,css_values_observed_roles_inferred
motion-industries,MRO Supplies,Motion Industries,https://www.motion.com,motion-industries,historical_unverified
mott-and-bow,Denim,Mott & Bow,https://mottandbow.com,mott-and-bow,historical_unverified
motul,Motor Oils & Fluids,Motul,https://motul.com,motul,css_values_observed_roles_inferred
mount-it,Monitor Arms & Stands,Mount-It!,https://mount-it.com,mount-it,historical_unverified
mous,Cell Phones & Accessories,Mous,https://www.mous.co,mous,historical_unverified
mr-peanut-s,Pet Beds & Carriers,Mr. Peanut's,https://mrpeanutspetcarriers.com,mr-peanut-s,css_values_observed_roles_inferred
mrcool,HVAC/Portable AC/Heaters,MrCool,https://mrcool.com,mrcool,historical_unverified
mrostop,MRO Supplies,MROStop,https://www.mrostop.com,mrostop,historical_unverified
mrs-meyer-s,Cleaning Supplies,Mrs. Meyer's,https://mrsmeyers.com,mrs-meyer-s,historical_unverified
msi,Laptops,MSI,https://www.msi.com,msi,historical_unverified
mtx-audio,Car Electronics,MTX Audio,https://mtx.com,mtx-audio,css_values_observed_roles_inferred
mud-australia,Dinnerware,Mud Australia,https://mudaustralia.com,mud-australia,historical_unverified
mugsy-jeans,Denim,Mugsy Jeans,https://mugsyjeans.com,mugsy-jeans,historical_unverified
mushie,Baby/Infant,Mushie,https://mushie.com,mushie,historical_unverified
mushie-feeding-2,Feeding,Mushie,https://mushie.com,mushie,historical_unverified
music-direct,Audiophile/Hi-Res Label,Music Direct,https://www.musicdirect.com,music-direct,historical_unverified
music-man,Electric Guitars,Music Man,https://www.music-man.com,music-man,historical_unverified
mustela,Baby Care,Mustela,https://mustelausa.com,mustela,historical_unverified
mute-bank,Record Label with Shop,Mute Bank,https://www.mutebank.co.uk,mute-bank,historical_unverified
muuto,Decor,Muuto,https://www.muuto.com,muuto,historical_unverified
mvmt,Watches,MVMT,https://mvmt.com,mvmt,css_values_observed_roles_inferred
mycharge,Cell Phones & Accessories,MyCharge,https://www.mycharge.com,mycharge,historical_unverified
mycomicshop,Comic Book Store,MyComicShop,https://www.mycomicshop.com,mycomicshop,historical_unverified
mystery-ranch,Backpacks _ travel/outdoor,Mystery Ranch,https://mysteryranch.com,mystery-ranch,css_values_observed_roles_inferred
mystic-stamp-company,Stamp Shop,Mystic Stamp Company,https://www.mysticstamp.com,mystic-stamp-company,historical_unverified
n-fab,Exterior Accessories,N-FAB,https://n-fab.com,n-fab,css_values_observed_roles_inferred
nakamichi,Home Theater,Nakamichi,https://nakamichi-usa.com,nakamichi,css_values_observed_roles_inferred
nama,Small Kitchen Appliances,Nama,https://namawell.com,nama,historical_unverified
nanit,Monitors/Tech,Nanit,https://nanit.com,nanit,css_values_observed_roles_inferred
nanobebe,Feeding,Nanobebe,https://nanobebe.com,nanobebe,css_values_observed_roles_inferred
nanoleaf,Smart Home,Nanoleaf,https://nanoleaf.me,nanoleaf,css_values_observed_roles_inferred
nantucket-sinks,Kitchen Fixtures,Nantucket Sinks,https://nantucketsinksusa.com,nantucket-sinks,css_values_observed_roles_inferred
narwal,Robotic Cleaners,Narwal,https://www.narwal.com,narwal,historical_unverified
natalist,Women's Health,Natalist,https://natalist.com,natalist,historical_unverified
native,Body Care,Native,https://www.nativecos.com,native,historical_unverified
native-pet,Pet Supplements,Native Pet,https://nativepet.com,native-pet,css_values_observed_roles_inferred
native-trails,Kitchen Fixtures,Native Trails,https://nativetrails.net,native-trails,css_values_observed_roles_inferred
native-union,Cell Phones & Accessories,Native Union,https://www.native-union.com,native-union,historical_unverified
native-union-cables-a-2,Cables/Adapters,Native Union,https://www.nativeunion.com,native-union-cables-a-2,historical_unverified
native-union-desk-acc-2,Desk Accessories & Organizers,Native Union,https://www.nativeunion.com,native-union-cables-a-2,historical_unverified
nature-baby,Kids Clothing,Nature Baby,https://naturebaby.com,nature-baby,css_values_observed_roles_inferred
nature-hills,Seeds/plants nurseries,Nature Hills,https://www.naturehills.com,nature-hills,historical_unverified
ncla-beauty,Bath/Shower,NCLA Beauty,https://nclabeauty.com,ncla-beauty,historical_unverified
neat-method,Organization,Neat Method,https://neatmethod.com,neat-method,historical_unverified
neb-new-england-biolabs,Chemistry & Biology Supplies,NEB (New England Biolabs),https://www.neb.com,neb-new-england-biolabs,historical_unverified
nebula,TVs & Projectors,Nebula,https://seenebula.com,nebula,css_values_observed_roles_inferred
neca,Action Figures,NECA,https://necaonline.com,neca,historical_unverified
neca-action-f-2,Action Figure & Collectibles,NECA,https://necaonline.com,neca,historical_unverified
neighbor,Outdoor furniture,Neighbor,https://www.neighbor.com,neighbor,historical_unverified
nemo-equipment,Camping & Hiking Gear,Nemo Equipment,https://www.nemoequipment.com,nemo-equipment,historical_unverified
nest-diapers,Baby Care,Nest Diapers,https://nestdiapers.com,nest-diapers,historical_unverified
nest-new-york,Candles & Scent,Nest New York,https://www.nestnewyork.com,nest-new-york,historical_unverified
nestig,Nursery Furniture,Nestig,https://nestig.com,nestig,historical_unverified
netgear,Networking,Netgear,https://www.netgear.com,netgear,historical_unverified
nette,Fragrance,Nette,https://nettenyc.com,nette,historical_unverified
neumann,Microphones,Neumann,https://www.neumann.com,neumann,css_values_observed_roles_inferred
neural-dsp,Amps/Cabinets,Neural DSP,https://www.neuraldsp.com,neural-dsp,css_values_observed_roles_inferred
new-blood-art,Online-only Gallery,New Blood Art,https://newbloodart.com,new-blood-art,historical_unverified
new-directions,Small Press Publisher,New Directions,https://www.ndbooks.com,new-directions,historical_unverified
newbury-comics,Movies & TV,Newbury Comics,https://www.newburycomics.com,newbury-comics,historical_unverified
newbury-comics-independ-2,Independent Record Store - US,Newbury Comics,https://www.newburycomics.com,newbury-comics,historical_unverified
newel,Antique Dealer,Newel,https://www.newel.com,newel,historical_unverified
newport-fasteners,Industrial Fasteners,Newport Fasteners,https://www.newportfasteners.com,newport-fasteners,historical_unverified
nexwear,Elderly Care,Nexwear,https://nexwear.com,nexwear,historical_unverified
ni-national-instruments,Measurement & Test Instruments,NI (National Instruments),https://www.ni.com,ni-national-instruments,historical_unverified
nikalab,Vitamins & Supplements,Nikalab,https://nikallab.com,nikalab,historical_unverified
nimble,Cell Phones & Accessories,Nimble,https://www.gonimble.com,nimble,historical_unverified
ninja-tune,Record Label with Shop,Ninja Tune,https://www.ninjatune.net,ninja-tune,historical_unverified
ninjutso,Mice,Ninjutso,https://ninjutso.com,ninjutso,historical_unverified
nis-america-store,Movies & TV,NIS America Store,https://store.nisamerica.com,nis-america-store,historical_unverified
nitecore,Cell Phones & Accessories,Nitecore,https://www.nitecore.com,nitecore,historical_unverified
niwaki,Garden tools,Niwaki,https://www.niwaki.com,niwaki,historical_unverified
nl-beauty,Makeup,NL Beauty,https://nlbeauty.bg,nl-beauty,historical_unverified
no-idea-records,Niche Genre Store,No Idea Records,https://www.noidearecords.com,no-idea-records,historical_unverified
no-2,Paper Goods,No. 2,https://no2.co,no-2,historical_unverified
noah,Streetwear,Noah,https://noahny.com,noah,historical_unverified
noblechairs,Gaming Chairs,noblechairs,https://www.noblechairs.com,noblechairs,historical_unverified
noctua,Cooling/PC Parts,Noctua,https://noctua.at,noctua,historical_unverified
nodus,Watches - Independent micro-brand,Nodus,https://www.noduswatches.com,nodus,historical_unverified
noissue,Packaging & Shipping Supplies,Noissue,https://www.noissue.co,noissue,historical_unverified
nom-nom,Dog Food/Treats,Nom Nom,https://nomnomnow.com,nom-nom,historical_unverified
nomad,Outdoor Accessories,Nomad,https://nomadgoods.com,nomad,historical_unverified
nomad-laptop-b-2,Laptop Bags,Nomad,https://nomadgoods.com,nomad,historical_unverified
nomad-grills,Grills/BBQ,Nomad Grills,https://nomadgrills.com,nomad-grills,historical_unverified
nomos-glashutte,Watches - Luxury Swiss,Nomos Glashütte,https://www.nomos-glashuette.com,nomos-glashutte,historical_unverified
nonesuch-records,Record Label with Shop,Nonesuch Records,https://www.nonesuch.com,nonesuch-records,historical_unverified
nord-keyboards,Digital Pianos,Nord Keyboards,https://www.nordkeyboards.com,nord-keyboards,css_values_observed_roles_inferred
nordfrim,Stamp Shop,Nordfrim,https://www.nordfrim.com,nordfrim,historical_unverified
nordic-knots,Decor,Nordic Knots,https://nordicknots.com,nordic-knots,historical_unverified
noreve,Cell Phones & Accessories,Noreve,https://www.noreve.com,noreve,historical_unverified
norman-records,Independent Record Store - UK/EU,Norman Records,https://www.normanrecords.com,norman-records,historical_unverified
nosy-crow,Children's Bookstore,Nosy Crow,https://nosycrow.com,nosy-crow,historical_unverified
noted-candles,Handmade Soap & Candles,Noted Candles,https://notedcandles.com,noted-candles,css_values_observed_roles_inferred
nothing,Headphones,Nothing,https://nothing.tech,nothing,css_values_observed_roles_inferred
novelkeys,Keyboards,NovelKeys,https://novelkeys.com,novelkeys,historical_unverified
novo-guitars,Electric Guitars,Novo Guitars,https://www.novoguitars.com,novo-guitars,historical_unverified
ns-design,Orchestral,NS Design,https://www.thinkns.com,ns-design,historical_unverified
nuclear-blast,Record Label with Shop,Nuclear Blast,https://www.nuclearblast.com,nuclear-blast,historical_unverified
nucleus-films,Movies & TV,Nucleus Films,https://www.nucleusfilms.com,nucleus-films,historical_unverified
nudient,Cell Phones & Accessories,Nudient,https://www.nudient.com,nudient,historical_unverified
nuface,Tools/Devices,NuFace,https://www.mynuface.com,nuface,historical_unverified
nuglas,Cell Phones & Accessories,NuGlas,https://www.nuglas.com.au,nuglas,historical_unverified
numark,DJ Gear,Numark,https://www.numark.com,numark,historical_unverified
numskull-geek-store,Collectibles,Numskull (Geek Store),https://www.geekstore.com,numskull-geek-store,historical_unverified
nuna,Strollers,Nuna,https://nunababy.com/usa/,nuna,css_values_observed_roles_inferred
nuphy,Keyboards,NuPhy,https://nuphy.com,nuphy,historical_unverified
nuuna,Notebooks & Journals,Nuuna,https://www.nuuna.com,nuuna,historical_unverified
nuwave,Small Kitchen Appliances,NuWave,https://www.nuwavenow.com,nuwave,historical_unverified
nyrb,Small Press Publisher,NYRB,https://www.nyrb.com,nyrb,historical_unverified
oakywood,Cell Phones & Accessories,Oakywood,https://www.oakywood.shop,oakywood,historical_unverified
oakywood-desk-acc-2,Desk Accessories & Organizers,Oakywood,https://oakywood.shop,oakywood,historical_unverified
oars-alps,Men's Grooming,Oars + Alps,https://www.oarsandalps.com,oars-alps,historical_unverified
oars-alps-men-s-he-2,Men's Health,Oars + Alps,https://oarsandalps.com,oars-alps,historical_unverified
obdlink,Tools/Garage Equipment,OBDLink,https://obdlink.com,obdlink,css_values_observed_roles_inferred
obsbot,Webcams,OBSBOT,https://www.obsbot.com,obsbot,historical_unverified
obvi,Vitamins & Supplements,Obvi,https://myobvi.com,obvi,historical_unverified
oeuf,Nursery Furniture,Oeuf,https://oeufnyc.com,oeuf,historical_unverified
off-road-warehouse,Off-road/4x4 Gear,Off Road Warehouse,https://offroadwarehouse.com,off-road-warehouse,css_values_observed_roles_inferred
off-white,Streetwear,Off-White,https://off---white.com,off-white,historical_unverified
office-specialty,Office Specialty,Office Specialty,https://www.officespecialty.com,office-specialty,historical_unverified
offroad-alliance,Off-road/4x4 Gear,Offroad Alliance,https://offroadalliance.com,offroad-alliance,css_values_observed_roles_inferred
ohana-ukuleles,Ukuleles,Ohana Ukuleles,https://www.ohana-music.com,ohana-ukuleles,historical_unverified
ohaus,Lab Equipment & Supplies,Ohaus,https://www.ohaus.com,ohaus,historical_unverified
ojook,Oral Care,Ojook,https://ojookcare.com,ojook,historical_unverified
olde-good-things,Antique Dealer,Olde Good Things,https://ogtstore.com,olde-good-things,historical_unverified
oldies-com,Movies & TV,Oldies.com,https://www.oldies.com,oldies-com,historical_unverified
olipop,Beverages _ Sparkling/Functional,Olipop,https://drinkolipop.com/,olipop,css_values_observed_roles_inferred
olive-films,Movies & TV,Olive Films,https://olivefilms.com,olive-films,historical_unverified
oliver-cabell,Shoes - Sneakers,Oliver Cabell,https://olivercabell.com,oliver-cabell,historical_unverified
ollie,Dog Food/Treats,Ollie,https://ollie.com,ollie,historical_unverified
olly,Vitamins & Supplements,OLLY,https://olly.com,olly,historical_unverified
omega-engineering,Measurement & Test Instruments,Omega Engineering,https://www.omega.com,omega-engineering,historical_unverified
omega-juicers,Small Kitchen Appliances,Omega Juicers,https://omegajuicers.com,omega-juicers,historical_unverified
omi-woods,Demi-fine jewelry,Omi Woods,https://www.omiwoods.com,omi-woods,historical_unverified
omnicharge,Cell Phones & Accessories,Omnicharge,https://www.omnicharge.co,omnicharge,historical_unverified
omnitype,Keyboards,Omnitype,https://omnitype.com,omnitype,historical_unverified
omnivore-books,Specialty Bookstore,Omnivore Books,https://www.omnivorebooks.com,omnivore-books,historical_unverified
omoton,Cell Phones & Accessories,Omoton,https://www.omoton.com,omoton,historical_unverified
omsom,Sauces/Condiments,Omsom,https://omsom.com,omsom,css_values_observed_roles_inferred
on,Running,On,https://www.on-running.com,on,historical_unverified
onlinelabels-com,Labels & Markers & Highlighters,OnlineLabels.com,https://www.onlinelabels.com,onlinelabels-com,historical_unverified
onsen,Bath,Onsen,https://onsentowel.com,onsen,historical_unverified
onyx-boox,E-readers & Tablets,Onyx Boox,https://shop.boox.com,onyx-boox,css_values_observed_roles_inferred
onyx-coffee-lab,Coffee,Onyx Coffee Lab,https://onyxcoffeelab.com,onyx-coffee-lab,css_values_observed_roles_inferred
ooly,Arts & Crafts,Ooly,https://www.ooly.com,ooly,historical_unverified
ooni,Smart Home & Appliances,Ooni,https://ooni.com,ooni,historical_unverified
ooni-pizza-ov-2,Pizza ovens,Ooni,https://ooni.com,ooni,historical_unverified
opal,Webcams,Opal,https://opalcamera.com,opal,historical_unverified
open-farm,Dog Food/Treats,Open Farm,https://openfarmpet.com,open-farm,historical_unverified
opinel,Kitchen Tools,Opinel,https://www.opinel-usa.com,opinel,historical_unverified
opposit,Print & Poster Shop,Opposit,https://opposit.shop,opposit,historical_unverified
optima-batteries,Batteries & Electrical,Optima Batteries,https://optimabatteries.com,optima-batteries,css_values_observed_roles_inferred
orange-amps,Amps/Cabinets,Orange Amps,https://www.orangeamps.com,orange-amps,css_values_observed_roles_inferred
orbit-dvd,Movies & TV,Orbit DVD,https://www.orbitdvd.com,orbit-dvd,historical_unverified
orbitkey,Desk Accessories & Organizers,Orbitkey,https://www.orbitkey.com,orbitkey,historical_unverified
orca-coolers,Outdoor Accessories,Orca Coolers,https://orcacoolers.com,orca-coolers,historical_unverified
orcas-island-leather,Leather Goods,Orcas Island Leather,https://orcasislandleather.com,orcas-island-leather,css_values_observed_roles_inferred
oreck,Vacuums,Oreck,https://www.oreck.com,oreck,historical_unverified
origin-pc,Desktops/PCs/Builders,Origin PC,https://www.originpc.com,origin-pc,historical_unverified
oris,Watches - Luxury Swiss,Oris,https://www.oris.ch,oris,historical_unverified
oru-kayak,Watersports,Oru Kayak,https://www.orukayak.com,oru-kayak,historical_unverified
oscilloscope-laboratories,Movies & TV,Oscilloscope Laboratories,https://www.oscilloscope.net,oscilloscope-laboratories,historical_unverified
oster,Microwaves/Toaster Ovens,Oster,https://www.oster.com,oster,historical_unverified
ostrichpillow,Travel pillows/eye masks,Ostrichpillow,https://ostrichpillow.com,ostrichpillow,css_values_observed_roles_inferred
ostrya,Outdoor Apparel,Ostrya,https://ostryaequipment.com,ostrya,historical_unverified
otiumberg,Fine jewelry - Gold/Silver everyday,Otiumberg,https://www.otiumberg.com,otiumberg,historical_unverified
ouai,Haircare,OUAI,https://theouai.com,ouai,historical_unverified
our-place,Cookware,Our Place,https://fromourplace.com,our-place,historical_partial_css_evidence
oura,Wearables,Oura,https://ouraring.com,oura,css_values_observed_roles_inferred
outdoor-vitals,Camping & Hiking Gear,Outdoor Vitals,https://outdoorvitals.com,outdoor-vitals,historical_unverified
outdoor-voices,Athleisure,Outdoor Voices,https://outdoorvoices.com,outdoor-voices,historical_unverified
outer,Furniture,Outer,https://liveouter.com,outer,historical_unverified
outer-outdoor--2,Outdoor furniture,Outer,https://liveouter.com,outer,historical_unverified
outland-living,Fire pits/outdoor heaters,Outland Living,https://outlandliving.com,outland-living,historical_unverified
ovii,Bath/Shower,Ovii,https://ovii.com,ovii,historical_unverified
owlcrate,Book Subscription Box,OwlCrate,https://www.owlcrate.com,owlcrate,historical_unverified
owlet,Monitors/Tech,Owlet,https://owletcare.com,owlet,css_values_observed_roles_inferred
oxbow-animal-health,Small Animal/Bird/Reptile,Oxbow Animal Health,https://oxbowanimalhealth.com,oxbow-animal-health,css_values_observed_roles_inferred
oxford-university-press,Academic/University Press,Oxford University Press,https://global.oup.com,oxford-university-press,historical_unverified
ozzie-collectables,Funko & Pop Culture,Ozzie Collectables,https://www.ozziecollectables.com,ozzie-collectables,historical_unverified
p-and-s-detail-products,Car Care/Wax/Cleaning,P&S Detail Products,https://psdetailproducts.com,p-and-s-detail-products,css_values_observed_roles_inferred
p-mauriat,Wind Instruments,P. Mauriat,https://www.pmauriatmusic.com,p-mauriat,historical_unverified
p-l-a-y,Toys,P.L.A.Y.,https://petplay.com,p-l-a-y,css_values_observed_roles_inferred
pace-gallery,Contemporary Art Gallery,Pace Gallery,https://www.pacegallery.com,pace-gallery,historical_unverified
packlane,Packaging & Shipping Supplies,Packlane,https://www.packlane.com,packlane,historical_unverified
pacsafe,Passport holders/RFID,Pacsafe,https://pacsafe.com,pacsafe,css_values_observed_roles_inferred
pact,Sustainable/Eco,Pact,https://wearpact.com,pact,css_values_observed_roles_inferred
paizo,Tabletop RPG,Paizo,https://paizo.com,paizo,historical_unverified
pakt,Backpacks _ travel/outdoor,Pakt,https://paktbags.com,pakt,css_values_observed_roles_inferred
palm-beach-autographs,Autographs & Signed Memorabilia,Palm Beach Autographs,https://palmbeachautographs.com,palm-beach-autographs,historical_unverified
palram,Greenhouses/raised beds,Palram,https://www.palramcanopy.com,palram,historical_unverified
pamela-love,Fine jewelry - Diamond/Gemstone,Pamela Love,https://www.pamelalove.com,pamela-love,historical_unverified
panasonic,Microwaves/Toaster Ovens,Panasonic,https://www.panasonic.com,panasonic,historical_unverified
pandasaurus-games,Board Games,Pandasaurus Games,https://pandasaurusgames.com,pandasaurus-games,historical_unverified
pangaia,Sustainable/Eco,Pangaia,https://pangaia.com,pangaia,historical_unverified
panic-playdate,Specialty Gadgets,Panic (Playdate),https://play.date,panic-playdate,css_values_observed_roles_inferred
panini-america,Sports Memorabilia & Cards,Panini America,https://www.paniniamerica.net,panini-america,historical_unverified
panzerglass,Cell Phones & Accessories,PanzerGlass,https://www.panzerglass.com,panzerglass,historical_unverified
paper-mart,Packaging & Shipping Supplies,Paper Mart,https://www.papermart.com,paper-mart,historical_unverified
papier,Stationery & Paper,Papier,https://www.papier.com,papier,historical_unverified
parachute,Bedding,Parachute,https://www.parachutehome.com,parachute,historical_partial_css_evidence
parade-organics,Baby Clothing,Parade Organics,https://parade.ca,parade-organics,historical_unverified
paradox-arcades,Arcade Maker,Paradox Arcades,https://www.paradoxarcades.com,paradox-arcades,historical_unverified
parasol,Baby Care,Parasol,https://parasolco.com,parasol,historical_unverified
parkman-woodworks,Woodworking,Parkman Woodworks,https://parkmanwoodworks.com,parkman-woodworks,css_values_observed_roles_inferred
passenger,Sustainable/Eco,Passenger,https://passenger-clothing.com,passenger,historical_unverified
passion-planner,Planners,Passion Planner,https://passionplanner.com,passion-planner,historical_unverified
patagonia,Outdoor Apparel,Patagonia,https://www.patagonia.com,patagonia,historical_unverified
patagonia-sustaina-2,Sustainable/Eco,Patagonia,https://patagonia.com,patagonia,historical_unverified
patrick-ta-beauty,Makeup,Patrick Ta Beauty,https://patrickta.com,patrick-ta-beauty,historical_unverified
peaceable-kingdom,Educational,Peaceable Kingdom,https://www.mindware.com/brand/peaceable-kingdom,peaceable-kingdom,historical_unverified
peak-design,Outdoor Accessories,Peak Design,https://www.peakdesign.com,peak-design,historical_unverified
peak-design-laptop-b-2,Laptop Bags,Peak Design,https://www.peakdesign.com,peak-design,historical_unverified
pearl-octopuss-y,Pearls/Jade specialty,Pearl Octopuss.y,https://www.pearloctopussy.com,pearl-octopuss-y,historical_unverified
pearl-paradise,Pearls/Jade specialty,Pearl Paradise,https://www.pearlparadise.com,pearl-paradise,historical_unverified
peel,Cell Phones & Accessories,Peel,https://www.buypeel.com,peel,historical_unverified
peet-s,Coffee,Peet's,https://peets.com,peet-s,css_values_observed_roles_inferred
peg-and-awl,Leather Goods,Peg and Awl,https://pegandawl.com,peg-and-awl,css_values_observed_roles_inferred
peg-perego,Car Seats,Peg Perego,https://pegperego.com,peg-perego,css_values_observed_roles_inferred
pehr,Nursery Decor,Pehr,https://pehr.com,pehr,css_values_observed_roles_inferred
pela,Cell Phones & Accessories,Pela,https://www.pelacase.com,pela,historical_unverified
pelican-sport,Watersports,Pelican Sport,https://www.pelicansport.com,pelican-sport,historical_unverified
peloton,Fitness & Gym,Peloton,https://www.onepeloton.com,peloton,historical_partial_css_evidence
perelel,Vitamins & Supplements,Perelel,https://perelelhealth.com,perelel,historical_unverified
perfora,Oral Care,Perfora,https://perfora.co.in,perfora,historical_unverified
permanent-records,Independent Record Store - US,Permanent Records,https://www.permanentrecordsla.com,permanent-records,historical_unverified
perrotin,Contemporary Art Gallery,Perrotin,https://www.perrotin.com,perrotin,historical_unverified
pet-honesty,Pet Supplements,Pet Honesty,https://pethonesty.com,pet-honesty,css_values_observed_roles_inferred
petcube,Pet Tech/Cameras,Petcube,https://petcube.com,petcube,css_values_observed_roles_inferred
petcultures,Pet Supplements,PetCultures,https://petcultures.com,petcultures,css_values_observed_roles_inferred
peter-lik,Photography Print Shop,Peter Lik,https://lik.com,peter-lik,historical_unverified
peter-millar,Men's Apparel,Peter Millar,https://petermillar.com,peter-millar,historical_unverified
peter-pots-pottery,Ceramics/Pottery,Peter Pots Pottery,https://peterpots.com,peter-pots-pottery,css_values_observed_roles_inferred
petguin,Dog Beds/Furniture,Petguin,https://petguin.com,petguin,css_values_observed_roles_inferred
petit-moments,Fashion jewelry - Costume,Petit Moments,https://www.petitmoments.com,petit-moments,historical_unverified
petlab-co,Pet Supplements,PetLab Co.,https://thepetlabco.com/,petlab-co,css_values_observed_roles_inferred
petlibro,Pet Tech/Cameras,Petlibro,https://petlibro.com,petlibro,css_values_observed_roles_inferred
petplate,Dog Food/Treats,PetPlate,https://petplate.com,petplate,historical_partial_css_evidence
petros-guitars,Acoustic Guitars,Petros Guitars,https://www.petrosguitars.com,petros-guitars,css_values_observed_roles_inferred
petzl,Climbing,Petzl,https://www.petzl.com,petzl,historical_unverified
pfister,Plumbing Fixtures,Pfister,https://pfisterfaucets.com,pfister,css_values_observed_roles_inferred
phaidon,Zine/Art Book Publisher,Phaidon,https://www.phaidon.com,phaidon,historical_unverified
phanteks,Cooling/PC Parts,Phanteks,https://www.phanteks.com,phanteks,historical_unverified
phantom-glass,Cell Phones & Accessories,Phantom Glass,https://www.phantom.glass,phantom-glass,historical_unverified
philips-hue,Outdoor lighting,Philips Hue,https://www.philips-hue.com,philips-hue,historical_unverified
phlur,Fragrance,Phlur,https://phlur.com,phlur,historical_unverified
phonica-records,Independent Record Store - UK/EU,Phonica Records,https://www.phonicarecords.com,phonica-records,historical_unverified
piccadilly-records,Independent Record Store - UK/EU,Piccadilly Records,https://www.piccadillyrecords.com,piccadilly-records,historical_unverified
piel-frama,Cell Phones & Accessories,Piel Frama,https://www.pielframa.com,piel-frama,historical_unverified
pilgrim-surf-supply,Outdoor Apparel,Pilgrim Surf + Supply,https://pilgrimsurfsupply.com,pilgrim-surf-supply,historical_unverified
pilot-pen,Pens & Writing,Pilot Pen,https://pilotpen.us,pilot-pen,historical_unverified
pimax,VR Hardware,Pimax,https://pimax.com,pimax,css_values_observed_roles_inferred
pimoroni,DIY & Maker,Pimoroni,https://shop.pimoroni.com,pimoroni,css_values_observed_roles_inferred
pininfarina-hybrid,Smartwatches/Hybrid,Pininfarina Hybrid,https://www.pininfarina-hybrid.com,pininfarina-hybrid,historical_unverified
pioneer,HVAC/Portable AC/Heaters,Pioneer,https://www.pioneerminisplit.com,pioneer,historical_unverified
pioneer-dj,DJ Gear,Pioneer DJ,https://www.pioneerdj.com,pioneer-dj,historical_unverified
pipcorn,Snacks/Chips,Pipcorn,https://pipsnacks.com,pipcorn,css_values_observed_roles_inferred
pipette,Baby Care,Pipette,https://pipettebaby.com,pipette,historical_unverified
pippa-small,Ethnic/cultural jewelry,Pippa Small,https://www.pippasmall.com,pippa-small,historical_unverified
pique,Tea,Pique,https://piquelife.com,pique,css_values_observed_roles_inferred
pit-boss,Grills/BBQ,Pit Boss,https://pitboss-grills.com,pit-boss,historical_unverified
pixio,Monitors,Pixio,https://www.pixiogaming.com,pixio,historical_unverified
planet-mu,Record Label with Shop,Planet Mu,https://www.planet.mu,planet-mu,historical_unverified
plantoys,Wooden,PlanToys,https://plantoys.com,plantoys,historical_unverified
plastic-empire,Funko & Pop Culture,Plastic Empire,https://www.plasticempire.com,plastic-empire,historical_unverified
play-asia,Import Shop,Play-Asia,https://www.play-asia.com,play-asia,historical_unverified
play-asia-movies-a-2,Movies & TV,Play-Asia,https://www.play-asia.com,play-asia,historical_unverified
playmonster,Card Games,PlayMonster,https://www.playmonster.com,playmonster,historical_unverified
plc-direct,Industrial Automation & PLC,PLC Direct,https://www.plcdirect.com,plc-direct,historical_unverified
plow-and-hearth,Garden decor,Plow & Hearth,https://www.plowhearth.com,plow-and-hearth,historical_unverified
plugable,Cell Phones & Accessories,Plugable,https://www.plugable.com,plugable,historical_unverified
plugable-docking--2,Docking stations/hubs,Plugable,https://plugable.com,plugable,historical_unverified
plum-paper,Planners,Plum Paper,https://www.plumpaper.com,plum-paper,historical_unverified
plungie,Pools/hot tubs/swim spas,Plungie,https://plungie.com,plungie,css_values_observed_roles_inferred
pny,Storage/SSDs,PNY,https://www.pny.com,pny,historical_unverified
poetry-foundation-shop,Specialty Bookstore,Poetry Foundation Shop,https://www.poetryfoundation.org,poetry-foundation-shop,historical_unverified
poketo,Stationery & Paper,Poketo,https://www.poketo.com,poketo,historical_unverified
polaroid,Cameras,Polaroid,https://polaroid.com,polaroid,css_values_observed_roles_inferred
polywood,Outdoor furniture,Polywood,https://www.polywood.com,polywood,historical_unverified
popcult-online,Funko & Pop Culture,PopCult Online,https://popcult.online,popcult-online,historical_unverified
poppi,Beverages _ Sparkling/Functional,Poppi,https://drinkpoppi.com,poppi,css_values_observed_roles_inferred
poppin,Desk Accessories & Organizers,Poppin,https://www.poppin.com,poppin,historical_unverified
porter-road,Specialty Meat/Seafood,Porter Road,https://porterroad.com,porter-road,css_values_observed_roles_inferred
portola-paints,Paint & Finishes,Portola Paints,https://portolapaints.com,portola-paints,css_values_observed_roles_inferred
posh-peanut,Baby Clothing,Posh Peanut,https://poshpeanut.com,posh-peanut,historical_unverified
poster-store,Print & Poster Shop,Poster Store,https://posterstore.com,poster-store,historical_unverified
postery,Print & Poster Shop,Postery,https://www.postery.com,postery,historical_unverified
potensic,Drones,Potensic,https://potensic.com,potensic,css_values_observed_roles_inferred
pottery-boys,Ceramics/Pottery,Pottery Boys,https://potteryboys.com,pottery-boys,css_values_observed_roles_inferred
pottery-pots,Planters/Pots,Pottery Pots,https://www.potterypots.com,pottery-pots,historical_unverified
powell-s-books,Independent Bookstore,Powell's Books,https://www.powells.com,powell-s-books,historical_unverified
power-planter,Garden tools,Power Planter,https://powerplanter.com,power-planter,historical_unverified
power-up-gaming,Retro Game Retailer,Power Up Gaming,https://powerupgaming.ca,power-up-gaming,historical_unverified
powerhouse-films-indicator,Movies & TV,Powerhouse Films (Indicator),https://www.powerhousefilms.co.uk,powerhouse-films-indicator,historical_unverified
powertraveller,Cell Phones & Accessories,Powertraveller,https://www.powertraveller.com,powertraveller,historical_unverified
powerxl,Small Kitchen Appliances,PowerXL,https://www.powerxlproducts.com,powerxl,historical_unverified
precision-record-pressing,Vinyl Pressing Plant,Precision Record Pressing,https://www.precisionpressing.com,precision-record-pressing,historical_unverified
prequel,Skincare,Prequel,https://prequelskin.com,prequel,historical_unverified
presto,Small Kitchen Appliances,Presto,https://www.gopresto.com,presto,historical_unverified
pride-groom,Grooming,Pride+Groom,https://prideandgroom.com,pride-groom,css_values_observed_roles_inferred
primal-pet-foods,Dog Food/Treats,Primal Pet Foods,https://primalpetfoods.com,primal-pet-foods,css_values_observed_roles_inferred
primary,Baby Clothing,Primary,https://primary.com,primary,historical_unverified
princeton-record-exchange,Movies & TV,Princeton Record Exchange,https://www.prex.com,princeton-record-exchange,historical_unverified
princeton-record-exchange-independ-2,Independent Record Store - US,Princeton Record Exchange,https://www.prex.com,princeton-record-exchange,historical_unverified
princeton-university-press,Academic/University Press,Princeton University Press,https://press.princeton.edu,princeton-university-press,historical_unverified
print-club-london,Print & Poster Shop,Print Club London,https://printclublondon.com,print-club-london,historical_unverified
printed-matter,Zine/Art Book Publisher,Printed Matter,https://www.printedmatter.org,printed-matter,historical_unverified
printful,Printing services (DTC),Printful,https://www.printful.com,printful,historical_unverified
pristine-marketplace,Autographs & Signed Memorabilia,Pristine Marketplace,https://www.pristinemarketplace.com,pristine-marketplace,historical_unverified
pro-ject-audio-systems,Vinyl Accessories & Audio,Pro-Ject Audio Systems,https://project-audio.com,pro-ject-audio-systems,historical_unverified
proclamation-goods,Cookware,Proclamation Goods,https://proclamationgoods.com,proclamation-goods,historical_unverified
prodigy-games,Trading Cards,Prodigy Games,https://www.prodigygames.com,prodigy-games,historical_unverified
profitec,Espresso Machines,Profitec,https://www.profitec-espresso.com,profitec,historical_unverified
promega,Chemistry & Biology Supplies,Promega,https://www.promega.com,promega,historical_unverified
proper-cloth,Men's Apparel,Proper Cloth,https://propercloth.com,proper-cloth,historical_unverified
prose,Haircare,Prose,https://prose.com,prose,historical_unverified
proven-winners,Seeds/plants nurseries,Proven Winners,https://www.provenwinners.com,proven-winners,historical_unverified
prs-guitars,Electric Guitars,PRS Guitars,https://www.prsguitars.com,prs-guitars,historical_unverified
prusa-research,3D Printers & Additive Manufacturing,Prusa Research,https://www.prusa3d.com,prusa-research,historical_unverified
psprint,Printing services (DTC),PsPrint,https://www.psprint.com,psprint,historical_unverified
public-supply,Stationery & Paper,Public - Supply,https://public-supply.com,public-supply,historical_unverified
public-goods,Bath,Public Goods,https://www.publicgoods.com,public-goods,historical_unverified
public-goods-cleaning-2,Cleaning Supplies,Public Goods,https://publicgoods.com,public-goods,historical_unverified
pulsar,Mice,Pulsar,https://www.pulsar.gg,pulsar,historical_unverified
puori,Vitamins & Supplements,Puori,https://puori.com,puori,historical_unverified
pupford,Dog Food/Treats,Pupford,https://pupford.com,pupford,css_values_observed_roles_inferred
pura,Candles & Scent,Pura,https://www.trypura.com,pura,historical_unverified
pura-vida-bracelets,Fashion jewelry - Costume,Pura Vida Bracelets,https://www.puravidabracelets.com,pura-vida-bracelets,historical_unverified
puracy,Cleaning Supplies,Puracy,https://puracy.com,puracy,historical_unverified
puzz,Puzzles,Puzz,https://puzz.com,puzz,historical_unverified
pwnage,Mice,Pwnage,https://pwnage.com,pwnage,historical_unverified
pyramex-safety,Industrial Safety & PPE,Pyramex Safety,https://www.pyramexsafety.com,pyramex-safety,historical_unverified
q-acoustics,Speakers,Q Acoustics,https://qacoustics.com,q-acoustics,css_values_observed_roles_inferred
qanba,Controllers,Qanba,https://www.qanba.com,qanba,historical_unverified
qiagen,Chemistry & Biology Supplies,Qiagen,https://www.qiagen.com,qiagen,historical_unverified
qnap,Networking,QNAP,https://www.qnap.com,qnap,historical_unverified
quality-arcades,Arcade Maker,Quality Arcades,https://www.qualityarcades.com,quality-arcades,historical_unverified
quality-hydraulics,Hydraulics & Pneumatics,Quality Hydraulics,https://www.qualityhydraulics.com,quality-hydraulics,historical_unverified
quartet,Whiteboards & Cork boards,Quartet,https://www.quartet.com,quartet,historical_unverified
queensmith,Fine jewelry - Engagement rings,Queensmith,https://www.queensmith.co.uk,queensmith,historical_unverified
quickjack,Tools/Garage Equipment,QuickJack,https://quickjack.com,quickjack,css_values_observed_roles_inferred
quill-and-fox,Stationery & Paper,Quill & Fox,https://quillandfox.com,quill-and-fox,historical_unverified
quince,Bedding,Quince,https://www.quince.com,quince,historical_unverified
quince-fine-jew-2,Fine jewelry - Gold/Silver everyday,Quince,https://www.quince.com,quince,historical_unverified
quincy-mae,Baby Clothing,Quincy Mae,https://quincymae.com,quincy-mae,historical_unverified
quip,Oral Care,Quip,https://getquip.com,quip,historical_unverified
quoizel,Lighting,Quoizel,https://quoizel.com,quoizel,css_values_observed_roles_inferred
r-and-r-games,Board Games,R&R Games,https://rnrgames.com,r-and-r-games,historical_unverified
raaka,Chocolate/Confectionery,Raaka,https://raakachocolate.com,raaka,css_values_observed_roles_inferred
rabbit,Running,Rabbit,https://www.runinrabbit.com,rabbit,historical_unverified
rabbit-specialt-2,Specialty Gadgets,Rabbit,https://rabbit.tech,rabbit-specialt-2,css_values_observed_roles_inferred
rachio,Lawn care equipment/mowers,Rachio,https://www.rachio.com,rachio,historical_unverified
rad-power-bikes,Cycling,Rad Power Bikes,https://www.radpowerbikes.com,rad-power-bikes,historical_unverified
radiance-films,Movies & TV,Radiance Films,https://www.radiancefilms.co.uk,radiance-films,css_values_observed_roles_inferred
radians,Industrial Safety & PPE,Radians,https://www.radians.com,radians,historical_unverified
radio-flyer,Outdoor,Radio Flyer,https://www.radioflyer.com,radio-flyer,historical_unverified
radtec,Fire pits/outdoor heaters,Radtec,https://www.radtec.net,radtec,historical_unverified
radtke-sports,Autographs & Signed Memorabilia,Radtke Sports,https://radtkesports.com,radtke-sports,historical_unverified
radwell-international,Industrial Automation & PLC,Radwell International,https://www.radwell.com,radwell-international,historical_unverified
rael,Feminine Care,Rael,https://getrael.com,rael,historical_unverified
rains,Backpacks _ daily/laptop,Rains,https://rains.com,rains,css_values_observed_roles_inferred
raised-right,Dog Food/Treats,Raised Right,https://raisedright.com,raised-right,css_values_observed_roles_inferred
rama-works,Keyboards,RAMA WORKS,https://ramaworks.com,rama-works,historical_unverified
rancilio,Espresso Machines,Rancilio,https://www.ranciliogroup.com,rancilio,historical_unverified
rane,DJ Gear,Rane,https://www.rane.com,rane,historical_unverified
rapidx,Cell Phones & Accessories,RapidX,https://www.rapidx.io,rapidx,historical_unverified
raptic,Cell Phones & Accessories,Raptic,https://www.rapticstrong.com,raptic,historical_unverified
raptis-rare-books,Used/Rare Bookseller,Raptis Rare Books,https://www.raptisrarebooks.com,raptis-rare-books,historical_unverified
rare-beauty,Makeup,Rare Beauty,https://www.rarebeauty.com,rare-beauty,historical_unverified
rarewaves,Movies & TV,Rarewaves,https://www.rarewaves.com,rarewaves,historical_unverified
rascal-friends,Baby Care,Rascal + Friends,https://rascalandfriends.com,rascal-friends,historical_unverified
rasputin-music,Independent Record Store - US,Rasputin Music,https://www.rasputinmusic.com,rasputin-music,historical_unverified
rastelli-s,Specialty Meat/Seafood,Rastelli's,https://rastellis.com,rastelli-s,css_values_observed_roles_inferred
ravensburger,Board Games,Ravensburger,https://www.ravensburger.com,ravensburger,historical_unverified
ravpower,Cell Phones & Accessories,RavPower,https://www.ravpower.com,ravpower,historical_unverified
razer,Controllers,Razer,https://www.razer.com,razer,historical_unverified
rc-fastener,Industrial Fasteners,RC Fastener,https://www.rcfastener.com,rc-fastener,historical_unverified
realforce,Keyboards,Realforce,https://www.realforce.co.jp/en,realforce,historical_unverified
realisation-par,Women's Apparel,Realisation Par,https://realisationpar.com,realisation-par,historical_unverified
reaper-miniatures,Tabletop RPG,Reaper Miniatures,https://www.reapermini.com,reaper-miniatures,historical_unverified
recess,Beverages _ Sparkling/Functional,Recess,https://takearecess.com/,recess,css_values_observed_roles_inferred
reckless-records,Movies & TV,Reckless Records,https://www.reckless.com,reckless-records,historical_unverified
reckless-records-independ-2,Independent Record Store - US,Reckless Records,https://www.reckless.com,reckless-records,historical_unverified
record-city-japan,Independent Record Store - Asia/Other,Record City Japan,https://www.recordcity.jp,record-city-japan,historical_unverified
record-grouch,Independent Record Store - US,Record Grouch,https://www.recordgrouch.com,record-grouch,historical_unverified
red-lion-controls,Industrial Automation & PLC,Red Lion Controls,https://www.redlion.net,red-lion-controls,historical_unverified
red-paddle-co,Watersports,Red Paddle Co,https://redpaddleco.com,red-paddle-co,historical_unverified
red-panda,Guitar Pedals,Red Panda,https://www.redpandalab.com,red-panda,css_values_observed_roles_inferred
redbarn-pet-products,Dog Food/Treats,Redbarn Pet Products,https://redbarn.com,redbarn-pet-products,css_values_observed_roles_inferred
redeye-records,Independent Record Store - UK/EU,Redeye Records,https://www.redeyerecords.co.uk,redeye-records,historical_unverified
reel-paper,Paper Goods,Reel Paper,https://reelpaper.com,reel-paper,historical_unverified
reference-recordings,Audiophile/Hi-Res Label,Reference Recordings,https://www.referencerecordings.com,reference-recordings,historical_unverified
reformation,Women's Apparel,Reformation,https://thereformation.com,reformation,historical_unverified
rega-research,Vinyl Accessories & Audio,Rega Research,https://www.rega.co.uk,rega-research,historical_unverified
rejuvenation,Decor,Rejuvenation,https://www.rejuvenation.com,rejuvenation,historical_unverified
rejuvenation-vintage,Antique Dealer,Rejuvenation Vintage,https://www.rejuvenation.com/shop/vintage,rejuvenation-vintage,historical_unverified
relapse-records,Record Label with Shop,Relapse Records,https://www.relapse.com,relapse-records,historical_unverified
reloop,DJ Gear,Reloop,https://www.reloop.com,reloop,historical_unverified
remarkable,E-readers & Tablets,Remarkable,https://remarkable.com,remarkable,css_values_observed_roles_inferred
remus-innovation,Exhaust Systems,Remus Innovation,https://remus.eu,remus-innovation,css_values_observed_roles_inferred
renegade-game-studios,Board Games,Renegade Game Studios,https://renegadegamestudios.com,renegade-game-studios,historical_unverified
renoun-skis,Winter Sports,Renoun Skis,https://renoun.com,renoun-skis,historical_unverified
rep-fitness,Fitness & Gym,Rep Fitness,https://www.repfitness.com,rep-fitness,historical_unverified
republic-of-cats,Cat Food,Republic of Cats,https://republicofcats.com,republic-of-cats,css_values_observed_roles_inferred
resident-music,Independent Record Store - UK/EU,Resident Music,https://www.resident-music.com,resident-music,historical_unverified
restoration-games,Board Games,Restoration Games,https://restorationgames.com,restoration-games,historical_unverified
retro-city-games,Retro Game Retailer,Retro City Games,https://retrocitygames.com,retro-city-games,historical_unverified
retro-games-uk,Retro Game Retailer,Retro Games UK,https://www.retrogames.co.uk,retro-games-uk,historical_unverified
retro-vgames,Retro Game Retailer,Retro vGames,https://retrovgames.com,retro-vgames,historical_unverified
retro-cade,Arcade Maker,Retro-Cade,https://www.retro-cade.com,retro-cade,historical_unverified
retro-sonic,Guitar Pedals,Retro-Sonic,https://www.retro-sonic.com,retro-sonic,css_values_observed_roles_inferred
retrouvai,Fine jewelry - Diamond/Gemstone,Retrouvai,https://www.retrouvai.com,retrouvai,historical_unverified
revhq,Niche Genre Store,RevHQ,https://www.revhq.com,revhq,historical_unverified
revival-rugs,Decor,Revival Rugs,https://www.revivalrugs.com,revival-rugs,historical_unverified
rhino-rack,Exterior Accessories,Rhino-Rack,https://rhinorack.com,rhino-rack,css_values_observed_roles_inferred
rhode,Skincare,Rhode,https://www.rhode skin.com,rhode,historical_unverified
rhodia,Notebooks & Journals,Rhodia,https://www.rhodiapads.com,rhodia,historical_unverified
rhone,Athleisure,Rhone,https://rhone.com,rhone,historical_unverified
riccar,Vacuums,Riccar,https://www.riccar.com,riccar,historical_unverified
richmond-and-finch,Cell Phones & Accessories,Richmond & Finch,https://www.richmondfinch.com,richmond-and-finch,historical_unverified
rick-steves,Travel accessories,Rick Steves,https://ricksteves.com,rick-steves,css_values_observed_roles_inferred
rifle-paper-co,Stationery & Paper,Rifle Paper Co.,https://riflepaperco.com,rifle-paper-co,historical_unverified
rightstuf-anime-legacy-link,Movies & TV,RightStuf Anime (Legacy link),https://www.rightstufanime.com,rightstuf-anime-legacy-link,historical_unverified
riley-home,Bath,Riley Home,https://rileyhome.com,riley-home,historical_unverified
ring,Smart Home/Security,Ring,https://ring.com,ring,css_values_observed_roles_inferred
ringconn,Wearables,RingConn,https://ringconn.com,ringconn,css_values_observed_roles_inferred
rise-art,Online-only Gallery,Rise Art,https://www.riseart.com,rise-art,historical_unverified
rise-gardens,Urban gardening,Rise Gardens,https://risegardens.com,rise-gardens,historical_unverified
rishi-tea,Tea,Rishi Tea,https://rishi-tea.com,rishi-tea,css_values_observed_roles_inferred
ritani,Fine jewelry - Engagement rings,Ritani,https://www.ritani.com,ritani,historical_unverified
ritual,Wellness,Ritual,https://ritual.com,ritual,historical_partial_css_evidence
ritual-vitamins-2,Vitamins & Supplements,Ritual,https://ritual.com,ritual,historical_unverified
ritual-zero-proof,Beverages _ Non-Alc,Ritual Zero Proof,https://ritualzeroproof.com,ritual-zero-proof,css_values_observed_roles_inferred
rivian-gear-shop,EV Charging Accessories,Rivian Gear Shop,https://rivian.com/gear-shop,rivian-gear-shop,css_values_observed_roles_inferred
rizzoli-bookstore,Specialty Bookstore,Rizzoli Bookstore,https://www.rizzolibookstore.com,rizzoli-bookstore,historical_unverified
rj-julia-booksellers,Independent Bookstore,RJ Julia Booksellers,https://www.rjjulia.com,rj-julia-booksellers,css_values_observed_roles_inferred
rl-drums,Drums,RL Drums,https://www.rldrums.com,rl-drums,css_values_observed_roles_inferred
roa,Outdoor Apparel,ROA,https://www.roa-hiking.com,roa,historical_unverified
roam-luggage,Hard-shell luggage,Roam Luggage,https://roamluggage.com,roam-luggage,css_values_observed_roles_inferred
roborock,Robotic Cleaners,Roborock,https://www.roborock.com,roborock,historical_unverified
robot-coupe,Small Kitchen Appliances,Robot Coupe,https://www.robot-coupe.com,robot-coupe,historical_unverified
rock-archive,Photography Print Shop,Rock Archive,https://www.rockarchive.com,rock-archive,historical_unverified
rocket-espresso,Espresso Machines,Rocket Espresso,https://www.rocket-espresso.com,rocket-espresso,historical_unverified
rockford-fosgate,Car Electronics,Rockford Fosgate,https://rockfordfosgate.com,rockford-fosgate,css_values_observed_roles_inferred
rocky-mountain-hardware,Hardware,Rocky Mountain Hardware,https://rockymountainhardware.com,rocky-mountain-hardware,css_values_observed_roles_inferred
rode,Microphones,Rode,https://www.rode.com,rode,css_values_observed_roles_inferred
rogue-fitness,Fitness & Gym,Rogue Fitness,https://www.roguefitness.com,rogue-fitness,historical_unverified
rogue-hoe,Gardening Tools,Rogue Hoe,https://roguehoe.com,rogue-hoe,css_values_observed_roles_inferred
roland-pianos,Digital Pianos,Roland Pianos,https://www.roland.com,roland-pianos,css_values_observed_roles_inferred
rolling-square,Cell Phones & Accessories,Rolling Square,https://www.rollingsquare.com,rolling-square,historical_unverified
rolling-square-cables-a-2,Cables/Adapters,Rolling Square,https://rollingsquare.com,rolling-square,historical_unverified
roman,Men's Health,Roman,https://ro.co,roman,historical_unverified
romina-furniture,Nursery Furniture,Romina Furniture,https://rominafurniture.com,romina-furniture,css_values_observed_roles_inferred
romoss,Cell Phones & Accessories,Romoss,https://www.romoss.com,romoss,historical_unverified
rooted,Seeds/plants nurseries,Rooted,https://heyrooted.com,rooted,historical_unverified
roterunner,Planners,Roterunner,https://roterunner.com,roterunner,historical_unverified
rotiform,Wheels & Tires,Rotiform,https://rotiform.com,rotiform,css_values_observed_roles_inferred
rough-trade-uk,Independent Record Store - UK/EU,Rough Trade UK,https://www.roughtrade.com/en-gb,rough-trade-uk,historical_unverified
rough-trade-us,Independent Record Store - US,Rough Trade US,https://www.roughtrade.com/en-us,rough-trade-us,historical_unverified
rouje,Women's Apparel,Rouje,https://rouje.com,rouje,historical_unverified
roverlund,Pet Beds & Carriers,Roverlund,https://roverlund.com,roverlund,css_values_observed_roles_inferred
rowenta,Small Kitchen Appliances,Rowenta,https://www.rowentausa.com,rowenta,historical_unverified
roxanne-assoulin,Fashion jewelry - Costume,Roxanne Assoulin,https://www.roxanneassoulin.com,roxanne-assoulin,historical_unverified
royal-botania,Patio dining,Royal Botania,https://www.royalbotania.com,royal-botania,historical_unverified
royal-consumer-information,Shredders & Calculators,Royal Consumer Information,https://www.royal.com,royal-consumer-information,historical_unverified
royal-purple,Motor Oils & Fluids,Royal Purple,https://royalpurple.com,royal-purple,css_values_observed_roles_inferred
rs-rs-group,MRO Supplies,RS (RS Group),https://us.rs-online.com,rs-rs-group,historical_unverified
rsl-speakers,Home Theater,RSL Speakers,https://rslspeakers.com,rsl-speakers,css_values_observed_roles_inferred
rtic-outdoors,Outdoor Accessories,RTIC Outdoors,https://rticoutdoors.com,rtic-outdoors,historical_unverified
rubio-monocoat,Woodworking Tools,Rubio Monocoat,https://rubiomonocoatusa.com,rubio-monocoat,css_values_observed_roles_inferred
ruffwear,Leashes/Collars/Harnesses,Ruffwear,https://ruffwear.com,ruffwear,css_values_observed_roles_inferred
ruggable,Decor,Ruggable,https://ruggable.com,ruggable,historical_unverified
ruggable-outdoor--2,Outdoor rugs/textiles,Ruggable,https://ruggable.com,ruggable,historical_unverified
rugs-usa,Decor,Rugs USA,https://www.rugsusa.com,rugs-usa,historical_unverified
rumi-spice,Spices/Seasoning,Rumi Spice,https://rumispice.com,rumi-spice,css_values_observed_roles_inferred
russell-hazel,Desk Accessories & Organizers,Russell+Hazel,https://www.russellandhazel.com,russell-hazel,historical_unverified
ruvati,Kitchen Fixtures,Ruvati,https://ruvati.com,ruvati,css_values_observed_roles_inferred
rylee-cru,Baby Clothing,Rylee + Cru,https://ryleeandcru.com,rylee-cru,historical_unverified
ryobi,Lawn care equipment/mowers,Ryobi,https://www.ryobitools.com,ryobi,historical_unverified
saalt,Feminine Care,Saalt,https://saalt.com,saalt,historical_unverified
saatva,Bedding,Saatva,https://www.saatva.com,saatva,historical_unverified
sabai,Furniture,Sabai,https://sabai.design,sabai,historical_unverified
sabai-outdoor--2,Outdoor furniture,Sabai,https://sabai.design,sabai,historical_unverified
sabrent,Storage/SSDs,Sabrent,https://www.sabrent.com,sabrent,historical_unverified
sabyasachi,Ethnic/cultural jewelry,Sabyasachi,https://www.sabyasachi.com,sabyasachi,historical_unverified
saddle-creek,Record Label with Shop,Saddle Creek,https://www.saddlecreek.com,saddle-creek,historical_unverified
saddleback-leather,Duffel bags,Saddleback Leather,https://saddlebackleather.com,saddleback-leather,css_values_observed_roles_inferred
sadowsky,Bass Guitars,Sadowsky,https://www.sadowsky.com,sadowsky,css_values_observed_roles_inferred
safavieh,Outdoor rugs/textiles,Safavieh,https://safavieh.com,safavieh,historical_unverified
saie,Makeup,Saie,https://saiehello.com,saie,historical_unverified
sakara-life,Meal Kits/Prepared Foods,Sakara Life,https://sakara.com,sakara-life,css_values_observed_roles_inferred
sakura-bloom,Carriers,Sakura Bloom,https://sakurabloom.com,sakura-bloom,css_values_observed_roles_inferred
sakura-of-america,Pens & Writing,Sakura of America,https://www.sakuraofamerica.com,sakura-of-america,historical_unverified
salazar-packaging,Packaging & Shipping Supplies,Salazar Packaging,https://www.salazarpackaging.com,salazar-packaging,historical_unverified
salt-oral-care,Oral Care,Salt Oral Care,https://www.saltoralcare.com,salt-oral-care,historical_unverified
samsung,Refrigerators,Samsung,https://www.samsung.com,samsung,historical_unverified
sandisk,Storage/SSDs,SanDisk,https://www.sandisk.com,sandisk,historical_unverified
sandqvist,Backpacks _ daily/laptop,Sandqvist,https://sandqvist.com,sandqvist,css_values_observed_roles_inferred
sanzo,Beverages _ Sparkling/Functional,Sanzo,https://drinksanzo.com,sanzo,css_values_observed_roles_inferred
sara-patino-jewelry,Handmade Jewelry,Sara Patino Jewelry,https://sarapatinojewelry.com,sara-patino-jewelry,css_values_observed_roles_inferred
sarah-flint,Shoes - Dress/Boots,Sarah Flint,https://sarahflint.com,sarah-flint,historical_unverified
sardel,Cookware,Sardel,https://sardelkitchen.com,sardel,historical_unverified
sargent-art,Arts & Crafts,Sargent Art,https://www.sargentart.com,sargent-art,historical_unverified
sassy-baby,Baby Toys,Sassy Baby,https://sassybaby.com,sassy-baby,css_values_observed_roles_inferred
satchel-and-page,Duffel bags,Satchel & Page,https://satchel-page.com,satchel-and-page,css_values_observed_roles_inferred
satechi,Cell Phones & Accessories,Satechi,https://www.satechi.net,satechi,historical_unverified
satechi-docking--2,Docking stations/hubs,Satechi,https://satechi.net,satechi,historical_unverified
satechi-desk-acc-2,Desk Accessories & Organizers,Satechi,https://satechi.net,satechi,historical_unverified
satechi-stands,Monitor Arms & Stands,Satechi (Stands),https://satechi.net,satechi,historical_unverified
satisfy,Running,Satisfy,https://satisfyrunning.com,satisfy,historical_unverified
satya-jewelry,Fashion jewelry - Costume,Satya Jewelry,https://www.satyajewelry.com,satya-jewelry,historical_unverified
savory-spice,Spices/Seasoning,Savory Spice,https://savoryspiceshop.com,savory-spice,css_values_observed_roles_inferred
savoy-house,Lighting,Savoy House,https://savoyhouse.com,savoy-house,css_values_observed_roles_inferred
sceptre,Monitors,Sceptre,https://www.sceptre.com,sceptre,historical_unverified
schlage,Hardware,Schlage,https://schlage.com,schlage,css_values_observed_roles_inferred
schoolhouse,Decor,Schoolhouse,https://www.schoolhouse.com,schoolhouse,historical_unverified
schwank,Fire pits/outdoor heaters,Schwank,https://www.schwankgroup.com,schwank,historical_unverified
science-company,Lab Equipment & Supplies,Science Company,https://www.sciencecompany.com,science-company,historical_unverified
science-kit-vwr,Educational Science & STEM,Science Kit (VWR),https://www.sciencekit.com,science-kit-vwr,historical_unverified
scosche,Cell Phones & Accessories,Scosche,https://www.scosche.com,scosche,historical_unverified
scotch-porter,Men's Grooming,Scotch Porter,https://www.scotchporter.com,scotch-porter,historical_unverified
screenshield,Cell Phones & Accessories,ScreenShield,https://www.screenshield.us,screenshield,historical_unverified
scuf-gaming,Controllers,SCUF Gaming,https://scufgaming.com,scuf-gaming,historical_unverified
scuffers,Streetwear,Scuffers,https://scuffers.com,scuffers,historical_unverified
sd-bullion,Coins & Currency,SD Bullion,https://sdbullion.com,sd-bullion,historical_unverified
sea-gull,Lighting,Sea Gull,https://seagulllighting.com,sea-gull,css_values_observed_roles_inferred
sea-to-summit,Camping & Hiking Gear,Sea to Summit,https://seatosummit.com,sea-to-summit,historical_unverified
seabear,Specialty Meat/Seafood,SeaBear,https://seabear.com,seabear,css_values_observed_roles_inferred
seagate,Storage/SSDs,Seagate,https://www.seagate.com,seagate,historical_unverified
season-of-mist,Niche Genre Store,Season of Mist,https://shop.season-of-mist.com,season-of-mist,historical_unverified
seat-covers-unlimited,Interior Accessories,Seat Covers Unlimited,https://seatcoversunlimited.com,seat-covers-unlimited,css_values_observed_roles_inferred
sebo,Vacuums,Sebo,https://www.sebo.us,sebo,historical_unverified
second-sight-films,Movies & TV,Second Sight Films,https://secondsightfilms.co.uk,second-sight-films,historical_unverified
secretlab,Gaming Chairs,Secretlab,https://secretlab.co,secretlab-office,historical_unverified
secretlab-office,Office Chairs,Secretlab (Office),https://secretlab.co,secretlab-office,historical_unverified
secretly-store,Record Label with Shop,Secretly Store,https://www.secretlystore.com,secretly-store,historical_unverified
secrid,Wallets/cardholders,Secrid,https://secrid.com,secrid,css_values_observed_roles_inferred
seed,Wellness,Seed,https://seed.com,seed,historical_unverified
seed-vitamins-2,Vitamins & Supplements,Seed,https://seed.com,seed,historical_unverified
seedlip,Beverages _ Non-Alc,Seedlip,https://seedlipdrinks.com,seedlip,css_values_observed_roles_inferred
seiko,Watches - Affordable/Quartz,Seiko,https://www.seikowatches.com,seiko,historical_unverified
selmer-paris,Wind Instruments,Selmer Paris,https://www.selmer.fr,selmer-paris,historical_unverified
semihandmade,Kitchen Fixtures,Semihandmade,https://semihandmade.com,semihandmade,css_values_observed_roles_inferred
sena-cases,Cell Phones & Accessories,Sena Cases,https://www.senacases.com,sena-cases,historical_unverified
sennheiser,Microphones,Sennheiser,https://www.sennheiser.com,sennheiser,css_values_observed_roles_inferred
sentai-filmworks,Movies & TV,Sentai Filmworks,https://www.sentaifilmworks.com,sentai-filmworks,css_values_observed_roles_inferred
serena-and-lily,Outdoor furniture,Serena & Lily,https://www.serenaandlily.com,serena-and-lily,historical_unverified
seventh-generation,Cleaning Supplies,Seventh Generation,https://seventhgeneration.com,seventh-generation,historical_unverified
severin-films,Movies & TV,Severin Films,https://severin-films.com,severin-films,historical_unverified
seville-classics,Workbench & Tool Storage,Seville Classics,https://www.sevilleclassics.com,seville-classics,historical_unverified
sfoglini,Pasta/Grains,Sfoglini,https://sfoglini.com,sfoglini,css_values_observed_roles_inferred
shades-of-light,Lighting,Shades of Light,https://shadesoflight.com,shades-of-light,css_values_observed_roles_inferred
shake-it-records,Independent Record Store - US,Shake It Records,https://www.shakeitrecords.com,shake-it-records,historical_unverified
shameless-films,Movies & TV,Shameless Films,https://www.shameless-films.com,shameless-films,historical_unverified
shark,Vacuums,Shark,https://www.sharkclean.com,shark,historical_unverified
sharp,Microwaves/Toaster Ovens,Sharp,https://www.sharpusa.com,sharp,historical_unverified
sharpie,Labels & Markers & Highlighters,Sharpie,https://www.sharpie.com,sharpie,historical_unverified
shashi,Fashion jewelry - Costume,Shashi,https://www.shopshashi.com,shashi,historical_unverified
shay-jewelry,Fine jewelry - Diamond/Gemstone,Shay Jewelry,https://www.shayjewelry.com,shay-jewelry,css_values_observed_roles_inferred
shearcomfort,Interior Accessories,ShearComfort,https://shearcomfort.com,shearcomfort,css_values_observed_roles_inferred
sheetlabels-com,Labels & Markers & Highlighters,SheetLabels.com,https://www.sheetlabels.com,sheetlabels-com,historical_unverified
sheets-laundry-club,Laundry Products,Sheets Laundry Club,https://sheetslaundryclub.com,sheets-laundry-club,historical_unverified
sheldon-ceramics,Ceramics/Pottery,Sheldon Ceramics,https://sheldonceramics.com,sheldon-ceramics,css_values_observed_roles_inferred
shelflove-crate,Book Subscription Box,Shelflove Crate,https://www.shelflovebox.com,shelflove-crate,historical_unverified
sherwin-williams,Paint & Finishes,Sherwin-Williams,https://sherwin-williams.com,sherwin-williams,css_values_observed_roles_inferred
shimoda,Camera bags,Shimoda,https://shimodadesigns.com,shimoda,css_values_observed_roles_inferred
shoei-helmets,Motorcycle Parts,Shoei Helmets,https://shoei-helmets.com,shoei-helmets,css_values_observed_roles_inferred
shop-rsa,Autographs & Signed Memorabilia,Shop RSA,https://www.shoprsa.com,shop-rsa,historical_unverified
shopbot-tools,CNC / Laser Cutters / Fabrication,ShopBot Tools,https://www.shopbottools.com,shopbot-tools,historical_unverified
shout-factory,Movies & TV,Shout! Factory,https://shoutfactory.com,shout-factory,historical_unverified
shure,Microphones,Shure,https://www.shure.com,shure,css_values_observed_roles_inferred
sideshow,Action Figures,Sideshow,https://www.sideshow.com,sideshow,historical_unverified
sideshow-action-f-2,Action Figure & Collectibles,Sideshow,https://www.sideshow.com,sideshow,historical_unverified
siete-foods,Snacks/Chips,Siete Foods,https://sietefoods.com,siete-foods,css_values_observed_roles_inferred
sijo,Bath,Sijo,https://sijohome.com,sijo,historical_unverified
silicon-power,Cell Phones & Accessories,Silicon Power,https://www.silicon-power.com,silicon-power,historical_unverified
silkland,Cables/Adapters,Silkland,https://www.silkland.com,silkland,historical_unverified
silver-cross,Strollers,Silver Cross,https://silvercrossbaby.com,silver-cross,css_values_observed_roles_inferred
silver-platters,Movies & TV,Silver Platters,https://www.silverplatters.com,silver-platters,historical_unverified
silver-platters-independ-2,Independent Record Store - US,Silver Platters,https://www.silverplatters.com,silver-platters,historical_unverified
silverts,Elderly Care,Silverts,https://silverts.com,silverts,historical_unverified
simms-fishing,Hunting & Fishing,Simms Fishing,https://www.simmsfishing.com,simms-fishing,historical_unverified
simple-mills,Baked Goods/Bread Mixes,Simple Mills,https://simplemills.com,simple-mills,css_values_observed_roles_inferred
simplicity,Vacuums,Simplicity,https://www.simplicityvac.com,simplicity,historical_unverified
simplified,Planners,Simplified,https://www.emilyley.com,simplified,historical_unverified
single-stone,Bridal & Wedding bands,Single Stone,https://www.singlestone.com,single-stone,historical_unverified
sit-strings,Accessories,SIT Strings,https://www.sitstrings.com,sit-strings,historical_unverified
sjc-drums,Drums,SJC Drums,https://www.sjcdrums.com,sjc-drums,css_values_observed_roles_inferred
sjobergs,Woodworking Tools,Sjobergs,https://sjobergs.se,sjobergs,css_values_observed_roles_inferred
skagen,Watches - Affordable/Quartz,Skagen,https://www.skagen.com,skagen,historical_unverified
skil,Power Tools,Skil,https://skil.com,skil,css_values_observed_roles_inferred
skin-pharm,Skincare,Skin Pharm,https://skinpharm.com,skin-pharm,historical_unverified
skip-hop,Baby/Infant,Skip Hop,https://www.skiphop.com,skip-hop,historical_unverified
skout-s-honor,Grooming,Skout's Honor,https://skoutshonor.com,skout-s-honor,css_values_observed_roles_inferred
skt-ceramics,Ceramics/Pottery,SKT Ceramics,https://sktceramics.com,skt-ceramics,css_values_observed_roles_inferred
skullcandy,Headphones,Skullcandy,https://skullcandy.com,skullcandy,css_values_observed_roles_inferred
skylar,Candles & Scent,Skylar,https://skylar.com,skylar,historical_unverified
skylight-books,Independent Bookstore,Skylight Books,https://www.skylightbooks.com,skylight-books,css_values_observed_roles_inferred
slackers,Outdoor,Slackers,https://slackers.com,slackers,historical_unverified
slumber-cloud,Bedding,Slumber Cloud,https://www.slumbercloud.com,slumber-cloud,historical_unverified
smallbatch-pets,Dog Food/Treats,Smallbatch Pets,https://smallbatchpets.com,smallbatch-pets,css_values_observed_roles_inferred
smalls,Cat Food,Smalls,https://smalls.com,smalls,css_values_observed_roles_inferred
smartgames,Educational,SmartGames,https://www.smartgames.eu,smartgames,historical_unverified
smile-therapy,Oral Care,Smile Therapy,https://smile-therapy.co.uk,smile-therapy,historical_unverified
smith-tea,Tea,Smith Tea,https://smithtea.com,smith-tea,css_values_observed_roles_inferred
smithey,Cookware,Smithey,https://smithey.com,smithey,historical_unverified
smittybilt,Exterior Accessories,Smittybilt,https://smittybilt.com,smittybilt,css_values_observed_roles_inferred
smythson,Stationery & Paper,Smythson,https://www.smythson.com,smythson,historical_unverified
snake-river-farms,Meal Kits/Prepared Foods,Snake River Farms,https://snakeriverfarms.com,snake-river-farms,css_values_observed_roles_inferred
snap-on,Hand Tools,Snap-on,https://snapon.com,snap-on,css_values_observed_roles_inferred
sneeboer,Garden tools,Sneeboer,https://www.sneeboer.com,sneeboer,historical_unverified
snif,Candles & Scent,Snif,https://snif.co,snif,historical_unverified
snoozer,Dog Beds/Furniture,Snoozer,https://snoozerpetproducts.com,snoozer,css_values_observed_roles_inferred
snow-peak,Camping & Hiking Gear,Snow Peak,https://www.snowpeak.com,snow-peak,historical_unverified
snuggle-me-organic,Gear/Playmats,Snuggle Me Organic,https://snugglemeorganic.com,snuggle-me-organic,css_values_observed_roles_inferred
snuza,Monitors/Tech,Snuza,https://snuza.com,snuza,css_values_observed_roles_inferred
society-of-wanderers,Decor,Society of Wanderers,https://societyofwanderers.com,society-of-wanderers,historical_unverified
sodapup,Toys,SodaPup,https://sodapup.com,sodapup,css_values_observed_roles_inferred
sodastream,Water Filtration/Dispensers,SodaStream,https://sodastream.com,sodastream,historical_unverified
sofia-zakia,Bridal & Wedding bands,Sofia Zakia,https://www.sofiazakia.com,sofia-zakia,historical_unverified
soft-services,Body Care,Soft Services,https://softservices.co,soft-services,historical_unverified
soho-home,Outdoor furniture,Soho Home,https://www.sohohome.com,soho-home,historical_unverified
soko,Handmade Jewelry,Soko,https://shopsoko.com,soko,css_values_observed_roles_inferred
solaris-japan,Import Shop,Solaris Japan,https://solarisjapan.com,solaris-japan,historical_unverified
solaris-japan-movies-a-2,Movies & TV,Solaris Japan,https://solarisjapan.com,solaris-japan,historical_unverified
solawave,Tools/Devices,Solawave,https://www.solawave.co,solawave,historical_unverified
soldano,Amps/Cabinets,Soldano,https://www.soldano.com,soldano,css_values_observed_roles_inferred
solly-baby,Carriers,Solly Baby,https://sollybaby.com,solly-baby,historical_unverified
solo-stove,Grills/BBQ,Solo Stove,https://www.solostove.com,solo-stove,historical_unverified
soma,Water Filtration/Dispensers,Soma,https://drinksoma.com,soma,historical_unverified
sonax,Car Care/Wax/Cleaning,Sonax,https://sonax.com,sonax,css_values_observed_roles_inferred
sonic-editions,Photography Print Shop,Sonic Editions,https://www.soniceditions.com,sonic-editions,historical_unverified
sonix,Cell Phones & Accessories,Sonix,https://www.shopsonix.com,sonix,historical_unverified
sophie-buhai,Fine jewelry - Gold/Silver everyday,Sophie Buhai,https://www.sophiebuhai.com,sophie-buhai,historical_unverified
sounds-of-the-universe,Independent Record Store - UK/EU,Sounds of the Universe,https://www.soundsoftheuniverse.com,sounds-of-the-universe,historical_unverified
southern-candle-studio,Handmade Soap & Candles,Southern Candle Studio,https://southerncandlestudio.com,southern-candle-studio,css_values_observed_roles_inferred
southern-lord,Record Label with Shop,Southern Lord,https://www.southernlord.com,southern-lord,historical_unverified
sp5der,Streetwear,Sp5der,https://kingspider.co,sp5der,historical_unverified
spark-grills,Grills/BBQ,Spark Grills,https://www.sparkgrills.com,spark-grills,historical_unverified
spark-paws,Pet Apparel,Spark Paws,https://sparkpaws.com,spark-paws,css_values_observed_roles_inferred
spear-and-jackson,Garden tools,Spear & Jackson,https://www.spear-and-jackson.com,spear-and-jackson,historical_unverified
spearmint-love,Baby Clothing,Spearmint Love,https://spearmintlove.com,spearmint-love,css_values_observed_roles_inferred
specialized,Cycling,Specialized,https://www.specialized.com,specialized,historical_unverified
spector,Bass Guitars,Spector,https://www.spectorbass.com,spector,css_values_observed_roles_inferred
spectra-baby,Feeding,Spectra Baby,https://spectrababyusa.com,spectra-baby,css_values_observed_roles_inferred
speed-queen,Washers/Dryers,Speed Queen,https://www.speedqueen.com,speed-queen,historical_unverified
sphero,STEM,Sphero,https://sphero.com,sphero,historical_unverified
sphero-educatio-2,Educational Science & STEM,Sphero,https://www.sphero.com,sphero,historical_unverified
spi-safety,Industrial Safety & PPE,SPI Safety,https://www.spisafety.com,spi-safety,historical_unverified
spicewalla,Spices/Seasoning,Spicewalla,https://spicewallabrand.com,spicewalla,css_values_observed_roles_inferred
spillers-records,Independent Record Store - UK/EU,Spillers Records,https://www.spillersrecords.co.uk,spillers-records,css_values_observed_roles_inferred
spinelli-kilcollin,Fine jewelry - Diamond/Gemstone,Spinelli Kilcollin,https://www.spinellikilcollin.com,spinelli-kilcollin,css_values_observed_roles_inferred
spirit-tea,Tea,Spirit Tea,https://spirittea.co,spirit-tea,css_values_observed_roles_inferred
spiritless,Beverages _ Non-Alc,Spiritless,https://spiritless.com,spiritless,css_values_observed_roles_inferred
spiritual-gangster,Yoga,Spiritual Gangster,https://www.spiritualgangster.com,spiritual-gangster,historical_unverified
sports-memorabilia,Sports Memorabilia & Cards,Sports Memorabilia,https://www.sportsmemorabilia.com,sports-memorabilia,historical_unverified
spot-and-tango,Dog Food/Treats,Spot & Tango,https://spotandtango.com,spot-and-tango,css_values_observed_roles_inferred
spruth-magers,Contemporary Art Gallery,Sprüth Magers,https://spruethmagers.com,spruth-magers,historical_unverified
square-enix-store,AAA Publisher Store,Square Enix Store,https://www.squareenixstore.com,square-enix-store,historical_unverified
squishmallows,Plush,Squishmallows,https://squishmallows.com,squishmallows,historical_unverified
staber,Washers/Dryers,Staber,https://www.staber.com,staber,historical_unverified
stalogy,Notebooks & Journals,Stalogy,https://stalogy.com,stalogy,historical_unverified
stance,Team Sports,Stance,https://www.stance.com,stance,historical_unverified
stanford-university-press,Academic/University Press,Stanford University Press,https://www.sup.org,stanford-university-press,historical_unverified
stanley-gibbons,Stamp Shop,Stanley Gibbons,https://www.stanleygibbons.com,stanley-gibbons,historical_unverified
star-city-games,Trading Cards,Star City Games,https://www.starcitygames.com,star-city-games,historical_unverified
starboard,Watersports,Starboard,https://sup.star-board.com,starboard,historical_unverified
starface,Skincare,Starface,https://starface.world,starface,historical_unverified
startech,Docking stations/hubs,StarTech,https://www.startech.com,startech,historical_unverified
state-bags,Backpacks _ daily/laptop,State Bags,https://statebags.com,state-bags,css_values_observed_roles_inferred
statik,Cell Phones & Accessories,Statik,https://www.statikco.com,statik,historical_unverified
stationeryhq,Printing services (DTC),StationeryHQ,https://www.stationeryhq.com,stationeryhq,historical_unverified
status-audio,Headphones,Status Audio,https://status.co,status-audio,css_values_observed_roles_inferred
staud,Women's Apparel,Staud,https://staud.clothing,staud,historical_unverified
steel-city-collectibles,Sports Memorabilia & Cards,Steel City Collectibles,https://www.steelcitycollectibles.com,steel-city-collectibles,historical_unverified
steelcase,Desks,Steelcase,https://www.steelcase.com,steelcase,historical_unverified
steelcase-chairs,Office Chairs,Steelcase (Chairs),https://store.steelcase.com,steelcase-chairs,historical_unverified
steelseries,Mice,SteelSeries,https://steelseries.com,steelseries,historical_unverified
steelseries-controll-2,Controllers,SteelSeries,https://steelseries.com,steelseries,historical_unverified
steiff,Plush,Steiff,https://www.steiffusa.com,steiff,historical_unverified
steiner-sports,Sports Memorabilia & Cards,Steiner Sports,https://www.steinersports.com,steiner-sports,historical_unverified
stella-and-chewy-s,Dog Food/Treats,Stella & Chewy's,https://stellaandchewys.com,stella-and-chewy-s,css_values_observed_roles_inferred
stentor,Orchestral,Stentor,https://www.stentor-music.com,stentor,css_values_observed_roles_inferred
step2,Outdoor,Step2,https://www.step2.com,step2,historical_unverified
stephanie-gottlieb,Fine jewelry - Diamond/Gemstone,Stephanie Gottlieb,https://www.stephaniegottlieb.com,stephanie-gottlieb,historical_unverified
stephen-joseph,Kids luggage,Stephen Joseph,https://stephenjosephgifts.com,stephen-joseph,css_values_observed_roles_inferred
sterling-pacific,Hard-shell luggage,Sterling Pacific,https://sterlingpacific.com,sterling-pacific,css_values_observed_roles_inferred
sterling-rope,Climbing,Sterling Rope,https://sterlingrope.com,sterling-rope,historical_unverified
steve-spangler-science,STEM,Steve Spangler Science,https://www.stevespanglerscience.com,steve-spangler-science,historical_unverified
steve-spangler-science-educatio-2,Educational Science & STEM,Steve Spangler Science,https://www.stevespanglerscience.com,steve-spangler-science,historical_unverified
sticker-mule,Labels & Markers & Highlighters,Sticker Mule,https://www.stickermule.com,sticker-mule,historical_unverified
stiletto,Hand Tools,Stiletto,https://stiletto.com,stiletto,css_values_observed_roles_inferred
still-life-ceramics,Ceramics/Pottery,Still Life Ceramics,https://stilllifeceramics.com,still-life-ceramics,css_values_observed_roles_inferred
stix,Women's Health,Stix,https://getstix.co,stix,historical_unverified
stm-goods,Cell Phones & Accessories,STM Goods,https://www.stmgoods.com,stm-goods,historical_unverified
stock-tank-pool,Pools/hot tubs/swim spas,Stock Tank Pool,https://www.stocktankpool.com,stock-tank-pool,historical_unverified
stockfisch-records,Audiophile/Hi-Res Label,Stockfisch Records,https://www.stockfisch-records.de,stockfisch-records,historical_unverified
stokke,Nursery Furniture,Stokke,https://stokke.com,stokke,css_values_observed_roles_inferred
stomping-grounds-tcg,Trading Cards,Stomping Grounds TCG,https://www.stompinggroundstcg.com,stomping-grounds-tcg,historical_unverified
stone-glacier,Hunting & Fishing,Stone Glacier,https://www.stoneglacier.com,stone-glacier,historical_unverified
stonemaier-games,Board Games,Stonemaier Games,https://stonemaiergames.com,stonemaier-games,historical_unverified
stones-throw-records,Record Label with Shop,Stones Throw Records,https://www.stonesthrow.com,stones-throw-records,historical_unverified
strand-books,Independent Bookstore,Strand Books,https://www.strandbooks.com,strand-books,historical_unverified
strangecat-toys,Action Figure & Collectibles,StrangeCat Toys,https://www.strangecattoys.com,strangecat-toys,historical_unverified
strapsco,Watch straps/accessories,StrapsCo,https://www.strapsco.com,strapsco,historical_unverified
strasser-wood,Bathroom Fixtures,Strasser Wood,https://strasserwood.com,strasser-wood,css_values_observed_roles_inferred
stringworks,Orchestral,StringWorks,https://www.stringworks.com,stringworks,historical_unverified
stripes-beauty,Bath/Shower,Stripes Beauty,https://www.stripesbeauty.com,stripes-beauty,historical_unverified
strymon,Guitar Pedals,Strymon,https://www.strymon.net,strymon,css_values_observed_roles_inferred
stubble-and-co,Duffel bags,Stubble & Co,https://stubbleandco.com,stubble-and-co,css_values_observed_roles_inferred
studio-underd0g,Watches - Independent micro-brand,Studio Underd0g,https://www.underd0g.com,studio-underd0g,historical_unverified
stumptown,Coffee,Stumptown,https://stumptowncoffee.com,stumptown,css_values_observed_roles_inferred
sturmglow-dr-barbara-sturm,Skincare,SturmGlow (Dr. Barbara Sturm),https://www.drsturm.com,sturmglow-dr-barbara-sturm,historical_unverified
stussy,Streetwear,Stüssy,https://stussy.com,stussy,historical_unverified
sub-pop-megamart,Record Label with Shop,Sub Pop Megamart,https://megamart.subpop.com,sub-pop-megamart,historical_unverified
sub-zero,Refrigerators,Sub-Zero,https://www.subzero-wolf.com,sub-zero,historical_unverified
sugar-paper,Stationery & Paper,Sugar Paper,https://sugarpaper.com,sugar-paper,historical_unverified
sugar-percussion,Drums,Sugar Percussion,https://www.sugarpercussion.com,sugar-percussion,css_values_observed_roles_inferred
sugarlift,Online-only Gallery,Sugarlift,https://www.sugarlift.com,sugarlift,historical_unverified
suhr,Electric Guitars,Suhr,https://www.suhr.com,suhr,historical_unverified
summer-and-storm,Kids Clothing,Summer and Storm,https://summerandstorm.com,summer-and-storm,css_values_observed_roles_inferred
summer-classics,Patio dining,Summer Classics,https://summerclassics.com,summer-classics,historical_unverified
summer-fridays,Skincare,Summer Fridays,https://summerfridays.com,summer-fridays,historical_unverified
sun-noodle,Pasta/Grains,Sun Noodle,https://sunnoodle.com,sun-noodle,css_values_observed_roles_inferred
sunday,Lawn care equipment/mowers,Sunday,https://www.getsunday.com,sunday,historical_unverified
sundays-for-dogs,Dog Food/Treats,Sundays for Dogs,https://sundaysfordogs.com,sundays-for-dogs,historical_unverified
supcase,Cell Phones & Accessories,Supcase,https://www.supcase.com,supcase,historical_unverified
super7,Action Figures,Super7,https://super7.com,super7,historical_unverified
super7-action-f-2,Action Figure & Collectibles,Super7,https://super7.com,super7,historical_unverified
supergiant-games-store,Indie Studio Merch,Supergiant Games Store,https://store.supergiantgames.com,supergiant-games-store,historical_unverified
supernote,E-readers & Tablets,Supernote,https://supernote.com,supernote,css_values_observed_roles_inferred
supershieldz,Cell Phones & Accessories,Supershieldz,https://www.supershieldz.com,supershieldz,historical_unverified
supreme,Streetwear,Supreme,https://supremenewyork.com,supreme,historical_unverified
survivor,Cell Phones & Accessories,Survivor,https://www.survivorcase.com,survivor,historical_unverified
susan-caplan,Fashion jewelry - Costume,Susan Caplan,https://www.susancaplan.co.uk,susan-caplan,historical_unverified
suzanne-kalan,Fine jewelry - Diamond/Gemstone,Suzanne Kalan,https://www.suzannekalan.com,suzanne-kalan,historical_unverified
svs-sound,Speakers,SVS Sound,https://svsound.com,svs-sound,css_values_observed_roles_inferred
sweaty-betty,Athleisure,Sweaty Betty,https://sweatybetty.com,sweaty-betty,historical_unverified
sweet-loren-s,Baked Goods/Bread Mixes,Sweet Loren's,https://sweetlorens.com,sweet-loren-s,css_values_observed_roles_inferred
switchbot,Smart Home,SwitchBot,https://switch-bot.com,switchbot,css_values_observed_roles_inferred
synapse-films,Movies & TV,Synapse Films,https://synapsefilms.com,synapse-films,historical_unverified
syncwire,Cell Phones & Accessories,Syncwire,https://www.syncwire.com,syncwire,historical_unverified
synology,Networking,Synology,https://www.synology.com,synology,historical_unverified
system76,Laptops,System76,https://system76.com,system76,historical_unverified
sezane,Women's Apparel,Sézane,https://sezane.com,sezane,historical_unverified
tab,Office Storage & Filing,TAB,https://tab.com,tab,historical_unverified
tactipup,Leashes/Collars/Harnesses,Tactipup,https://tactipup.com,tactipup,css_values_observed_roles_inferred
taikan,Cell Phones & Accessories,Taikan,https://www.taikan.com,taikan,historical_unverified
tales-for-tadpoles,Children's Bookstore,Tales for Tadpoles,https://talesfortadpoles.ie,tales-for-tadpoles,historical_unverified
tanner-bolt,Industrial Fasteners,Tanner Bolt,https://www.tannerbolt.com,tanner-bolt,historical_unverified
tappan-collective,Online-only Gallery,Tappan Collective,https://www.tappancollective.com,tappan-collective,historical_unverified
tarinika,Ethnic/cultural jewelry,Tarinika,https://www.tarinika.com,tarinika,historical_unverified
taschen,Zine/Art Book Publisher,Taschen,https://www.taschen.com,taschen,historical_unverified
tattered-cover,Independent Bookstore,Tattered Cover,https://www.tatteredcover.com,tattered-cover,css_values_observed_roles_inferred
taylor-and-hart,Fine jewelry - Engagement rings,Taylor & Hart,https://www.taylorandhart.com,taylor-and-hart,historical_unverified
taylor-guitars,Acoustic Guitars,Taylor Guitars,https://www.taylorguitars.com,taylor-guitars,css_values_observed_roles_inferred
taylor-stitch,Men's Apparel,Taylor Stitch,https://taylorstitch.com,taylor-stitch,historical_unverified
taza-chocolate,Chocolate/Confectionery,Taza Chocolate,https://tazachocolate.com,taza-chocolate,css_values_observed_roles_inferred
tea-collection,Baby Clothing,Tea Collection,https://teacollection.com,tea-collection,css_values_observed_roles_inferred
tea-forte,Tea,Tea Forte,https://teaforte.com,tea-forte,css_values_observed_roles_inferred
techmatte,Cell Phones & Accessories,TechMatte,https://www.techmatte.com,techmatte,historical_unverified
technique,Independent Record Store - Asia/Other,Technique,https://www.technique.co.jp,technique,historical_unverified
technogym,Fitness & Gym,Technogym,https://www.technogym.com,technogym,historical_unverified
teenage-engineering,Specialty Gadgets,Teenage Engineering,https://teenage.engineering,teenage-engineering,css_values_observed_roles_inferred
tefal,Small Kitchen Appliances,Tefal,https://www.t-falusa.com,tefal,historical_unverified
tegu,Wooden,Tegu,https://tegu.com,tegu,historical_unverified
tekla,Bath,Tekla,https://teklafabrics.com,tekla,historical_unverified
tektronix,Measurement & Test Instruments,Tektronix,https://www.tek.com,tektronix,css_values_observed_roles_inferred
telescope-casual,Patio dining,Telescope Casual,https://www.telescopecasual.com,telescope-casual,historical_unverified
tenacious-toys,Action Figure & Collectibles,Tenacious Toys,https://tenacioustoys.com,tenacious-toys,historical_unverified
tenda,Networking,Tenda,https://www.tendacn.com,tenda,historical_unverified
tender-leaf-toys,Wooden,Tender Leaf Toys,https://tenderleaftoys.com,tender-leaf-toys,historical_unverified
teraflex,Off-road/4x4 Gear,TeraFlex,https://teraflex.com,teraflex,css_values_observed_roles_inferred
terra,Baby Care,Terra,https://terra.co.nz,terra,historical_unverified
terra-universal,Cleanroom & HVAC Industrial,Terra Universal,https://www.terrauniversal.com,terra-universal,historical_unverified
terrapin-stationers,Stationery & Paper,Terrapin Stationers,https://terrapinstationers.com,terrapin-stationers,historical_unverified
terror-vision,Movies & TV,Terror Vision,https://www.terror-vision.com,terror-vision,historical_unverified
teton-gravity-research,Winter Sports,Teton Gravity Research,https://www.tetongravity.com,teton-gravity-research,historical_unverified
thaddaeus-ropac,Contemporary Art Gallery,Thaddaeus Ropac,https://ropac.net,thaddaeus-ropac,historical_unverified
thames-and-kosmos,Educational,Thames & Kosmos,https://www.thamesandkosmos.com,thames-and-kosmos,historical_unverified
thames-and-kosmos-educatio-2,Educational Science & STEM,Thames & Kosmos,https://www.thamesandkosmos.com,thames-and-kosmos,historical_unverified
ac-outlet,Cleanroom & HVAC Industrial,The AC Outlet,https://www.theacoutlet.com,ac-outlet,historical_unverified
artling,Online-only Gallery,The Artling,https://theartling.com,artling,historical_unverified
bio-dude,Small Animal/Bird/Reptile,The Bio Dude,https://thebiodude.com,bio-dude,css_values_observed_roles_inferred
booksmith,Independent Bookstore,The Booksmith,https://www.booksmith.com,booksmith,css_values_observed_roles_inferred
children-s-book-shop,Children's Bookstore,The Children's Book Shop,https://www.childrensbookshop.com,children-s-book-shop,historical_unverified
citizenry,Decor,The Citizenry,https://www.the-citizenry.com,citizenry,historical_unverified
clear-cut,Fine jewelry - Engagement rings,The Clear Cut,https://www.theclearcut.co,clear-cut,historical_unverified
container-store,Organization,The Container Store,https://www.containerstore.com,container-store,historical_unverified
criterion-collection,Movies & TV,The Criterion Collection,https://www.criterion.com,criterion-collection,historical_unverified
drama-book-shop,Specialty Bookstore,The Drama Book Shop,https://www.dramabookshop.com,drama-book-shop,historical_unverified
electric-fetus,Movies & TV,The Electric Fetus,https://www.electricfetus.com,electric-fetus,historical_unverified
fabled,Decor,The Fabled,https://thefabled.com,fabled,historical_unverified
farmer-dog,Dog Food/Treats,The Farmer__ Dog,https://thefarmersdog.com,farmer-dog,historical_unverified
feminist-press,Small Press Publisher,The Feminist Press,https://www.feministpress.org,feminist-press,historical_unverified
first-edition-rare-books,Used/Rare Bookseller,The First Edition Rare Books,https://thefirstedition.com,first-edition-rare-books,historical_unverified
frankie-shop,Women's Apparel,The Frankie Shop,https://thefrankieshop.com,frankie-shop,historical_unverified
honest-kitchen,Dog Food/Treats,The Honest Kitchen,https://thehonestkitchen.com,honest-kitchen,css_values_observed_roles_inferred
honey-pot-company,Body Care,The Honey Pot Company,https://thehoneypot.co,honey-pot-company,historical_unverified
humble-co,Oral Care,The Humble Co.,https://thehumble.co,humble-co,historical_unverified
last-bookstore,Independent Bookstore,The Last Bookstore,https://www.lastbookstorela.com,last-bookstore,historical_unverified
last-line,Fine jewelry - Diamond/Gemstone,The Last Line,https://www.thelastline.com,last-line,historical_unverified
laundress,Laundry Products,The Laundress,https://thelaundress.com,laundress,historical_unverified
mysterious-bookshop,Specialty Bookstore,The Mysterious Bookshop,https://www.mysteriousbookshop.com,mysterious-bookshop,historical_unverified
north-way-studio,Bridal & Wedding bands,The North Way Studio,https://www.thenorthwaystudio.com,north-way-studio,historical_unverified
ordinary,Skincare,The Ordinary,https://theordinary.com,ordinary,historical_partial_css_evidence
paper-mill-store,Specialty Paper & Cards,The Paper Mill Store,https://www.thepapermillstore.com,paper-mill-store,historical_unverified
perfect-jean,Denim,The Perfect Jean,https://theperfectjean.nyc,perfect-jean,historical_unverified
poster-club,Print & Poster Shop,The Poster Club,https://theposterclub.com,poster-club,historical_unverified
rag-company,Car Care/Wax/Cleaning,The Rag Company,https://theragcompany.com,rag-company,css_values_observed_roles_inferred
rare-whiskey-shop,Wine & Whisky Collectibles,The Rare Whiskey Shop,https://therarewhiskeyshop.com,rare-whiskey-shop,historical_unverified
ruptured-duck,Militaria & Historical,The Ruptured Duck,https://www.therupturedduck.com,ruptured-duck,historical_unverified
sill,Seeds/plants nurseries,The Sill,https://thesill.com,sill,historical_unverified
spice-house,Spices/Seasoning,The Spice House,https://thespicehouse.com,spice-house,css_values_observed_roles_inferred
thermador,Dishwashers,Thermador,https://www.thermador.com,thermador,historical_unverified
thermaltake,Gaming Desks,ThermalTake,https://www.thermaltake.com,thermaltake,historical_unverified
thermo-fisher-scientific,Lab Equipment & Supplies,Thermo Fisher Scientific,https://www.thermofisher.com,thermo-fisher-scientific,historical_unverified
things-from-another-world,Comic Book Store,Things From Another World,https://www.tfaw.com,things-from-another-world,historical_unverified
think-board,Whiteboards & Cork boards,Think Board,https://www.think-board.com,think-board,historical_unverified
think-tank-photo,Camera bags,Think Tank Photo,https://thinktankphoto.com,think-tank-photo,css_values_observed_roles_inferred
thinkware,Car Electronics,Thinkware,https://thinkware.com,thinkware,css_values_observed_roles_inferred
thinx,Feminine Care,Thinx,https://thinx.com,thinx,historical_unverified
third-eye-comics,Comic Book Store,Third Eye Comics,https://shop.thirdeyecomics.com,third-eye-comics,historical_unverified
third-man-records,Record Label with Shop,Third Man Records,https://www.thirdmanrecords.com,third-man-records,css_values_observed_roles_inferred
third-window-films,Movies & TV,Third Window Films,https://thirdwindowfilms.com,third-window-films,historical_unverified
thomas-scientific,Lab Equipment & Supplies,Thomas Scientific,https://www.thomassci.com,thomas-scientific,historical_unverified
thorlabs,Microscopy & Optics,Thorlabs,https://www.thorlabs.com,thorlabs,historical_unverified
three-ships,Skincare,Three Ships,https://www.threeshipsbeauty.com,three-ships,historical_unverified
three-spirit,Beverages _ Non-Alc,Three Spirit,https://threespiritdrinks.com,three-spirit,css_values_observed_roles_inferred
three-wishes,Cereal & Granola,Three Wishes,https://threewishescereal.com,three-wishes,css_values_observed_roles_inferred
thule,Strollers,Thule,https://thule.com,thule,css_values_observed_roles_inferred
thursday-boots,Shoes - Dress/Boots,Thursday Boots,https://thursdayboots.com,thursday-boots,historical_unverified
tia,Women's Health,Tia,https://asktia.com,tia,historical_unverified
tiger,Small Kitchen Appliances,Tiger,https://www.tiger-corporation.com/en/usa,tiger,historical_unverified
tilit,Kitchen Tools,Tilit,https://www.tilitnyc.com,tilit,historical_unverified
tilly-sveaas,Demi-fine jewelry,Tilly Sveaas,https://www.tillysveaas.co.uk,tilly-sveaas,historical_unverified
timbuk2,Laptop Bags,Timbuk2,https://www.timbuk2.com,timbuk2,historical_unverified
timex,Watches - Affordable/Quartz,Timex,https://www.timex.com,timex,historical_unverified
tin-house,Small Press Publisher,Tin House,https://www.tinhouse.com,tin-house,historical_unverified
tineco,Vacuums,Tineco,https://www.tineco.com,tineco,historical_unverified
tingley-rubber,Industrial Safety & PPE,Tingley Rubber,https://www.tingleyrubber.com,tingley-rubber,historical_unverified
tinkering-labs,STEM,Tinkering Labs,https://tinkeringlabs.com,tinkering-labs,historical_unverified
tinycottons,Kids Clothing,Tinycottons,https://tinycottons.com,tinycottons,css_values_observed_roles_inferred
tissot,Watches - Affordable/Quartz,Tissot,https://www.tissotwatches.com,tissot,historical_unverified
titebond,Woodworking Tools,Titebond,https://titebond.com,titebond,css_values_observed_roles_inferred
toast,Cell Phones & Accessories,Toast,https://www.toastmade.com,toast,historical_unverified
tocris-bioscience,Chemistry & Biology Supplies,Tocris Bioscience,https://www.tocris.com,tocris-bioscience,historical_unverified
todd-merrill-studio,Antique Dealer,Todd Merrill Studio,https://toddmerrillstudio.com,todd-merrill-studio,historical_unverified
toddlekind,Gear/Playmats,Toddlekind,https://toddlekind.com,toddlekind,css_values_observed_roles_inferred
tokyo-otaku-mode,Movies & TV,Tokyo Otaku Mode,https://otakumode.com,tokyo-otaku-mode,historical_unverified
tom-anderson,Electric Guitars,Tom Anderson,https://www.andersonguitars.com,tom-anderson,historical_unverified
tom-wood,Men's jewelry,Tom Wood,https://www.tomwoodproject.com,tom-wood,historical_unverified
tombow,Pens & Writing,Tombow,https://www.tombowusa.com,tombow,historical_unverified
tommee-tippee,Feeding,Tommee Tippee,https://tommeetippee.com,tommee-tippee,css_values_observed_roles_inferred
tonal,Fitness & Gym,Tonal,https://www.tonal.com,tonal,historical_unverified
tony-s-chocolonely,Chocolate/Confectionery,Tony's Chocolonely,https://tonyschocolonely.com,tony-s-chocolonely,css_values_observed_roles_inferred
top-knobs,Hardware,Top Knobs,https://topknobs.com,top-knobs,css_values_observed_roles_inferred
top-shelf-aquatics,Aquarium/Fish,Top Shelf Aquatics,https://topshelfaquatics.com,top-shelf-aquatics,css_values_observed_roles_inferred
topicals,Skincare,Topicals,https://www.mytopicals.com,topicals,historical_unverified
topologie,Cell Phones & Accessories,Topologie,https://www.topologie.com,topologie,historical_unverified
topps,Sports Memorabilia & Cards,Topps,https://www.topps.com,topps,historical_unverified
toro,Lawn care equipment/mowers,Toro,https://www.toro.com,toro,historical_unverified
tortuga,Backpacks _ travel/outdoor,Tortuga,https://tortugabackpacks.com,tortuga,css_values_observed_roles_inferred
toshiba,Microwaves/Toaster Ovens,Toshiba,https://www.toshiba-lifestyle.com,toshiba,historical_unverified
totallee,Cell Phones & Accessories,Totallee,https://www.totalleecase.com,totallee,historical_unverified
toto,Plumbing Fixtures,TOTO,https://totousa.com,toto,css_values_observed_roles_inferred
tower-28,Makeup,Tower 28,https://www.tower28beauty.com,tower-28,historical_unverified
tower-paddle-boards,Watersports,Tower Paddle Boards,https://www.towerpaddleboards.com,tower-paddle-boards,historical_unverified
tp-link,Networking,TP-Link,https://www.tp-link.com,tp-link,historical_unverified
tracksmith,Running,Tracksmith,https://www.tracksmith.com,tracksmith,historical_unverified
tractive,Pet Tech/Cameras,Tractive,https://tractive.com,tractive,css_values_observed_roles_inferred
traeger,Grills/BBQ,Traeger,https://www.traegergrills.com,traeger,historical_unverified
transcat,Measurement & Test Instruments,Transcat,https://www.transcat.com,transcat,historical_unverified
transparent-labs,Vitamins & Supplements,Transparent Labs,https://transparentlabs.com,transparent-labs,historical_unverified
traveler-s-company,Notebooks & Journals,Traveler's Company,https://www.travelers-company.com,traveler-s-company,historical_unverified
travelon,Passport holders/RFID,Travelon,https://travelonbags.com,travelon,css_values_observed_roles_inferred
travelpro,Soft luggage,Travelpro,https://travelpro.com,travelpro,css_values_observed_roles_inferred
trayvax,Wallets/cardholders,Trayvax,https://trayvax.com,trayvax,css_values_observed_roles_inferred
trek,Cycling,Trek,https://www.trekbikes.com,trek,historical_unverified
trex-outdoor-furniture,Outdoor furniture,Trex Outdoor Furniture,https://www.trexoutdoorfurniture.com,trex-outdoor-furniture,historical_unverified
triarchy,Denim,Triarchy,https://triarchy.com,triarchy,historical_unverified
tripped-travel-gear,Travel accessories,Tripped Travel Gear,https://trippedtravelgear.com,tripped-travel-gear,css_values_observed_roles_inferred
troll-and-toad,Trading Cards,Troll and Toad,https://www.trollandtoad.com,troll-and-toad,historical_unverified
troma-direct,Movies & TV,Troma Direct,https://www.tromadirect.com,troma-direct,historical_unverified
tropiclean,Grooming,TropiClean,https://tropiclean.com,tropiclean,css_values_observed_roles_inferred
trotec-laser,CNC / Laser Cutters / Fabrication,Trotec Laser,https://www.troteclaser.com,trotec-laser,historical_unverified
troubadour-goods,Backpacks _ daily/laptop,Troubadour Goods,https://troubadourgoods.com,troubadour-goods,css_values_observed_roles_inferred
troy-lighting,Lighting,Troy Lighting,https://www.hvlgroup.com/Products/Brand/TroyLighting,troy-lighting,css_values_observed_roles_inferred
trtl,Travel pillows/eye masks,Trtl,https://trtltravel.com/,trtl,css_values_observed_roles_inferred
truff,Sauces/Condiments,Truff,https://truff.com,truff,css_values_observed_roles_inferred
trunki,Kids luggage,Trunki,https://www.trunki.co.uk/,trunki,css_values_observed_roles_inferred
tubby-todd,Baby Care,Tubby Todd,https://tubbytodd.com,tubby-todd,historical_unverified
tudor,Watches - Luxury Swiss,Tudor,https://www.tudorwatch.com,tudor,historical_unverified
tula,Carriers,Tula,https://babytula.com,tula,css_values_observed_roles_inferred
tumble,Outdoor rugs/textiles,Tumble,https://tumble.com,tumble,historical_unverified
turntable-lab,Vinyl Accessories & Audio,Turntable Lab,https://www.turntablelab.com,turntable-lab,historical_unverified
turtle-beach,Controllers,Turtle Beach,https://www.turtlebeach.com,turtle-beach,historical_unverified
turtle-wax,Car Care/Wax/Cleaning,Turtle Wax,https://turtlewax.com,turtle-wax,css_values_observed_roles_inferred
tushy,Paper Goods,Tushy,https://hellotushy.com,tushy,historical_unverified
twelve-south,Cell Phones & Accessories,Twelve South,https://www.twelvesouth.com,twelve-south,historical_unverified
twelve-south-cables-a-2,Cables/Adapters,Twelve South,https://www.twelvesouth.com,twelve-south,historical_unverified
tylko,Furniture,Tylko,https://tylko.com,tylko,historical_unverified
u-turn-audio,Vinyl Accessories & Audio,U-Turn Audio,https://www.uturnaudio.com,u-turn-audio,css_values_observed_roles_inferred
ubiquiti,Networking,Ubiquiti,https://ui.com,ubiquiti,historical_unverified
ubisoft-store,AAA Publisher Store,Ubisoft Store,https://store.ubisoft.com,ubisoft-store,historical_unverified
ucon-acrobatics,Backpacks _ daily/laptop,Ucon Acrobatics,https://ucon-acrobatics.com,ucon-acrobatics,css_values_observed_roles_inferred
ugallery,Online-only Gallery,UGallery,https://www.ugallery.com,ugallery,historical_unverified
ugmonk,Desk Accessories & Organizers,Ugmonk,https://ugmonk.com,ugmonk,historical_unverified
ugreen,Cell Phones & Accessories,Ugreen,https://www.ugreen.com,ugreen,historical_unverified
ugreen-cables-a-2,Cables/Adapters,Ugreen,https://www.ugreen.com,ugreen,historical_unverified
uline,Packaging & Shipping Supplies,Uline,https://www.uline.com,uline,historical_unverified
ultimaker,3D Printers & Additive Manufacturing,Ultimaker,https://www.ultimaker.com,ultimaker,historical_unverified
ultimate-autographs,Sports Memorabilia & Cards,Ultimate Autographs,https://ultimateautographs.com,ultimate-autographs,historical_unverified
ultrahuman,Wearables,Ultrahuman,https://ultrahuman.com,ultrahuman,css_values_observed_roles_inferred
umbrella-entertainment,Movies & TV,Umbrella Entertainment,https://shop.umbrellaent.com.au,umbrella-entertainment,historical_unverified
unbottled,Body Care,Unbottled,https://unbottled.co,unbottled,historical_unverified
uncommon-goods,Garden decor,Uncommon Goods,https://www.uncommongoods.com,uncommon-goods,historical_unverified
uni-ball,Pens & Writing,Uni-ball,https://uniballco.com,uni-ball,historical_unverified
uniaccessories,Cell Phones & Accessories,UniAccessories,https://www.uniaccessories.io,uniaccessories,historical_unverified
unimatic,Watches - Independent micro-brand,Unimatic,https://www.unimaticwatches.com,unimatic,historical_unverified
uniqueme,Cell Phones & Accessories,UniqueMe,https://www.uniqueme.com,uniqueme,historical_unverified
unit-editions,Zine/Art Book Publisher,Unit Editions,https://www.uniteditions.com,unit-editions,css_values_observed_roles_inferred
united-record-pressing,Vinyl Pressing Plant,United Record Pressing,https://www.unitedrecordpressing.com,united-record-pressing,historical_unverified
university-of-chicago-press,Academic/University Press,University of Chicago Press,https://press.uchicago.edu,university-of-chicago-press,historical_unverified
unstable-games,Card Games,Unstable Games,https://www.unstablegames.com,unstable-games,historical_unverified
untamed,Cat Food,Untamed,https://untamedcatfood.com,untamed,css_values_observed_roles_inferred
untuckit,Men's Apparel,Untuckit,https://untuckit.com,untuckit,historical_unverified
up1-co-uk,Movies & TV,UP1.co.uk,https://www.up1.co.uk,up1-co-uk,historical_unverified
uplift-desk,Desks,Uplift Desk,https://www.upliftdesk.com,uplift-desk,historical_unverified
uppababy,Strollers,UPPAbaby,https://uppababy.com,uppababy,css_values_observed_roles_inferred
upper-deck,Sports Memorabilia & Cards,Upper Deck,https://www.upperdeck.com,upper-deck,historical_unverified
usual-wines,Wine/Beer/Spirits DTC,Usual Wines,https://usualwines.com,usual-wines,css_values_observed_roles_inferred
vaer,Watches - Independent micro-brand,Vaer,https://www.vaerwatches.com,vaer,historical_unverified
vaja-cases,Cell Phones & Accessories,Vaja Cases,https://www.vajacases.com,vaja-cases,historical_unverified
valerion,TVs & Projectors,Valerion,https://valerion.com,valerion,css_values_observed_roles_inferred
valley-rose,Bridal & Wedding bands,Valley Rose,https://www.valleyrose.co,valley-rose,historical_unverified
vanessa-fernandez,Fine jewelry - Engagement rings,Vanessa Fernandez,https://www.vanessafernandez.com,vanessa-fernandez,historical_unverified
vanmoof,Cycling,VanMoof,https://www.vanmoof.com,vanmoof,historical_unverified
vari,Desks,Vari,https://www.vari.com,vari,historical_unverified
varjo,VR Hardware,Varjo,https://varjo.com,varjo,historical_unverified
varmilo,Keyboards,Varmilo,https://www.varmilo.com,varmilo,historical_unverified
varus-drums,Drums,Varus Drums,https://www.varusdrums.com,varus-drums,css_values_observed_roles_inferred
vava,Monitors/Tech,VAVA,https://vava.com,vava,css_values_observed_roles_inferred
vaxee,Mice,Vaxee,https://www.vaxee.co,vaxee,historical_unverified
vego-garden,Greenhouses/raised beds,Vego Garden,https://vegogarden.com,vego-garden,css_values_observed_roles_inferred
veikk,Graphics Tablets,Veikk,https://www.veikk.com,veikk,historical_unverified
velocity-micro,Desktops/PCs/Builders,Velocity Micro,https://www.velocitymicro.com,velocity-micro,historical_unverified
velvet-caviar,Cell Phones & Accessories,Velvet Caviar,https://www.velvetcaviar.com,velvet-caviar,historical_unverified
veradek,Planters/Pots,Veradek,https://www.veradek.com,veradek,historical_unverified
veritas,Hand Tools,Veritas,https://www.leevalley.com/en-us/tools/brand/veritas/sharpening-tools,veritas,css_values_observed_roles_inferred
vermont-woods-studios,Woodworking,Vermont Woods Studios,https://vermontwoodsstudios.com,vermont-woods-studios,css_values_observed_roles_inferred
verona,Ranges/Cooktops/Ovens,Verona,https://www.veronaappliances.com,verona,historical_unverified
verso-books,Small Press Publisher,Verso Books,https://www.versobooks.com,verso-books,historical_unverified
vertagear,Gaming Chairs,Vertagear,https://www.vertagear.com,vertagear,css_values_observed_roles_inferred
via-vision-entertainment,Movies & TV,Via Vision Entertainment,https://viavision.com.au,via-vision-entertainment,historical_unverified
vicis,Team Sports,Vicis,https://vicis.com,vicis,historical_unverified
victoria-miro,Contemporary Art Gallery,Victoria Miro,https://www.victoria-miro.com,victoria-miro,historical_unverified
victorinox,Soft luggage,Victorinox,https://victorinox.com,victorinox,css_values_observed_roles_inferred
victrola,Vinyl Accessories & Audio,Victrola,https://www.victrola.com,victrola,historical_unverified
victus-sports,Team Sports,Victus Sports,https://victussports.com,victus-sports,historical_unverified
viewsonic,Monitors,ViewSonic,https://www.viewsonic.com,viewsonic,historical_unverified
viking,Refrigerators,Viking,https://www.vikingrange.com,viking,historical_unverified
vincero,Watches,Vincero,https://vincerocollective.com,vincero,historical_unverified
vinegar-syndrome,Movies & TV,Vinegar Syndrome,https://vinegarsyndrome.com,vinegar-syndrome,historical_unverified
vintage-vinyl,Independent Record Store - US,Vintage Vinyl,https://www.vintagevinyl.com,vintage-vinyl,historical_unverified
vinyl-tap,Independent Record Store - UK/EU,Vinyl Tap,https://www.vinyltap.co.uk,vinyl-tap,css_values_observed_roles_inferred
viori-beauty,Bath/Shower,Viori Beauty,https://viori.com,viori-beauty,historical_unverified
virtue-drums,Drums,Virtue Drums,https://www.virtuedrums.com,virtue-drums,css_values_observed_roles_inferred
vista-pro,Outdoor lighting,Vista Pro,https://www.vistapro.com,vista-pro,historical_unverified
vistaprint,Printing services (DTC),Vistaprint,https://www.vistaprint.com,vistaprint,historical_unverified
vital-choice,Specialty Meat/Seafood,Vital Choice,https://vitalchoice.com,vital-choice,css_values_observed_roles_inferred
vital-proteins,Wellness,Vital Proteins,https://www.vitalproteins.com,vital-proteins,historical_unverified
vitaly,Men's jewelry,Vitaly,https://www.vitalydesign.com,vitaly,historical_unverified
vitamix,Smart Home & Appliances,Vitamix,https://www.vitamix.com,vitamix,historical_unverified
vitamix-small-ki-2,Small Kitchen Appliances,Vitamix,https://www.vitamix.com,vitamix,historical_unverified
viva-raw,Cat Food,Viva Raw,https://vivarawpets.com,viva-raw,css_values_observed_roles_inferred
vivaterra,Garden decor,VivaTerra,https://www.vivaterra.com,vivaterra,historical_unverified
voltaic-systems,Cell Phones & Accessories,Voltaic Systems,https://www.voltaicsystems.com,voltaic-systems,historical_unverified
voluspa,Candles & Scent,Voluspa,https://www.voluspa.com,voluspa,historical_unverified
vornado,HVAC/Portable AC/Heaters,Vornado,https://www.vornado.com,vornado,historical_unverified
vortex,Keyboards,Vortex,https://vortexgear.tw,vortex,historical_unverified
vossen-wheels,Wheels & Tires,Vossen Wheels,https://vossenwheels.com,vossen-wheels,css_values_observed_roles_inferred
vox-amps,Amps/Cabinets,Vox Amps,https://www.voxamps.com,vox-amps,css_values_observed_roles_inferred
vr-cover,VR Hardware,VR Cover,https://vr-cover.com,vr-cover,historical_unverified
vrai,Fine jewelry - Engagement rings,Vrai,https://www.vrai.com,vrai,historical_unverified
vrai-jewelry--2,Jewelry - Fine,Vrai,https://vrai.com,vrai,historical_unverified
vuori,Outdoor Apparel,Vuori,https://www.vuoriclothing.com,vuori,historical_unverified
vuori-athleisu-2,Athleisure,Vuori,https://vuoriclothing.com,vuori,historical_unverified
vwr-avantor,Lab Equipment & Supplies,VWR (Avantor),https://www.vwr.com,vwr-avantor,historical_unverified
vyrao,Fragrance,Vyrao,https://vyrao.com,vyrao,historical_unverified
wacom,Graphics Tablets,Wacom,https://www.wacom.com,wacom,historical_unverified
wagwear,Pet Apparel,Wagwear,https://wagwear.com,wagwear,css_values_observed_roles_inferred
walkee-paws,Leashes/Collars/Harnesses,Walkee Paws,https://walkeepaws.com,walkee-paws,css_values_observed_roles_inferred
wallbox,EV Charging Accessories,Wallbox,https://wallbox.com,wallbox,css_values_observed_roles_inferred
walnut-studiolo,Leather Goods,Walnut Studiolo,https://walnutstudiolo.com,walnut-studiolo,css_values_observed_roles_inferred
walrus-audio,Guitar Pedals,Walrus Audio,https://www.walrusaudio.com,walrus-audio,css_values_observed_roles_inferred
wandrd,Backpacks _ travel/outdoor,Wandrd,https://wandrd.com,wandrd,css_values_observed_roles_inferred
warn-industries,Exterior Accessories,Warn Industries,https://warn.com,warn-industries,css_values_observed_roles_inferred
warren-london,Grooming,Warren London,https://warrenlondon.com,warren-london,css_values_observed_roles_inferred
warwick,Bass Guitars,Warwick,https://www.warwick.de/en/Warwick.html,warwick,css_values_observed_roles_inferred
washed-ashore,Demi-fine jewelry,Washed Ashore,https://www.washedashore.co,washed-ashore,historical_unverified
watch-collectors,Watch & Clock Collector,Watch Collectors,https://watchcollectorsllc.com,watch-collectors,historical_unverified
watchestobuy,Watch & Clock Collector,WatchesToBuy,https://watchestobuy.com,watchestobuy,historical_unverified
waterfield-designs,Laptop Bags,WaterField Designs,https://www.sfbags.com,waterfield-designs,historical_unverified
waterloo-records-independ-2,Independent Record Store - US,Waterloo Records,https://www.waterloorecords.com,waterloo-records-independ-2,historical_unverified
watermark-designs,Plumbing Fixtures,Watermark Designs,https://watermark-designs.com,watermark-designs,css_values_observed_roles_inferred
wave-books,Small Press Publisher,Wave Books,https://www.wavepoetry.com,wave-books,historical_unverified
weatherman-umbrella,Umbrella/rain,Weatherman Umbrella,https://weathermanumbrella.com,weatherman-umbrella,css_values_observed_roles_inferred
weber,Grills/BBQ,Weber,https://www.weber.com,weber,historical_unverified
weezie,Bath,Weezie,https://weezietowels.com,weezie,historical_unverified
weiss,Watches - Independent micro-brand,Weiss,https://www.weisswatchcompany.com,weiss,historical_unverified
well-go-usa,Movies & TV,Well Go USA,https://www.wellgousa.com,well-go-usa,historical_unverified
welly,OTC/Wellness,Welly,https://getwelly.com,welly,historical_unverified
wemax,TVs & Projectors,Wemax,https://wemax.com,wemax,css_values_observed_roles_inferred
wempe,Watches - Luxury Swiss,Wempe,https://www.wempe.com,wempe,historical_unverified
wesco-international,MRO Supplies,Wesco International,https://www.wesco.com,wesco-international,historical_unverified
west-paw,Toys,West Paw,https://westpaw.com,west-paw,css_values_observed_roles_inferred
western-digital,Storage/SSDs,Western Digital,https://www.westerndigital.com,western-digital,historical_unverified
western-rise,Outdoor Apparel,Western Rise,https://westernrise.com,western-rise,historical_unverified
western-rise-men-s-ap-2,Men's Apparel,Western Rise,https://westernrise.com,western-rise,historical_unverified
westman-atelier,Makeup,Westman Atelier,https://www.westman-atelier.com,westman-atelier,historical_unverified
what-do-you-meme,Card Games,What Do You Meme?,https://whatdoyoumeme.com,what-do-you-meme,historical_unverified
whirlpool,Washers/Dryers,Whirlpool,https://www.whirlpool.com,whirlpool,historical_unverified
white-cube,Contemporary Art Gallery,White Cube,https://whitecube.com,white-cube,historical_unverified
white-noise-records,Independent Record Store - Asia/Other,White Noise Records,https://www.whitenoiserecords.org,white-noise-records,historical_unverified
whiteside,Woodworking Tools,Whiteside,https://whitesiderouterbits.com,whiteside,css_values_observed_roles_inferred
whitestone-dome,Cell Phones & Accessories,Whitestone Dome,https://www.whitestonedome.com,whitestone-dome,historical_unverified
whitmore-rare-books,Used/Rare Bookseller,Whitmore Rare Books,https://www.whitmorerarebooks.com,whitmore-rare-books,css_values_observed_roles_inferred
who-gives-a-crap,Paper Goods,Who Gives a Crap,https://whogivesacrap.org,who-gives-a-crap,historical_unverified
wicked-vision,Movies & TV,Wicked Vision,https://www.wicked-vision.com,wicked-vision,historical_unverified
wiha,Hand Tools,Wiha,https://wihatools.com,wiha,css_values_observed_roles_inferred
wilcox,Gardening Tools,Wilcox,https://wilcoxallpro.com,wilcox,css_values_observed_roles_inferred
wild-alaskan-company,Specialty Meat/Seafood,Wild Alaskan Company,https://wildalaskancompany.com,wild-alaskan-company,css_values_observed_roles_inferred
wild-earth,Dog Food/Treats,Wild Earth,https://wildearth.com,wild-earth,css_values_observed_roles_inferred
wild-one,Leashes/Collars/Harnesses,Wild One,https://wildone.com,wild-one,css_values_observed_roles_inferred
wild-republic,Plush,Wild Republic,https://www.wildrepublic.com,wild-republic,historical_unverified
wildbird,Carriers,Wildbird,https://wildbird.co,wildbird,historical_unverified
wilderness-systems,Watersports,Wilderness Systems,https://www.wildernesssystems.com,wilderness-systems,historical_unverified
wildflower-cases,Cell Phones & Accessories,Wildflower Cases,https://www.wildflowercases.com,wildflower-cases,historical_unverified
william-ellery,Outdoor Apparel,William Ellery,https://williamellery.co,william-ellery,historical_unverified
willow-hygiene,Elderly Care,Willow Hygiene,https://willow-hygiene.com,willow-hygiene,historical_unverified
winc,Wine/Beer/Spirits DTC,Winc,https://winc.com,winc,css_values_observed_roles_inferred
wind-and-weather,Garden decor,Wind & Weather,https://www.windandweather.com,wind-and-weather,historical_unverified
windmill-air,HVAC/Portable AC/Heaters,Windmill Air,https://windmillair.com,windmill-air,historical_unverified
winix,Air Purifiers,Winix,https://www.winixamerica.com,winix,historical_unverified
wishbone-design,Baby Toys,Wishbone Design,https://wishbonedesign.com,wishbone-design,css_values_observed_roles_inferred
withings,Smartwatches/Hybrid,Withings,https://www.withings.com,withings,historical_unverified
wizkids,Tabletop RPG,WizKids,https://wizkids.com,wizkids,historical_unverified
wolf,Ranges/Cooktops/Ovens,Wolf,https://www.subzero-wolf.com/wolf,wolf,historical_unverified
wolf-and-shepherd,Shoes - Dress/Boots,Wolf & Shepherd,https://wolfandshepherd.com,wolf-and-shepherd,historical_unverified
wolf-circus,Fine jewelry - Gold/Silver everyday,Wolf Circus,https://www.wolfcircus.com,wolf-circus,historical_unverified
wolf-gourmet,Small Kitchen Appliances,Wolf Gourmet,https://www.subzero-wolf.com/wolf-gourmet,wolf-gourmet,historical_unverified
wolfgang-man-and-beast,Leashes/Collars/Harnesses,Wolfgang Man & Beast,https://wolfgangusa.com,wolfgang-man-and-beast,css_values_observed_roles_inferred
womaness,Women's Health,Womaness,https://womaness.com,womaness,historical_unverified
womier,Keyboards,Womier,https://womierkeyboard.com,womier,historical_unverified
wonder-valley,Specialty Oils/Vinegars,Wonder Valley,https://welcometowondervalley.com/,wonder-valley,css_values_observed_roles_inferred
wonder-workshop,STEM,Wonder Workshop,https://www.makewonder.com,wonder-workshop,historical_unverified
woodard,Patio dining,Woodard,https://www.woodard-furniture.com,woodard,historical_unverified
woodcessories,Cell Phones & Accessories,Woodcessories,https://www.woodcessories.com,woodcessories,historical_unverified
woodchuck-usa,Cell Phones & Accessories,Woodchuck USA,https://www.woodchuckusa.com,woodchuck-usa,historical_unverified
wooden-cork,Wine & Whisky Collectibles,Wooden Cork,https://woodencork.com,wooden-cork,historical_unverified
woodland-percussion,Drums,Woodland Percussion,https://www.woodlandpercussion.com,woodland-percussion,css_values_observed_roles_inferred
woof-concept,Leashes/Collars/Harnesses,Woof Concept,https://woofconcept.com,woof-concept,css_values_observed_roles_inferred
wooting,Keyboards,Wooting,https://wooting.io,wooting,historical_unverified
world-wide-corals,Aquarium/Fish,World Wide Corals,https://worldwidecorals.com,world-wide-corals,css_values_observed_roles_inferred
write-notepads-and-co,Notebooks & Journals,Write Notepads & Co.,https://www.writepads.com,write-notepads-and-co,historical_unverified
wunderlang,Kids Clothing,Wunderlang,https://wunderlang.com,wunderlang,css_values_observed_roles_inferred
wuque-studio,Keyboards,Wuque Studio,https://wuquestudio.com,wuque-studio,historical_unverified
wwake,Fine jewelry - Gold/Silver everyday,WWAKE,https://www.wwake.com,wwake,historical_unverified
wyndham-collection,Bathroom Fixtures,Wyndham Collection,https://wyndhamcollection.com,wyndham-collection,css_values_observed_roles_inferred
wyze,Smart Home/Security,Wyze,https://wyze.com,wyze,css_values_observed_roles_inferred
x-chair,Office Chairs,X-Chair,https://www.xchair.com,x-chair,historical_unverified
x-dragon,Cell Phones & Accessories,X-Dragon,https://www.x-dragon.net,x-dragon,historical_unverified
xavier-hufkens,Contemporary Art Gallery,Xavier Hufkens,https://www.xavierhufkens.com,xavier-hufkens,historical_unverified
xentris,Cell Phones & Accessories,Xentris,https://www.xentriswireless.com,xentris,historical_unverified
xgimi,TVs & Projectors,XGIMI,https://xgimi.com,xgimi,css_values_observed_roles_inferred
xigxag,Audiobook DTC,xigxag,https://xigxag.co.uk,xigxag,historical_unverified
xl-recordings,Record Label with Shop,XL Recordings,https://www.xlrecordings.com,xl-recordings,css_values_observed_roles_inferred
xlear,Oral Care,Xlear,https://xlear.com,xlear,historical_unverified
xp-pen,Graphics Tablets,XP-Pen,https://www.xp-pen.com,xp-pen,css_values_observed_roles_inferred
xs-power,Batteries & Electrical,XS Power,https://4xspower.com/,xs-power,css_values_observed_roles_inferred
xtool,CNC / Laser Cutters / Fabrication,xTool,https://www.xtool.com,xtool,historical_unverified
xtorm,Cell Phones & Accessories,Xtorm,https://www.xtorm.eu,xtorm,historical_unverified
xtrfy,Mice,Xtrfy,https://xtrfy.com,xtrfy,historical_unverified
yacht-club-games-store,Indie Studio Merch,Yacht Club Games Store,https://yachtclubgames.com/store,yacht-club-games-store,historical_unverified
yakima,Exterior Accessories,Yakima,https://yakima.com,yakima,css_values_observed_roles_inferred
yale,Hardware,Yale,https://yalehome.com,yale,css_values_observed_roles_inferred
yale-university-press,Academic/University Press,Yale University Press,https://yalebooks.yale.edu,yale-university-press,historical_unverified
yam,Demi-fine jewelry,Yam,https://www.yamnyc.com,yam,historical_unverified
yamaha-pianos,Digital Pianos,Yamaha Pianos,https://usa.yamaha.com/products/musical_instruments/pianos/,yamaha-pianos,css_values_observed_roles_inferred
yamazaki-home,Organization,Yamazaki Home,https://theyamazakihome.com,yamazaki-home,historical_unverified
yamazaki-home-desk-acc-2,Desk Accessories & Organizers,Yamazaki Home,https://theyamazakihome.com,yamazaki-home,historical_unverified
yanagisawa,Wind Instruments,Yanagisawa,https://www.yanagisawasax.co.jp,yanagisawa,historical_unverified
yardbird,Furniture,Yardbird,https://yardbird.com,yardbird,historical_unverified
yardbird-outdoor--2,Outdoor furniture,Yardbird,https://yardbird.com,yardbird,historical_unverified
year-and-day,Dinnerware,Year & Day,https://yearandday.com,year-and-day,historical_unverified
yellowbird,Sauces/Condiments,Yellowbird,https://yellowbirdsauce.com,yellowbird,css_values_observed_roles_inferred
yellowkorner,Photography Print Shop,YellowKorner,https://www.yellowkorner.com,yellowkorner,historical_unverified
yogi-bare,Yoga,Yogi Bare,https://www.yogi-bare.co.uk,yogi-bare,historical_unverified
yoko-london,Pearls/Jade specialty,Yoko London,https://www.yokolondon.com,yoko-london,historical_unverified
yokogawa,Measurement & Test Instruments,Yokogawa,https://www.yokogawa.com,yokogawa,historical_unverified
young-days,Kids Clothing,Young Days,https://youngdays.com,young-days,css_values_observed_roles_inferred
youth-to-the-people,Skincare,Youth to the People,https://www.youthtothepeople.com,youth-to-the-people,historical_unverified
yunzii,Keyboards,Yunzii,https://www.yunzii.com,yunzii,historical_unverified
z-candles,Handmade Soap & Candles,Z Candles,https://zcandlestudio.com,z-candles,css_values_observed_roles_inferred
zebra-pen,Labels & Markers & Highlighters,Zebra Pen,https://www.zebrapen.com,zebra-pen,historical_unverified
zee-dog,Leashes/Collars/Harnesses,Zee.Dog,https://zeedog.com,zee-dog,css_values_observed_roles_inferred
zelos,Watches - Independent micro-brand,Zelos,https://www.zeloswatches.com,zelos,historical_unverified
zendure,Cell Phones & Accessories,Zendure,https://www.zendure.com,zendure,historical_unverified
zens,Cell Phones & Accessories,Zens,https://www.zens.tech,zens,historical_unverified
zero-grid,Passport holders/RFID,Zero Grid,https://zerogrid.com,zero-grid,css_values_observed_roles_inferred
zerowater,Water Filtration/Dispensers,ZeroWater,https://www.zerowater.com,zerowater,historical_unverified
zesty-paws,Pet Supplements,Zesty Paws,https://zestypaws.com,zesty-paws,css_values_observed_roles_inferred
zia-records,Movies & TV,Zia Records,https://www.ziarecords.com,zia-records,historical_unverified
zia-records-independ-2,Independent Record Store - US,Zia Records,https://www.ziarecords.com,zia-records,historical_unverified
zinc-flyte,Kids luggage,Zinc Flyte,https://zincsports.com/en-us/pages/flyte,zinc-flyte,css_values_observed_roles_inferred
zojirushi,Small Kitchen Appliances,Zojirushi,https://www.zojirushi.com,zojirushi,historical_unverified
zoro,MRO Supplies,Zoro,https://www.zoro.com,zoro,historical_unverified
zowie,Monitors,Zowie,https://zowie.benq.com,zowie,historical_unverified
zpacks,Camping & Hiking Gear,Zpacks,https://zpacks.com,zpacks,historical_unverified
