slug,category,brand_name,url
caraway,Cookware,Caraway,https://www.carawayhome.com
our-place,Cookware,Our Place,https://fromourplace.com
made-in,Cookware,Made In,https://madeincookware.com
material-kitchen,Cookware,Material Kitchen,https://materialkitchen.com
great-jones,Cookware,Great Jones,https://greatjonesgoods.com
field-company,Cookware,Field Company,https://fieldcompany.com
sardel,Cookware,Sardel,https://sardelkitchen.com
hexclad,Cookware,Hexclad,https://hexclad.com
misen,Cookware,Misen,https://misen.com
abbio,Cookware,Abbio,https://abbiokitchen.com
goldilocks,Cookware,Goldilocks,https://cookwithgoldilocks.com
proclamation-goods,Cookware,Proclamation Goods,https://proclamationgoods.com
hestan,Cookware,Hestan,https://hestanculinary.com
smithey,Cookware,Smithey,https://smithey.com
finex,Cookware,Finex,https://finexusa.com
butter-pat-industries,Cookware,Butter Pat Industries,https://butterpatindustries.com
gir,Kitchen Tools,GIR,https://getgir.com
fellow,Kitchen Tools,Fellow,https://fellowproducts.com
aarke,Kitchen Tools,Aarke,https://www.aarke.com
beast-health,Kitchen Tools,Beast Health,https://thebeast.com
hedley-and-bennett,Kitchen Tools,Hedley & Bennett,https://www.hedleyandbennett.com
messermeister,Kitchen Tools,Messermeister,https://www.messermeister.com
tilit,Kitchen Tools,Tilit,https://www.tilitnyc.com
cangshan,Kitchen Tools,Cangshan,https://cangshancutlery.com
opinel,Kitchen Tools,Opinel,https://www.opinel-usa.com
kamikoto,Kitchen Tools,Kamikoto,https://kamikoto.com
dreamfarm,Kitchen Tools,Dreamfarm,https://dreamfarm.com
east-fork,Dinnerware,East Fork,https://eastfork.com
haand,Dinnerware,Haand,https://haand.us
fable,Dinnerware,Fable,https://fablehome.co
jono-pandolfi,Dinnerware,Jono Pandolfi,https://www.jonopandolfi.com
year-and-day,Dinnerware,Year & Day,https://yearandday.com
heath-ceramics,Dinnerware,Heath Ceramics,https://www.heathceramics.com
mud-australia,Dinnerware,Mud Australia,https://mudaustralia.com
mora-ceramics,Dinnerware,Mora Ceramics,https://moraceramics.com
brooklinen,Bedding,Brooklinen,https://www.brooklinen.com
parachute,Bedding,Parachute,https://www.parachutehome.com
boll-and-branch,Bedding,Boll & Branch,https://www.bollandbranch.com
ettitude,Bedding,Ettitude,https://www.ettitude.com
cozy-earth,Bedding,Cozy Earth,https://cozyearth.com
buffy,Bedding,Buffy,https://buffy.co
slumber-cloud,Bedding,Slumber Cloud,https://www.slumbercloud.com
quince,Bedding,Quince,https://www.quince.com
morrow-soft-goods,Bedding,Morrow Soft Goods,https://morrowsoftgoods.com
casper,Bedding,Casper,https://casper.com
saatva,Bedding,Saatva,https://www.saatva.com
helix-sleep,Bedding,Helix Sleep,https://helixsleep.com
leesa,Bedding,Leesa,https://www.leesa.com
weezie,Bath,Weezie,https://weezietowels.com
onsen,Bath,Onsen,https://onsentowel.com
tekla,Bath,Tekla,https://teklafabrics.com
sijo,Bath,Sijo,https://sijohome.com
coyuchi,Bath,Coyuchi,https://www.coyuchi.com
riley-home,Bath,Riley Home,https://rileyhome.com
public-goods,Bath,Public Goods,https://www.publicgoods.com
blueland,Bath,Blueland,https://www.blueland.com
grove-collaborative,Bath,Grove Collaborative,https://www.grove.co
aesop,Bath,Aesop,https://www.aesop.com
flamingo-estate,Bath,Flamingo Estate,https://flamingoestate.com
burrow,Furniture,Burrow,https://burrow.com
maiden-home,Furniture,Maiden Home,https://maidenhome.com
sabai,Furniture,Sabai,https://sabai.design
monte-design,Furniture,Monte Design,https://montedesign.com
lalo,Furniture,Lalo,https://meetlalo.com
tylko,Furniture,Tylko,https://tylko.com
outer,Furniture,Outer,https://liveouter.com
yardbird,Furniture,Yardbird,https://yardbird.com
floyd,Furniture,Floyd,https://floydhome.com
inside-weather,Furniture,Inside Weather,https://insideweather.com
joybird,Furniture,Joybird,https://joybird.com
revival-rugs,Decor,Revival Rugs,https://www.revivalrugs.com
ruggable,Decor,Ruggable,https://ruggable.com
citizenry,Decor,The Citizenry,https://www.the-citizenry.com
nordic-knots,Decor,Nordic Knots,https://nordicknots.com
rugs-usa,Decor,Rugs USA,https://www.rugsusa.com
society-of-wanderers,Decor,Society of Wanderers,https://societyofwanderers.com
fabled,Decor,The Fabled,https://thefabled.com
magnolia,Decor,Magnolia,https://magnolia.com
jayson-home,Decor,Jayson Home,https://www.jaysonhome.com
schoolhouse,Decor,Schoolhouse,https://www.schoolhouse.com
rejuvenation,Decor,Rejuvenation,https://www.rejuvenation.com
hay,Decor,Hay,https://www.hay.com
muuto,Decor,Muuto,https://www.muuto.com
voluspa,Candles & Scent,Voluspa,https://www.voluspa.com
nest-new-york,Candles & Scent,Nest New York,https://www.nestnewyork.com
harlem-candle-company,Candles & Scent,Harlem Candle Company,https://www.harlemcandlecompany.com
diptyque,Candles & Scent,Diptyque,https://www.diptyqueparis.com
aera,Candles & Scent,Aera,https://www.aeraforhome.com
pura,Candles & Scent,Pura,https://www.trypura.com
skylar,Candles & Scent,Skylar,https://skylar.com
snif,Candles & Scent,Snif,https://snif.co
open-spaces,Organization,Open Spaces,https://getopenspaces.com
yamazaki-home,Organization,Yamazaki Home,https://theyamazakihome.com
neat-method,Organization,Neat Method,https://neatmethod.com
mdesign,Organization,mDesign,https://mdesignhomedecor.com
idesign,Organization,iDesign,https://idesignlive.com
honey-can-do,Organization,Honey-Can-Do,https://www.honeycando.com
container-store,Organization,The Container Store,https://www.containerstore.com
elfa,Organization,Elfa,https://www.elfa.com
balmuda,Smart Home & Appliances,Balmuda,https://us.balmuda.com
june-oven,Smart Home & Appliances,June Oven,https://juneoven.com
anova-culinary,Smart Home & Appliances,Anova Culinary,https://anovaculinary.com
meater,Smart Home & Appliances,Meater,https://www.meater.com
ooni,Smart Home & Appliances,Ooni,https://ooni.com
gozney,Smart Home & Appliances,Gozney,https://www.gozney.com
breville,Smart Home & Appliances,Breville,https://www.breville.com
vitamix,Smart Home & Appliances,Vitamix,https://www.vitamix.com
glossier,Skincare,Glossier,https://www.glossier.com
drunk-elephant,Skincare,Drunk Elephant,https://www.drunkelephant.com
ordinary,Skincare,The Ordinary,https://theordinary.com
rhode,Skincare,Rhode,https://www.rhode skin.com
maelys,Skincare,Maëlys,https://www.maelyscosmetics.com
medik8,Skincare,Medik8,https://www.medik8.com
beauty-of-joseon,Skincare,Beauty of Joseon,https://beautyofjoseon.com
glow-recipe,Skincare,Glow Recipe,https://www.glowrecipe.com
mara-beauty,Skincare,MARA Beauty,https://themarabeauty.com
ayuna,Skincare,Ayuna,https://ayuna.co
activist-skincare,Skincare,Activist Skincare,https://activistskincare.com
sturmglow-dr-barbara-sturm,Skincare,SturmGlow (Dr. Barbara Sturm),https://www.drsturm.com
barefaced,Skincare,Barefaced,https://www.barefaced.com
dr-dennis-gross,Skincare,Dr. Dennis Gross,https://drdennisgross.com
three-ships,Skincare,Three Ships,https://www.threeshipsbeauty.com
prequel,Skincare,Prequel,https://prequelskin.com
dieux,Skincare,Dieux,https://www.dieuxskin.com
cocokind,Skincare,Cocokind,https://www.cocokind.com
kravebeauty,Skincare,KraveBeauty,https://kravebeauty.com
youth-to-the-people,Skincare,Youth to the People,https://www.youthtothepeople.com
summer-fridays,Skincare,Summer Fridays,https://summerfridays.com
skin-pharm,Skincare,Skin Pharm,https://skinpharm.com
topicals,Skincare,Topicals,https://www.mytopicals.com
starface,Skincare,Starface,https://starface.world
hero-cosmetics,Skincare,Hero Cosmetics,https://www.herocosmetics.us
bubble,Skincare,Bubble,https://hellobubble.com
function-of-beauty,Haircare,Function of Beauty,https://www.functionofbeauty.com
prose,Haircare,Prose,https://prose.com
briogeo,Haircare,Briogeo,https://briogeohair.com
ouai,Haircare,OUAI,https://theouai.com
act-acre,Haircare,Act + Acre,https://actandacre.com
amika,Haircare,Amika,https://loveamika.com
aura-hair-care,Haircare,AURA Hair Care,https://www.aurahaircare.com
beached,Haircare,Beached,https://beached.shop
beardbrand,Haircare,Beardbrand,https://www.beardbrand.com
mermade-hair,Haircare,Mermade Hair,https://www.mermadehair.com
magic-sleek,Haircare,Magic Sleek,https://www.magicsleek.com
mk-professional,Haircare,MK Professional,https://mkprofessional.com
k18-hair,Haircare,K18 Hair,https://www.k18hair.com
kosas,Makeup,Kosas,https://kosas.com
ilia-beauty,Makeup,Ilia Beauty,https://iliabeauty.com
milk-makeup,Makeup,Milk Makeup,https://www.milkmakeup.com
il-makiage,Makeup,Il Makiage,https://www.ilmakiage.com
kylie-cosmetics,Makeup,Kylie Cosmetics,https://kyliecosmetics.com
rare-beauty,Makeup,Rare Beauty,https://www.rarebeauty.com
fenty-beauty,Makeup,Fenty Beauty,https://www.fentybeauty.com
huda-beauty,Makeup,Huda Beauty,https://hudabeauty.com
nl-beauty,Makeup,NL Beauty,https://nlbeauty.bg
merit,Makeup,Merit,https://www.meritbeauty.com
westman-atelier,Makeup,Westman Atelier,https://www.westman-atelier.com
saie,Makeup,Saie,https://saiehello.com
jones-road,Makeup,Jones Road,https://jonesroadbeauty.com
makeup-by-mario,Makeup,Makeup by Mario,https://www.makeupbymario.com
patrick-ta-beauty,Makeup,Patrick Ta Beauty,https://patrickta.com
tower-28,Makeup,Tower 28,https://www.tower28beauty.com
phlur,Fragrance,Phlur,https://phlur.com
dossier,Fragrance,Dossier,https://dossier.co
dedcool,Fragrance,DedCool,https://dedcool.com
vyrao,Fragrance,Vyrao,https://vyrao.com
nette,Fragrance,Nette,https://nettenyc.com
maison-louis-marie,Fragrance,Maison Louis Marie,https://maisonlouismarie.com
heretic-parfum,Fragrance,Heretic Parfum,https://hereticparfum.com
ffern,Fragrance,Ffern,https://ffern.co
harry-s,Men's Grooming,Harry's,https://www.harrys.com
dollar-shave-club,Men's Grooming,Dollar Shave Club,https://www.dollarshaveclub.com
hims,Men's Grooming,Hims,https://www.forhims.com
bevel,Men's Grooming,Bevel,https://getbevel.com
oars-alps,Men's Grooming,Oars + Alps,https://www.oarsandalps.com
scotch-porter,Men's Grooming,Scotch Porter,https://www.scotchporter.com
beardbrand-men-s-gr-2,Men's Grooming,Beardbrand,https://www.beardbrand.com
beard-and-blade,Men's Grooming,Beard & Blade,https://www.beardandblade.com.au
hismile,Oral Care,Hismile,https://www.hismileteeth.com
bite,Oral Care,Bite,https://bitestep.com
boka,Oral Care,Boka,https://www.boka.com
xlear,Oral Care,Xlear,https://xlear.com
smile-therapy,Oral Care,Smile Therapy,https://smile-therapy.co.uk
burst-oral-care,Oral Care,Burst Oral Care,https://www.burstoralcare.com
perfora,Oral Care,Perfora,https://perfora.co.in
salt-oral-care,Oral Care,Salt Oral Care,https://www.saltoralcare.com
humble-co,Oral Care,The Humble Co.,https://thehumble.co
ojook,Oral Care,Ojook,https://ojookcare.com
native,Body Care,Native,https://www.nativecos.com
billie,Body Care,Billie,https://mybillie.com
honey-pot-company,Body Care,The Honey Pot Company,https://thehoneypot.co
unbottled,Body Care,Unbottled,https://unbottled.co
lume-deodorant,Body Care,Lume Deodorant,https://lumedeodorant.com
bippy,Body Care,Bippy,https://heybippy.com
fur,Body Care,Fur,https://furyou.com
megababe,Body Care,Megababe,https://megababebeauty.com
esker-beauty,Body Care,Esker Beauty,https://eskerbeauty.com
soft-services,Body Care,Soft Services,https://softservices.co
flamingo,Body Care,Flamingo,https://www.shopflamingo.com
vital-proteins,Wellness,Vital Proteins,https://www.vitalproteins.com
hers,Wellness,Hers,https://www.forhers.com
hum-nutrition,Wellness,Hum Nutrition,https://www.humnutrition.com
seed,Wellness,Seed,https://seed.com
athletic-greens-ag1,Wellness,Athletic Greens (AG1),https://drinkag1.com
ritual,Wellness,Ritual,https://ritual.com
foreo,Tools/Devices,Foreo,https://www.foreo.com
nuface,Tools/Devices,NuFace,https://www.mynuface.com
currentbody,Tools/Devices,CurrentBody,https://www.currentbody.com
solawave,Tools/Devices,Solawave,https://www.solawave.co
higherdose,Tools/Devices,HigherDOSE,https://higherdose.com
dr-dennis-gross-spectralite,Tools/Devices,Dr. Dennis Gross (Spectralite),https://drdennisgross.com
viori-beauty,Bath/Shower,Viori Beauty,https://viori.com
ncla-beauty,Bath/Shower,NCLA Beauty,https://nclabeauty.com
being-frenshe,Bath/Shower,Being Frenshe,https://www.beingfrenshe.com
flewd,Bath/Shower,Flewd,https://flewd.com
ovii,Bath/Shower,Ovii,https://ovii.com
canopy,Bath/Shower,Canopy,https://getcanopy.co
stripes-beauty,Bath/Shower,Stripes Beauty,https://www.stripesbeauty.com
flaus,Bath/Shower,Flaus,https://getflaus.com
patagonia,Outdoor Apparel,Patagonia,https://www.patagonia.com
cotopaxi,Outdoor Apparel,Cotopaxi,https://www.cotopaxi.com
free-fly,Outdoor Apparel,Free Fly,https://www.freeflyapparel.com
vuori,Outdoor Apparel,Vuori,https://www.vuoriclothing.com
18-east,Outdoor Apparel,18 East,https://18east.co
earthstudies,Outdoor Apparel,EarthStudies,https://earth-studies.com
cayl,Outdoor Apparel,Cayl,https://www.cayl.co.kr
roa,Outdoor Apparel,ROA,https://www.roa-hiking.com
ostrya,Outdoor Apparel,Ostrya,https://ostryaequipment.com
pilgrim-surf-supply,Outdoor Apparel,Pilgrim Surf + Supply,https://pilgrimsurfsupply.com
william-ellery,Outdoor Apparel,William Ellery,https://williamellery.co
marine-layer,Outdoor Apparel,Marine Layer,https://www.marinelayer.com
western-rise,Outdoor Apparel,Western Rise,https://westernrise.com
durston-gear,Camping & Hiking Gear,Durston Gear,https://durstongear.com
enlightened-equipment,Camping & Hiking Gear,Enlightened Equipment,https://enlightenedequipment.com
gossamer-gear,Camping & Hiking Gear,Gossamer Gear,https://www.gossamergear.com
hyperlite-mountain-gear,Camping & Hiking Gear,Hyperlite Mountain Gear,https://www.hyperlitemountaingear.com
outdoor-vitals,Camping & Hiking Gear,Outdoor Vitals,https://outdoorvitals.com
zpacks,Camping & Hiking Gear,Zpacks,https://zpacks.com
nemo-equipment,Camping & Hiking Gear,Nemo Equipment,https://www.nemoequipment.com
big-agnes,Camping & Hiking Gear,Big Agnes,https://www.bigagnes.com
sea-to-summit,Camping & Hiking Gear,Sea to Summit,https://seatosummit.com
jetboil,Camping & Hiking Gear,Jetboil,https://jetboil.johnsonoutdoors.com
biolite,Camping & Hiking Gear,BioLite,https://www.bioliteenergy.com
snow-peak,Camping & Hiking Gear,Snow Peak,https://www.snowpeak.com
kammok,Camping & Hiking Gear,Kammok,https://kammok.com
canyon,Cycling,Canyon,https://www.canyon.com
allied-cycle-works,Cycling,Allied Cycle Works,https://alliedcycleworks.com
lynskey,Cycling,Lynskey,https://lynskeyperformance.com
moots,Cycling,Moots,https://moots.com
commencal,Cycling,Commencal,https://www.commencal.com
evil-bikes,Cycling,Evil Bikes,https://www.evil-bikes.com
cowboy,Cycling,Cowboy,https://cowboy.com
vanmoof,Cycling,VanMoof,https://www.vanmoof.com
rad-power-bikes,Cycling,Rad Power Bikes,https://www.radpowerbikes.com
specialized,Cycling,Specialized,https://www.specialized.com
trek,Cycling,Trek,https://www.trekbikes.com
on,Running,On,https://www.on-running.com
tracksmith,Running,Tracksmith,https://www.tracksmith.com
ciele-athletics,Running,Ciele Athletics,https://cieleathletics.com
satisfy,Running,Satisfy,https://satisfyrunning.com
district-vision,Running,District Vision,https://www.districtvision.com
janji,Running,Janji,https://janji.com
rabbit,Running,Rabbit,https://www.runinrabbit.com
brooks,Running,Brooks,https://www.brooksrunning.com
peloton,Fitness & Gym,Peloton,https://www.onepeloton.com
tonal,Fitness & Gym,Tonal,https://www.tonal.com
technogym,Fitness & Gym,Technogym,https://www.technogym.com
rep-fitness,Fitness & Gym,Rep Fitness,https://www.repfitness.com
rogue-fitness,Fitness & Gym,Rogue Fitness,https://www.roguefitness.com
major-fitness,Fitness & Gym,Major Fitness,https://www.major-fitness.com
apex,Fitness & Gym,Apex,https://apexride.com
arena,Fitness & Gym,Arena,https://arena.fit
bala,Fitness & Gym,Bala,https://shopbala.com
clmbr,Fitness & Gym,Clmbr,https://clmbr.com
core-meditation,Fitness & Gym,Core Meditation,https://www.hellocore.com
hydrow,Fitness & Gym,Hydrow,https://hydrow.com
ergatta,Fitness & Gym,Ergatta,https://ergatta.com
alo-yoga,Yoga,Alo Yoga,https://www.aloyoga.com
spiritual-gangster,Yoga,Spiritual Gangster,https://www.spiritualgangster.com
electric-and-rose,Yoga,Electric & Rose,https://www.electricandrose.com
manduka,Yoga,Manduka,https://www.manduka.com
jade-yoga,Yoga,Jade Yoga,https://jadeyoga.com
liforme,Yoga,Liforme,https://liforme.com
yogi-bare,Yoga,Yogi Bare,https://www.yogi-bare.co.uk
b-yoga,Yoga,B Yoga,https://byoganow.com
petzl,Climbing,Petzl,https://www.petzl.com
la-sportiva,Climbing,La Sportiva,https://www.lasportiva.com
evolv,Climbing,Evolv,https://www.evolvsports.com
five-ten,Climbing,Five Ten,https://www.adidas.com/us/fiveten
metolius,Climbing,Metolius,https://www.metoliusclimbing.com
sterling-rope,Climbing,Sterling Rope,https://sterlingrope.com
tower-paddle-boards,Watersports,Tower Paddle Boards,https://www.towerpaddleboards.com
irocker,Watersports,iRocker,https://irockersup.com
red-paddle-co,Watersports,Red Paddle Co,https://redpaddleco.com
starboard,Watersports,Starboard,https://sup.star-board.com
oru-kayak,Watersports,Oru Kayak,https://www.orukayak.com
delta-kayaks,Watersports,Delta Kayaks,https://www.deltakayaks.com
wilderness-systems,Watersports,Wilderness Systems,https://www.wildernesssystems.com
pelican-sport,Watersports,Pelican Sport,https://www.pelicansport.com
renoun-skis,Winter Sports,Renoun Skis,https://renoun.com
dope-snow,Winter Sports,Dope Snow,https://www.dopesnow.com
montec-wear,Winter Sports,Montec Wear,https://www.montecwear.com
armada-skis,Winter Sports,Armada Skis,https://www.armadaskis.com
black-crows,Winter Sports,Black Crows,https://www.blackcrows.com
flylow-gear,Winter Sports,Flylow Gear,https://flylowgear.com
teton-gravity-research,Winter Sports,Teton Gravity Research,https://www.tetongravity.com
jones-snowboards,Winter Sports,Jones Snowboards,https://www.jonessnowboards.com
kuiu,Hunting & Fishing,Kuiu,https://www.kuiu.com
first-lite,Hunting & Fishing,First Lite,https://www.firstlite.com
stone-glacier,Hunting & Fishing,Stone Glacier,https://www.stoneglacier.com
duck-camp,Hunting & Fishing,Duck Camp,https://duckcamp.com
huk-gear,Hunting & Fishing,Huk Gear,https://www.hukgear.com
grundens,Hunting & Fishing,Grundens,https://grundens.com
simms-fishing,Hunting & Fishing,Simms Fishing,https://www.simmsfishing.com
far-bank,Hunting & Fishing,Far Bank,https://farbank.com
stance,Team Sports,Stance,https://www.stance.com
vicis,Team Sports,Vicis,https://vicis.com
baden-sports,Team Sports,Baden Sports,https://badensports.com
marucci-sports,Team Sports,Marucci Sports,https://maruccisports.com
victus-sports,Team Sports,Victus Sports,https://victussports.com
mikasa-sports,Team Sports,Mikasa Sports,https://mikasasports.com
molten,Team Sports,Molten,https://www.moltenusa.com
brine,Team Sports,Brine,https://www.brine.com
hydro-flask,Outdoor Accessories,Hydro Flask,https://www.hydroflask.com
corkcicle,Outdoor Accessories,Corkcicle,https://corkcicle.com
mizu,Outdoor Accessories,Mizu,https://mizulife.com
rtic-outdoors,Outdoor Accessories,RTIC Outdoors,https://rticoutdoors.com
orca-coolers,Outdoor Accessories,Orca Coolers,https://orcacoolers.com
igloo-coolers,Outdoor Accessories,Igloo Coolers,https://www.igloocoolers.com
peak-design,Outdoor Accessories,Peak Design,https://www.peakdesign.com
matador,Outdoor Accessories,Matador,https://matadorup.com
nomad,Outdoor Accessories,Nomad,https://nomadgoods.com
lander,Outdoor Accessories,Lander,https://www.lander.com
goal-zero,Outdoor Accessories,Goal Zero,https://www.goalzero.com
lovevery,Educational,Lovevery,https://lovevery.com
kiwico,Educational,KiwiCo,https://www.kiwico.com
little-passports,Educational,Little Passports,https://www.littlepassports.com
learning-resources,Educational,Learning Resources,https://www.learningresources.com
educational-insights,Educational,Educational Insights,https://www.educationalinsights.com
guidecraft,Educational,Guidecraft,https://guidecraft.com
fat-brain-toys,Educational,Fat Brain Toys,https://www.fatbraintoys.com
lakeshore-learning,Educational,Lakeshore Learning,https://www.lakeshorelearning.com
magna-tiles,Educational,Magna-Tiles,https://www.magnatiles.com
thames-and-kosmos,Educational,Thames & Kosmos,https://www.thamesandkosmos.com
mindware,Educational,MindWare,https://www.mindware.com
smartgames,Educational,SmartGames,https://www.smartgames.eu
peaceable-kingdom,Educational,Peaceable Kingdom,https://www.mindware.com/brand/peaceable-kingdom
plantoys,Wooden,PlanToys,https://plantoys.com
hape,Wooden,Hape,https://www.hape.com
haba,Wooden,Haba,https://www.habausa.com
grimm-s,Wooden,Grimm's,https://www.grimms.eu
bigjigs-toys,Wooden,Bigjigs Toys,https://www.bigjigstoys.com
tender-leaf-toys,Wooden,Tender Leaf Toys,https://tenderleaftoys.com
holgate-toys,Wooden,Holgate Toys,https://www.holgatetoy.com
tegu,Wooden,Tegu,https://tegu.com
beginagain,Wooden,BeginAgain,https://beginagaintoys.com
janod,Wooden,Janod,https://www.janod.com
le-toy-van,Wooden,Le Toy Van,https://letoyvan.com
kano,STEM,Kano,https://kano.me
tinkering-labs,STEM,Tinkering Labs,https://tinkeringlabs.com
crunchlabs,STEM,CrunchLabs,https://www.crunchlabs.com
steve-spangler-science,STEM,Steve Spangler Science,https://www.stevespanglerscience.com
groovy-lab-in-a-box,STEM,Groovy Lab in a Box,https://www.groovylabinabox.com
marky-sparky,STEM,Marky Sparky,https://markysparkytoys.com
goldieblox,STEM,GoldieBlox,https://goldieblox.com
elenco,STEM,Elenco,https://www.elenco.com
makeblock,STEM,Makeblock,https://www.makeblock.com
sphero,STEM,Sphero,https://sphero.com
wonder-workshop,STEM,Wonder Workshop,https://www.makewonder.com
goliath-games,Board Games,Goliath Games,https://www.goliathgames.com
asmodee,Board Games,Asmodee,https://www.asmodee.com
stonemaier-games,Board Games,Stonemaier Games,https://stonemaiergames.com
ravensburger,Board Games,Ravensburger,https://www.ravensburger.com
cephalofair-games,Board Games,Cephalofair Games,https://cephalofair.com
leder-games,Board Games,Leder Games,https://ledergames.com
cge-czech-games-edition,Board Games,CGE (Czech Games Edition),https://czechgames.com
iello,Board Games,IELLO,https://iello.com
cmon,Board Games,CMON,https://cmon.com
bezier-games,Board Games,Bezier Games,https://beziergames.com
renegade-game-studios,Board Games,Renegade Game Studios,https://renegadegamestudios.com
pandasaurus-games,Board Games,Pandasaurus Games,https://pandasaurusgames.com
restoration-games,Board Games,Restoration Games,https://restorationgames.com
keymaster-games,Board Games,Keymaster Games,https://keymastergames.com
gamewright,Board Games,Gamewright,https://gamewright.com
blue-orange-games,Board Games,Blue Orange Games,https://www.blueorangegames.com
r-and-r-games,Board Games,R&R Games,https://rnrgames.com
floodgate-games,Board Games,Floodgate Games,https://floodgategames.com
exploding-kittens,Card Games,Exploding Kittens,https://www.explodingkittens.com
unstable-games,Card Games,Unstable Games,https://www.unstablegames.com
cards-against-humanity,Card Games,Cards Against Humanity,https://www.cardsagainsthumanity.com
bananagrams,Card Games,Bananagrams,https://bananagrams.com
what-do-you-meme,Card Games,What Do You Meme?,https://whatdoyoumeme.com
playmonster,Card Games,PlayMonster,https://www.playmonster.com
looney-labs,Card Games,Looney Labs,https://www.looneylabs.com
amigo-games,Card Games,Amigo Games,https://amigo.games
jiggy-puzzles,Puzzles,Jiggy Puzzles,https://jiggypuzzles.com
puzz,Puzzles,Puzz,https://puzz.com
blue-kazoo,Puzzles,Blue Kazoo,https://bluekazoo.com
areaware,Puzzles,Areaware,https://www.areaware.com
liberty-puzzles,Puzzles,Liberty Puzzles,https://www.libertypuzzles.com
apostrophe-puzzles,Puzzles,Apostrophe Puzzles,https://www.apostrophepuzzles.com
art-and-fable-puzzle-company,Puzzles,Art & Fable Puzzle Company,https://www.artandfablepuzzles.com
cloudberries,Puzzles,Cloudberries,https://www.cloudberries.co.uk
sideshow,Action Figures,Sideshow,https://www.sideshow.com
mezco-toyz,Action Figures,Mezco Toyz,https://www.mezcotoyz.com
super7,Action Figures,Super7,https://super7.com
boss-fight-studio,Action Figures,Boss Fight Studio,https://bossfightstudio.com
four-horsemen-studios,Action Figures,Four Horsemen Studios,https://sourcehorsemen.com
neca,Action Figures,NECA,https://necaonline.com
mcfarlane-toys,Action Figures,McFarlane Toys,https://mcfarlane.com
mondo,Action Figures,Mondo,https://mondoshop.com
funko,Action Figures,Funko,https://funko.com
good-smile-company,Action Figures,Good Smile Company,https://www.goodsmileus.com
kotobukiya,Action Figures,Kotobukiya,https://www.kotous.com
jellycat,Plush,Jellycat,https://www.jellycat.com
squishmallows,Plush,Squishmallows,https://squishmallows.com
gund,Plush,GUND,https://gund.com
steiff,Plush,Steiff,https://www.steiffusa.com
aurora,Plush,Aurora,https://auroragift.com
douglas,Plush,Douglas,https://douglastoys.com
wild-republic,Plush,Wild Republic,https://www.wildrepublic.com
bellzi,Plush,Bellzi,https://bellzi.com
slackers,Outdoor,Slackers,https://slackers.com
hearthsong,Outdoor,HearthSong,https://www.hearthsong.com
b4adventure,Outdoor,B4Adventure,https://b4adventure.com
step2,Outdoor,Step2,https://www.step2.com
radio-flyer,Outdoor,Radio Flyer,https://www.radioflyer.com
little-tikes,Outdoor,Little Tikes,https://www.littletikes.com
fatboy,Outdoor,Fatboy,https://www.fatboy.com
intex,Outdoor,Intex,https://www.intexcorp.com
skip-hop,Baby/Infant,Skip Hop,https://www.skiphop.com
lamaze,Baby/Infant,Lamaze,https://www.lamazetoys.com
bright-starts,Baby/Infant,Bright Starts,https://www.brightstarts.com
baby-einstein,Baby/Infant,Baby Einstein,https://www.babyeinstein.com
infantino,Baby/Infant,Infantino,https://infantino.com
boon,Baby/Infant,Boon,https://www.booninc.com
ezpz,Baby/Infant,ezpz,https://ezpzfun.com
mushie,Baby/Infant,Mushie,https://mushie.com
kid-made-modern,Arts & Crafts,Kid Made Modern,https://kidmademodern.com
bright-stripes,Arts & Crafts,Bright Stripes,https://brightstripes.co
creativity-for-kids,Arts & Crafts,Creativity for Kids,https://www.fabercastell.com/pages/creativity-for-kids
ooly,Arts & Crafts,Ooly,https://www.ooly.com
faber-castell,Arts & Crafts,Faber-Castell,https://www.fabercastell.com
crayola,Arts & Crafts,Crayola,https://www.crayola.com
sargent-art,Arts & Crafts,Sargent Art,https://www.sargentart.com
klutz,Arts & Crafts,Klutz,https://www.scholastic.com/klutz
dungeons-and-dragons,Tabletop RPG,Dungeons & Dragons,https://dnd.wizards.com
paizo,Tabletop RPG,Paizo,https://paizo.com
reaper-miniatures,Tabletop RPG,Reaper Miniatures,https://www.reapermini.com
wizkids,Tabletop RPG,WizKids,https://wizkids.com
darrington-press,Tabletop RPG,Darrington Press,https://darringtonpress.com
chaosium,Tabletop RPG,Chaosium,https://www.chaosium.com
modiphius,Tabletop RPG,Modiphius,https://www.modiphius.net
free-league-publishing,Tabletop RPG,Free League Publishing,https://freeleaguepublishing.com
ritual-vitamins-2,Vitamins & Supplements,Ritual,https://ritual.com
care-of,Vitamins & Supplements,Care/of,https://takecareof.com
seed-vitamins-2,Vitamins & Supplements,Seed,https://seed.com
ag1,Vitamins & Supplements,AG1,https://ag1.com
lemme,Vitamins & Supplements,Lemme,https://lemmelive.com
perelel,Vitamins & Supplements,Perelel,https://perelelhealth.com
hum-nutrition-vitamins-2,Vitamins & Supplements,HUM Nutrition,https://humnutrition.com
moon-juice,Vitamins & Supplements,Moon Juice,https://moonjuice.com
olly,Vitamins & Supplements,OLLY,https://olly.com
bloom-nutrition,Vitamins & Supplements,Bloom Nutrition,https://bloomnu.com
ghost-lifestyle,Vitamins & Supplements,Ghost Lifestyle,https://ghostlifestyle.com
momentous,Vitamins & Supplements,Momentous,https://livemomentous.com
kaged,Vitamins & Supplements,Kaged,https://kaged.com
transparent-labs,Vitamins & Supplements,Transparent Labs,https://transparentlabs.com
obvi,Vitamins & Supplements,Obvi,https://myobvi.com
nikalab,Vitamins & Supplements,Nikalab,https://nikallab.com
puori,Vitamins & Supplements,Puori,https://puori.com
four-sigmatic,Vitamins & Supplements,Four Sigmatic,https://foursigmatic.com
hers-women-s--2,Women's Health,Hers,https://forhers.com
momotaro-apotheca,Women's Health,Momotaro Apotheca,https://momotaroapotheca.com
kindra,Women's Health,Kindra,https://ourkindra.com
womaness,Women's Health,Womaness,https://womaness.com
joylux,Women's Health,Joylux,https://joylux.com
foria,Women's Health,Foria,https://foriawellness.com
modern-fertility,Women's Health,Modern Fertility,https://modernfertility.com
natalist,Women's Health,Natalist,https://natalist.com
love-wellness,Women's Health,Love Wellness,https://lovewellness.com
stix,Women's Health,Stix,https://getstix.co
tia,Women's Health,Tia,https://asktia.com
hims-men-s-he-2,Men's Health,Hims,https://forhims.com
roman,Men's Health,Roman,https://ro.co
oars-alps-men-s-he-2,Men's Health,Oars + Alps,https://oarsandalps.com
manscaped,Men's Health,Manscaped,https://manscaped.com
keeps,Men's Health,Keeps,https://keeps.com
manual,Men's Health,Manual,https://manual.co
blu-atlas,Men's Health,Blu Atlas,https://bluatlas.com
geologie,Men's Health,Geologie,https://geologie.com
cora,Feminine Care,Cora,https://cora.life
lola,Feminine Care,Lola,https://mylola.com
honey-pot,Feminine Care,Honey Pot,https://thehoneypot.co
rael,Feminine Care,Rael,https://getrael.com
thinx,Feminine Care,Thinx,https://thinx.com
knix,Feminine Care,Knix,https://knix.com
modibodi,Feminine Care,Modibodi,https://modibodi.com
saalt,Feminine Care,Saalt,https://saalt.com
davids,Oral Care,Davids,https://davids-usa.com
quip,Oral Care,Quip,https://getquip.com
burst,Oral Care,Burst,https://burstoralcare.com
welly,OTC/Wellness,Welly,https://getwelly.com
cabinet-health,OTC/Wellness,Cabinet Health,https://cabinethealth.com
genexa,OTC/Wellness,Genexa,https://genexa.com
boiron,OTC/Wellness,Boiron,https://boironusa.com
beekeeper-s-naturals,OTC/Wellness,Beekeeper's Naturals,https://beekeepersnaturals.com
arrae,OTC/Wellness,Arrae,https://arrae.com
hilma,OTC/Wellness,Hilma,https://hilma.co
higherdose-otc-well-2,OTC/Wellness,HigherDose,https://higherdose.com
branch-basics,Cleaning Supplies,Branch Basics,https://branchbasics.com
blueland-cleaning-2,Cleaning Supplies,Blueland,https://blueland.com
method,Cleaning Supplies,Method,https://methodhome.com
public-goods-cleaning-2,Cleaning Supplies,Public Goods,https://publicgoods.com
grove-collaborative-cleaning-2,Cleaning Supplies,Grove Collaborative,https://grove.co
mrs-meyer-s,Cleaning Supplies,Mrs. Meyer's,https://mrsmeyers.com
seventh-generation,Cleaning Supplies,Seventh Generation,https://seventhgeneration.com
puracy,Cleaning Supplies,Puracy,https://puracy.com
better-life,Cleaning Supplies,Better Life,https://cleanhappens.com
ecos,Cleaning Supplies,Ecos,https://ecos.com
bio-kleen,Cleaning Supplies,Bio-Kleen,https://biokleenhome.com
clean-cult,Cleaning Supplies,Clean Cult,https://cleancult.com
lemi-shine,Cleaning Supplies,Lemi Shine,https://lemishine.com
dropps,Laundry Products,Dropps,https://dropps.com
dirty-labs,Laundry Products,Dirty Labs,https://dirtylabs.com
sheets-laundry-club,Laundry Products,Sheets Laundry Club,https://sheetslaundryclub.com
earth-breeze,Laundry Products,Earth Breeze,https://earthbreeze.com
frey,Laundry Products,Frey,https://frey.com
laundry-sauce,Laundry Products,Laundry Sauce,https://laundrysauce.com
laundress,Laundry Products,The Laundress,https://thelaundress.com
grab-green,Laundry Products,Grab Green,https://grabgreenhome.com
who-gives-a-crap,Paper Goods,Who Gives a Crap,https://whogivesacrap.org
reel-paper,Paper Goods,Reel Paper,https://reelpaper.com
cloud-paper,Paper Goods,Cloud Paper,https://cloudpaper.co
betterway,Paper Goods,Betterway,https://betterwaypaper.com
tushy,Paper Goods,Tushy,https://hellotushy.com
no-2,Paper Goods,No. 2,https://no2.co
dyper,Baby Care,Dyper,https://dyper.com
honest,Baby Care,Honest,https://honest.com
hello-bello,Baby Care,Hello Bello,https://hellobello.com
kudos,Baby Care,Kudos,https://kudoscare.com
coterie,Baby Care,Coterie,https://coterie.com
parasol,Baby Care,Parasol,https://parasolco.com
abby-and-finn,Baby Care,Abby & Finn,https://abbyandfinn.com
healthy-nest,Baby Care,Healthy Nest,https://healthynest.com
freestyle,Baby Care,Freestyle,https://freestyle.world
eco-by-naty,Baby Care,Eco by Naty,https://naty.com
bambo-nature,Baby Care,Bambo Nature,https://bambonatureusa.com
terra,Baby Care,Terra,https://terra.co.nz
ecoriginals,Baby Care,Ecoriginals,https://ecoriginals.com.au
rascal-friends,Baby Care,Rascal + Friends,https://rascalandfriends.com
kit-and-kin,Baby Care,Kit & Kin,https://kitandkin.com
happy-little-camper,Baby Care,Happy Little Camper,https://happylittlecampercare.com
believe-diapers,Baby Care,Believe Diapers,https://believediapers.com
nest-diapers,Baby Care,Nest Diapers,https://nestdiapers.com
diaper-dabbler,Baby Care,Diaper Dabbler,https://diaperdabbler.com
made-of,Baby Care,Made Of,https://madeof.com
pipette,Baby Care,Pipette,https://pipettebaby.com
mustela,Baby Care,Mustela,https://mustelausa.com
california-baby,Baby Care,California Baby,https://californiababy.com
earth-mama,Baby Care,Earth Mama,https://earthmamaorganics.com
tubby-todd,Baby Care,Tubby Todd,https://tubbytodd.com
evereden,Baby Care,Evereden,https://evereden.com
carewell,Elderly Care,Carewell,https://carewell.com
silverts,Elderly Care,Silverts,https://silverts.com
willow-hygiene,Elderly Care,Willow Hygiene,https://willow-hygiene.com
because,Elderly Care,Because,https://becausemarket.com
attn-grace,Elderly Care,Attn: Grace,https://attngrace.com
nexwear,Elderly Care,Nexwear,https://nexwear.com
mockingbird,Strollers,Mockingbird,https://hellomockingbird.com
nestig,Nursery Furniture,Nestig,https://nestig.com
monte-design-nursery--2,Nursery Furniture,Monte Design,https://montedesign.com
oeuf,Nursery Furniture,Oeuf,https://oeufnyc.com
posh-peanut,Baby Clothing,Posh Peanut,https://poshpeanut.com
little-sleepies,Baby Clothing,Little Sleepies,https://littlesleepies.com
colored-organics,Baby Clothing,Colored Organics,https://coloredorganics.com
goumi-kids,Baby Clothing,Goumi Kids,https://goumikids.com
quincy-mae,Baby Clothing,Quincy Mae,https://quincymae.com
rylee-cru,Baby Clothing,Rylee + Cru,https://ryleeandcru.com
kyte-baby,Baby Clothing,Kyte Baby,https://kytebaby.com
primary,Baby Clothing,Primary,https://primary.com
jamie-kay,Baby Clothing,Jamie Kay,https://jamiekay.com
parade-organics,Baby Clothing,Parade Organics,https://parade.ca
milk-barn,Baby Clothing,Milk-Barn,https://milkbarnkids.com
monti-kids,Baby Toys,Monti Kids,https://montikids.com
bannor-toys,Baby Toys,Bannor Toys,https://bannortoys.com
lovevery-baby-toy-2,Baby Toys,Lovevery,https://lovevery.com
ezpz-feeding-2,Feeding,Ezpz,https://ezpzfun.com
mushie-feeding-2,Feeding,Mushie,https://mushie.com
wildbird,Carriers,Wildbird,https://wildbird.co
mee-go,Feeding,Mee-go,https://mee-go.co.uk
solly-baby,Carriers,Solly Baby,https://sollybaby.com
baby-brezza,Gear/Playmats,Baby Brezza,https://babybrezza.com
meri-meri,Nursery Decor,Meri Meri,https://merimeri.com
casetify,Cell Phones & Accessories,CASETiFY,https://www.casetify.com
mous,Cell Phones & Accessories,Mous,https://www.mous.co
dbrand,Cell Phones & Accessories,dbrand,https://www.dbrand.com
bullstrap,Cell Phones & Accessories,Bullstrap,https://www.bullstrap.com
supcase,Cell Phones & Accessories,Supcase,https://www.supcase.com
i-blason,Cell Phones & Accessories,i-Blason,https://www.i-blason.com
raptic,Cell Phones & Accessories,Raptic,https://www.rapticstrong.com
peel,Cell Phones & Accessories,Peel,https://www.buypeel.com
totallee,Cell Phones & Accessories,Totallee,https://www.totalleecase.com
caudabe,Cell Phones & Accessories,Caudabe,https://www.caudabe.com
nudient,Cell Phones & Accessories,Nudient,https://www.nudient.com
carved,Cell Phones & Accessories,Carved,https://www.carved.com
case-mate,Cell Phones & Accessories,Case-Mate,https://www.case-mate.com
sonix,Cell Phones & Accessories,Sonix,https://www.shopsonix.com
richmond-and-finch,Cell Phones & Accessories,Richmond & Finch,https://www.richmondfinch.com
holdit,Cell Phones & Accessories,Holdit,https://www.holdit.com
woodchuck-usa,Cell Phones & Accessories,Woodchuck USA,https://www.woodchuckusa.com
toast,Cell Phones & Accessories,Toast,https://www.toastmade.com
keyway,Cell Phones & Accessories,Keyway,https://www.keywaydesigns.com
alto,Cell Phones & Accessories,Alto,https://www.viaalto.com
hardgraft,Cell Phones & Accessories,Hardgraft,https://www.hardgraft.com
vaja-cases,Cell Phones & Accessories,Vaja Cases,https://www.vajacases.com
noreve,Cell Phones & Accessories,Noreve,https://www.noreve.com
piel-frama,Cell Phones & Accessories,Piel Frama,https://www.pielframa.com
sena-cases,Cell Phones & Accessories,Sena Cases,https://www.senacases.com
topologie,Cell Phones & Accessories,Topologie,https://www.topologie.com
taikan,Cell Phones & Accessories,Taikan,https://www.taikan.com
dsptch,Cell Phones & Accessories,DSPTCH,https://www.dsptch.com
aer,Cell Phones & Accessories,Aer,https://www.aersf.com
stm-goods,Cell Phones & Accessories,STM Goods,https://www.stmgoods.com
element-case,Cell Phones & Accessories,Element Case,https://www.elementcase.com
survivor,Cell Phones & Accessories,Survivor,https://www.survivorcase.com
pela,Cell Phones & Accessories,Pela,https://www.pelacase.com
wildflower-cases,Cell Phones & Accessories,Wildflower Cases,https://www.wildflowercases.com
velvet-caviar,Cell Phones & Accessories,Velvet Caviar,https://www.velvetcaviar.com
burga,Cell Phones & Accessories,Burga,https://www.burga.com
ideal-of-sweden,Cell Phones & Accessories,Ideal of Sweden,https://www.idealofsweden.com
bodyguardz,Cell Phones & Accessories,BodyGuardz,https://www.bodyguardz.com
whitestone-dome,Cell Phones & Accessories,Whitestone Dome,https://www.whitestonedome.com
techmatte,Cell Phones & Accessories,TechMatte,https://www.techmatte.com
jetech,Cell Phones & Accessories,JETech,https://www.jetechins.com
omoton,Cell Phones & Accessories,Omoton,https://www.omoton.com
supershieldz,Cell Phones & Accessories,Supershieldz,https://www.supershieldz.com
icarez,Cell Phones & Accessories,iCarez,https://www.icarez.com
uniqueme,Cell Phones & Accessories,UniqueMe,https://www.uniqueme.com
syncwire,Cell Phones & Accessories,Syncwire,https://www.syncwire.com
gadget-guard,Cell Phones & Accessories,Gadget Guard,https://www.gadgetguard.com
phantom-glass,Cell Phones & Accessories,Phantom Glass,https://www.phantom.glass
panzerglass,Cell Phones & Accessories,PanzerGlass,https://www.panzerglass.com
nuglas,Cell Phones & Accessories,NuGlas,https://www.nuglas.com.au
screenshield,Cell Phones & Accessories,ScreenShield,https://www.screenshield.us
anker,Cell Phones & Accessories,Anker,https://www.anker.com
baseus,Cell Phones & Accessories,Baseus,https://www.baseus.com
ugreen,Cell Phones & Accessories,Ugreen,https://www.ugreen.com
satechi,Cell Phones & Accessories,Satechi,https://www.satechi.net
twelve-south,Cell Phones & Accessories,Twelve South,https://www.twelvesouth.com
native-union,Cell Phones & Accessories,Native Union,https://www.native-union.com
rolling-square,Cell Phones & Accessories,Rolling Square,https://www.rollingsquare.com
scosche,Cell Phones & Accessories,Scosche,https://www.scosche.com
aukey,Cell Phones & Accessories,Aukey,https://www.aukey.com
ravpower,Cell Phones & Accessories,RavPower,https://www.ravpower.com
nimble,Cell Phones & Accessories,Nimble,https://www.gonimble.com
statik,Cell Phones & Accessories,Statik,https://www.statikco.com
fuse-chicken,Cell Phones & Accessories,Fuse Chicken,https://www.fusechicken.com
lention,Cell Phones & Accessories,Lention,https://www.lention.com
uniaccessories,Cell Phones & Accessories,UniAccessories,https://www.uniaccessories.io
cablematters,Cell Phones & Accessories,CableMatters,https://www.cablematters.com
plugable,Cell Phones & Accessories,Plugable,https://www.plugable.com
caldigit,Cell Phones & Accessories,CalDigit,https://www.caldigit.com
hypershop,Cell Phones & Accessories,HyperShop,https://www.hypershop.com
zendure,Cell Phones & Accessories,Zendure,https://www.zendure.com
goal-zero-cell-pho-2,Cell Phones & Accessories,Goal Zero,https://www.goalzero.com
biolite-cell-pho-2,Cell Phones & Accessories,BioLite,https://www.bioliteenergy.com
powertraveller,Cell Phones & Accessories,Powertraveller,https://www.powertraveller.com
x-dragon,Cell Phones & Accessories,X-Dragon,https://www.x-dragon.net
lululook,Cell Phones & Accessories,Lululook,https://www.lululook.com
courant,Cell Phones & Accessories,Courant,https://www.staycourant.com
oakywood,Cell Phones & Accessories,Oakywood,https://www.oakywood.shop
kerf,Cell Phones & Accessories,Kerf,https://www.kerfcase.com
einova,Cell Phones & Accessories,Einova,https://www.einova.com
infinacore,Cell Phones & Accessories,InfinaCore,https://www.infinacore.com
woodcessories,Cell Phones & Accessories,Woodcessories,https://www.woodcessories.com
balolo,Cell Phones & Accessories,Balolo,https://www.balolo.de
grovemade,Cell Phones & Accessories,Grovemade,https://www.grovemade.com
voltaic-systems,Cell Phones & Accessories,Voltaic Systems,https://www.voltaicsystems.com
eggtronic,Cell Phones & Accessories,Eggtronic,https://www.eggtronic.com
xentris,Cell Phones & Accessories,Xentris,https://www.xentriswireless.com
zens,Cell Phones & Accessories,Zens,https://www.zens.tech
function101,Cell Phones & Accessories,Function101,https://www.function101.com
rapidx,Cell Phones & Accessories,RapidX,https://www.rapidx.io
kreafunk,Cell Phones & Accessories,Kreafunk,https://www.kreafunk.com
romoss,Cell Phones & Accessories,Romoss,https://www.romoss.com
xtorm,Cell Phones & Accessories,Xtorm,https://www.xtorm.eu
omnicharge,Cell Phones & Accessories,Omnicharge,https://www.omnicharge.co
crave-direct,Cell Phones & Accessories,Crave Direct,https://www.cravedirect.com
nitecore,Cell Phones & Accessories,Nitecore,https://www.nitecore.com
silicon-power,Cell Phones & Accessories,Silicon Power,https://www.silicon-power.com
mycharge,Cell Phones & Accessories,MyCharge,https://www.mycharge.com
iwalk,Cell Phones & Accessories,iWalk,https://www.iwalkworld.com
mogix,Cell Phones & Accessories,Mogix,https://www.mogixaccessories.com
luxtude,Cell Phones & Accessories,Luxtude,https://www.luxtude.com
framework,Laptops,Framework,https://framework.com
system76,Laptops,System76,https://system76.com
dell,Laptops,Dell,https://www.dell.com
hp,Laptops,HP,https://www.hp.com
lenovo,Laptops,Lenovo,https://www.lenovo.com
asus,Laptops,Asus,https://www.asus.com
msi,Laptops,MSI,https://www.msi.com
alienware,Laptops,Alienware,https://www.alienware.com
origin-pc,Desktops/PCs/Builders,Origin PC,https://www.originpc.com
maingear,Desktops/PCs/Builders,Maingear,https://www.maingearpc.com
digital-storm,Desktops/PCs/Builders,Digital Storm,https://www.digitalstorm.com
cyberpowerpc,Desktops/PCs/Builders,CyberPowerPC,https://www.cyberpowerpc.com
ibuypower,Desktops/PCs/Builders,iBUYPOWER,https://www.ibuypower.com
falcon-northwest,Desktops/PCs/Builders,Falcon Northwest,https://www.falcon-nw.com
velocity-micro,Desktops/PCs/Builders,Velocity Micro,https://www.velocitymicro.com
clx-gaming,Desktops/PCs/Builders,CLX Gaming,https://www.clxgaming.com
benq,Monitors,BenQ,https://www.benq.com
viewsonic,Monitors,ViewSonic,https://www.viewsonic.com
dough,Monitors,Dough,https://www.dough.tech
sceptre,Monitors,Sceptre,https://www.sceptre.com
ktc,Monitors,KTC,https://www.ktcplay.com
pixio,Monitors,Pixio,https://www.pixiogaming.com
zowie,Monitors,Zowie,https://zowie.benq.com
aoc,Monitors,AOC,https://www.aoc.com
keychron,Keyboards,Keychron,https://www.keychron.com
nuphy,Keyboards,NuPhy,https://nuphy.com
wooting,Keyboards,Wooting,https://wooting.io
glorious,Keyboards,Glorious,https://www.gloriousgaming.com
drop,Keyboards,Drop,https://drop.com
akko,Keyboards,Akko,https://en.akkogear.com
epomaker,Keyboards,Epomaker,https://epomaker.com
ducky,Keyboards,Ducky,https://www.duckychannel.com.tw
varmilo,Keyboards,Varmilo,https://www.varmilo.com
kbdfans,Keyboards,KBDfans,https://kbdfans.com
mode-designs,Keyboards,Mode Designs,https://modedesigns.com
matrix-lab,Keyboards,Matrix Lab,https://matrixlab.store
rama-works,Keyboards,RAMA WORKS,https://ramaworks.com
meletrix,Keyboards,Meletrix,https://meletrix.com
wuque-studio,Keyboards,Wuque Studio,https://wuquestudio.com
novelkeys,Keyboards,NovelKeys,https://novelkeys.com
cannonkeys,Keyboards,CannonKeys,https://cannonkeys.com
omnitype,Keyboards,Omnitype,https://omnitype.com
hhkb,Keyboards,HHKB,https://hhkeyboard.us
realforce,Keyboards,Realforce,https://www.realforce.co.jp/en
leopold,Keyboards,Leopold,https://global.leopold.co.kr
filco,Keyboards,Filco,https://www.diatec.co.jp
vortex,Keyboards,Vortex,https://vortexgear.tw
anne-pro,Keyboards,Anne Pro,https://www.obins.net
womier,Keyboards,Womier,https://womierkeyboard.com
yunzii,Keyboards,Yunzii,https://www.yunzii.com
monsgeek,Keyboards,MonsGeek,https://www.monsgeek.com
drunkdeer,Keyboards,DrunkDeer,https://drunkdeer.com
melgeek,Keyboards,MelGeek,https://www.melgeek.com
lofree,Keyboards,Lofree,https://www.lofree.co
kinesis,Keyboards,Kinesis,https://kinesis-ergo.com
logitech-g,Mice,Logitech G,https://www.logitechg.com
steelseries,Mice,SteelSeries,https://steelseries.com
finalmouse,Mice,Finalmouse,https://finalmouse.com
pulsar,Mice,Pulsar,https://www.pulsar.gg
lamzu,Mice,Lamzu,https://lamzu.com
ninjutso,Mice,Ninjutso,https://ninjutso.com
vaxee,Mice,Vaxee,https://www.vaxee.co
endgame-gear,Mice,Endgame Gear,https://www.endgamegear.com
xtrfy,Mice,Xtrfy,https://xtrfy.com
g-wolves,Mice,G-Wolves,https://www.g-wolves.com
pwnage,Mice,Pwnage,https://pwnage.com
lumina,Webcams,Lumina,https://lumina.co
opal,Webcams,Opal,https://opalcamera.com
insta360,Webcams,Insta360,https://www.insta360.com
obsbot,Webcams,OBSBOT,https://www.obsbot.com
elgato,Webcams,Elgato,https://www.elgato.com
avermedia,Webcams,AverMedia,https://www.avermedia.com
satechi-docking--2,Docking stations/hubs,Satechi,https://satechi.net
caldigit-docking--2,Docking stations/hubs,CalDigit,https://www.caldigit.com
plugable-docking--2,Docking stations/hubs,Plugable,https://plugable.com
anker-docking--2,Docking stations/hubs,Anker,https://www.anker.com
belkin,Docking stations/hubs,Belkin,https://www.belkin.com
hyperdrive,Docking stations/hubs,HyperDrive,https://www.hypershop.com
startech,Docking stations/hubs,StarTech,https://www.startech.com
baseus-docking--2,Docking stations/hubs,Baseus,https://www.baseus.com
western-digital,Storage/SSDs,Western Digital,https://www.westerndigital.com
seagate,Storage/SSDs,Seagate,https://www.seagate.com
crucial,Storage/SSDs,Crucial,https://www.crucial.com
sabrent,Storage/SSDs,Sabrent,https://www.sabrent.com
sandisk,Storage/SSDs,SanDisk,https://www.sandisk.com
kingston,Storage/SSDs,Kingston,https://www.kingston.com
pny,Storage/SSDs,PNY,https://www.pny.com
lexar,Storage/SSDs,Lexar,https://www.lexar.com
netgear,Networking,Netgear,https://www.netgear.com
eero,Networking,Eero,https://eero.com
tp-link,Networking,TP-Link,https://www.tp-link.com
ubiquiti,Networking,Ubiquiti,https://ui.com
synology,Networking,Synology,https://www.synology.com
qnap,Networking,QNAP,https://www.qnap.com
linksys,Networking,Linksys,https://www.linksys.com
tenda,Networking,Tenda,https://www.tendacn.com
wacom,Graphics Tablets,Wacom,https://www.wacom.com
xp-pen,Graphics Tablets,XP-Pen,https://www.xp-pen.com
huion,Graphics Tablets,Huion,https://www.huion.com
gaomon,Graphics Tablets,Gaomon,https://www.gaomon.net
artisul,Graphics Tablets,Artisul,https://www.artisul.com
veikk,Graphics Tablets,Veikk,https://www.veikk.com
peak-design-laptop-b-2,Laptop Bags,Peak Design,https://www.peakdesign.com
bellroy,Laptop Bags,Bellroy,https://bellroy.com
harber-london,Laptop Bags,Harber London,https://www.harberlondon.com
waterfield-designs,Laptop Bags,WaterField Designs,https://www.sfbags.com
timbuk2,Laptop Bags,Timbuk2,https://www.timbuk2.com
aer-laptop-b-2,Laptop Bags,Aer,https://www.aersf.com
incase,Laptop Bags,Incase,https://www.incase.com
nomad-laptop-b-2,Laptop Bags,Nomad,https://nomadgoods.com
cable-matters,Cables/Adapters,Cable Matters,https://www.cablematters.com
native-union-cables-a-2,Cables/Adapters,Native Union,https://www.nativeunion.com
ugreen-cables-a-2,Cables/Adapters,Ugreen,https://www.ugreen.com
rolling-square-cables-a-2,Cables/Adapters,Rolling Square,https://rollingsquare.com
twelve-south-cables-a-2,Cables/Adapters,Twelve South,https://www.twelvesouth.com
silkland,Cables/Adapters,Silkland,https://www.silkland.com
noctua,Cooling/PC Parts,Noctua,https://noctua.at
be-quiet,Cooling/PC Parts,Be Quiet!,https://www.bequiet.com
arctic,Cooling/PC Parts,Arctic,https://www.arctic.de
lian-li,Cooling/PC Parts,Lian Li,https://lian-li.com
fractal-design,Cooling/PC Parts,Fractal Design,https://www.fractal-design.com
phanteks,Cooling/PC Parts,Phanteks,https://www.phanteks.com
ge,Refrigerators,GE,https://www.geappliances.com
lg,Refrigerators,LG,https://www.lg.com
samsung,Refrigerators,Samsung,https://www.samsung.com
bosch,Refrigerators,Bosch,https://www.bosch-home.com/us
miele,Refrigerators,Miele,https://www.mieleusa.com
sub-zero,Refrigerators,Sub-Zero,https://www.subzero-wolf.com
viking,Refrigerators,Viking,https://www.vikingrange.com
fisher-and-paykel,Refrigerators,Fisher & Paykel,https://www.fisherpaykel.com
speed-queen,Washers/Dryers,Speed Queen,https://www.speedqueen.com
whirlpool,Washers/Dryers,Whirlpool,https://www.whirlpool.com
maytag,Washers/Dryers,Maytag,https://www.maytag.com
electrolux,Washers/Dryers,Electrolux,https://www.electrolux.com
frigidaire,Washers/Dryers,Frigidaire,https://www.frigidaire.com
asko,Washers/Dryers,Asko,https://www.asko.com/us
blomberg,Washers/Dryers,Blomberg,https://www.blombergappliances.com
staber,Washers/Dryers,Staber,https://www.staber.com
thermador,Dishwashers,Thermador,https://www.thermador.com
cove,Dishwashers,Cove,https://www.subzero-wolf.com/cove
hisense,Dishwashers,Hisense,https://www.hisense-usa.com
farberware,Dishwashers,Farberware,https://www.farberwareappliances.com
danby,Dishwashers,Danby,https://www.danby.com
avanti,Dishwashers,Avanti,https://www.avantiproducts.com
wolf,Ranges/Cooktops/Ovens,Wolf,https://www.subzero-wolf.com/wolf
bluestar,Ranges/Cooktops/Ovens,BlueStar,https://www.bluestarcooking.com
la-cornue,Ranges/Cooktops/Ovens,La Cornue,https://www.lacornue.com
aga,Ranges/Cooktops/Ovens,AGA,https://www.aga-ranges.com
hallman,Ranges/Cooktops/Ovens,Hallman,https://www.hallmanindustries.com
hestan-ranges-c-2,Ranges/Cooktops/Ovens,Hestan,https://www.hestan.com
dacor,Ranges/Cooktops/Ovens,Dacor,https://www.dacor.com
jennair,Ranges/Cooktops/Ovens,JennAir,https://www.jennair.com
verona,Ranges/Cooktops/Ovens,Verona,https://www.veronaappliances.com
fulgor-milano,Ranges/Cooktops/Ovens,Fulgor Milano,https://www.fulgor-milano.com/us/en
ilve,Ranges/Cooktops/Ovens,Ilve,https://www.ilveusa.com
panasonic,Microwaves/Toaster Ovens,Panasonic,https://www.panasonic.com
sharp,Microwaves/Toaster Ovens,Sharp,https://www.sharpusa.com
toshiba,Microwaves/Toaster Ovens,Toshiba,https://www.toshiba-lifestyle.com
balmuda-microwav-2,Microwaves/Toaster Ovens,Balmuda,https://us.balmuda.com
breville-microwav-2,Microwaves/Toaster Ovens,Breville,https://www.breville.com
cuisinart,Microwaves/Toaster Ovens,Cuisinart,https://www.cuisinart.com
hamilton-beach,Microwaves/Toaster Ovens,Hamilton Beach,https://www.hamiltonbeach.com
oster,Microwaves/Toaster Ovens,Oster,https://www.oster.com
vitamix-small-ki-2,Small Kitchen Appliances,Vitamix,https://www.vitamix.com
blendtec,Small Kitchen Appliances,Blendtec,https://www.blendtec.com
kitchenaid,Small Kitchen Appliances,KitchenAid,https://www.kitchenaid.com
magimix,Small Kitchen Appliances,Magimix,https://www.magimix.us
robot-coupe,Small Kitchen Appliances,Robot Coupe,https://www.robot-coupe.com
hurom,Small Kitchen Appliances,Hurom,https://www.hurom.com
omega-juicers,Small Kitchen Appliances,Omega Juicers,https://omegajuicers.com
nama,Small Kitchen Appliances,Nama,https://namawell.com
beast-health-small-ki-2,Small Kitchen Appliances,Beast Health,https://thebeast.com
zojirushi,Small Kitchen Appliances,Zojirushi,https://www.zojirushi.com
tiger,Small Kitchen Appliances,Tiger,https://www.tiger-corporation.com/en/usa
instant-pot,Small Kitchen Appliances,Instant Pot,https://www.instantpot.com
nuwave,Small Kitchen Appliances,NuWave,https://www.nuwavenow.com
powerxl,Small Kitchen Appliances,PowerXL,https://www.powerxlproducts.com
emeril-lagasse,Small Kitchen Appliances,Emeril Lagasse,https://www.emerileveryday.com
wolf-gourmet,Small Kitchen Appliances,Wolf Gourmet,https://www.subzero-wolf.com/wolf-gourmet
all-clad,Small Kitchen Appliances,All-Clad,https://www.all-clad.com
krups,Small Kitchen Appliances,Krups,https://www.krupsusa.com
rowenta,Small Kitchen Appliances,Rowenta,https://www.rowentausa.com
tefal,Small Kitchen Appliances,Tefal,https://www.t-falusa.com
presto,Small Kitchen Appliances,Presto,https://www.gopresto.com
la-marzocco-home,Espresso Machines,La Marzocco Home,https://lamarzoccohome.com
decent-espresso,Espresso Machines,Decent Espresso,https://decentespresso.com
rocket-espresso,Espresso Machines,Rocket Espresso,https://www.rocket-espresso.com
rancilio,Espresso Machines,Rancilio,https://www.ranciliogroup.com
gaggia,Espresso Machines,Gaggia,https://www.gaggia-usa.com
profitec,Espresso Machines,Profitec,https://www.profitec-espresso.com
lelit,Espresso Machines,Lelit,https://lelit.com
ecm,Espresso Machines,ECM,https://www.ecm.de/en
blueair,Air Purifiers,Blueair,https://www.blueair.com
coway,Air Purifiers,Coway,https://cowaymega.com
levoit,Air Purifiers,Levoit,https://levoit.com
molekule,Air Purifiers,Molekule,https://molekule.com
iqair,Air Purifiers,IQAir,https://www.iqair.com
mila,Air Purifiers,Mila,https://milacares.com
alen,Air Purifiers,Alen,https://www.alen.com
winix,Air Purifiers,Winix,https://www.winixamerica.com
dyson,Vacuums,Dyson,https://www.dyson.com
shark,Vacuums,Shark,https://www.sharkclean.com
bissell,Vacuums,Bissell,https://www.bissell.com
tineco,Vacuums,Tineco,https://www.tineco.com
sebo,Vacuums,Sebo,https://www.sebo.us
riccar,Vacuums,Riccar,https://www.riccar.com
simplicity,Vacuums,Simplicity,https://www.simplicityvac.com
hoover,Vacuums,Hoover,https://www.hoover.com
dirt-devil,Vacuums,Dirt Devil,https://www.dirtdevil.com
oreck,Vacuums,Oreck,https://www.oreck.com
eureka,Vacuums,Eureka,https://www.eureka.com
irobot,Robotic Cleaners,iRobot,https://www.irobot.com
roborock,Robotic Cleaners,Roborock,https://www.roborock.com
ecovacs,Robotic Cleaners,Ecovacs,https://www.ecovacs.com
dreame,Robotic Cleaners,Dreame,https://www.dreametech.com
narwal,Robotic Cleaners,Narwal,https://www.narwal.com
eufy,Robotic Cleaners,Eufy,https://www.eufy.com
windmill-air,HVAC/Portable AC/Heaters,Windmill Air,https://windmillair.com
july-ac,HVAC/Portable AC/Heaters,July AC,https://july.ac
midea,HVAC/Portable AC/Heaters,Midea,https://www.midea.com/us
vornado,HVAC/Portable AC/Heaters,Vornado,https://www.vornado.com
lasko,HVAC/Portable AC/Heaters,Lasko,https://www.lasko.com
blueridge,HVAC/Portable AC/Heaters,BlueRidge,https://www.blueridgeair.com
pioneer,HVAC/Portable AC/Heaters,Pioneer,https://www.pioneerminisplit.com
mrcool,HVAC/Portable AC/Heaters,MrCool,https://mrcool.com
brita,Water Filtration/Dispensers,Brita,https://www.brita.com
sodastream,Water Filtration/Dispensers,SodaStream,https://sodastream.com
aarke-water-fi-2,Water Filtration/Dispensers,Aarke,https://www.aarke.com
larq,Water Filtration/Dispensers,Larq,https://www.livelarq.com
soma,Water Filtration/Dispensers,Soma,https://drinksoma.com
zerowater,Water Filtration/Dispensers,ZeroWater,https://www.zerowater.com
polywood,Outdoor furniture,Polywood,https://www.polywood.com
outer-outdoor--2,Outdoor furniture,Outer,https://liveouter.com
neighbor,Outdoor furniture,Neighbor,https://www.neighbor.com
yardbird-outdoor--2,Outdoor furniture,Yardbird,https://yardbird.com
loll-designs,Outdoor furniture,Loll Designs,https://lolldesigns.com
brown-jordan,Outdoor furniture,Brown Jordan,https://www.brownjordan.com
gloster,Outdoor furniture,Gloster,https://www.gloster.com
dedon,Outdoor furniture,Dedon,https://www.dedon.de
trex-outdoor-furniture,Outdoor furniture,Trex Outdoor Furniture,https://www.trexoutdoorfurniture.com
serena-and-lily,Outdoor furniture,Serena & Lily,https://www.serenaandlily.com
mcgee-and-co,Outdoor furniture,McGee & Co,https://www.mcgeeandco.com
soho-home,Outdoor furniture,Soho Home,https://www.sohohome.com
article,Outdoor furniture,Article,https://www.article.com
burrow-outdoor--2,Outdoor furniture,Burrow,https://burrow.com
maiden-home-outdoor--2,Outdoor furniture,Maiden Home,https://maidenhome.com
sabai-outdoor--2,Outdoor furniture,Sabai,https://sabai.design
barlow-tyrie,Patio dining,Barlow Tyrie,https://www.teak.com
kingsley-bate,Patio dining,Kingsley Bate,https://www.kingsleybate.com
summer-classics,Patio dining,Summer Classics,https://summerclassics.com
woodard,Patio dining,Woodard,https://www.woodard-furniture.com
telescope-casual,Patio dining,Telescope Casual,https://www.telescopecasual.com
jensen-outdoor,Patio dining,Jensen Outdoor,https://www.jensenoutdoor.com
royal-botania,Patio dining,Royal Botania,https://www.royalbotania.com
mamagreen,Patio dining,Mamagreen,https://www.mamagreen.com
weber,Grills/BBQ,Weber,https://www.weber.com
traeger,Grills/BBQ,Traeger,https://www.traegergrills.com
big-green-egg,Grills/BBQ,Big Green Egg,https://www.biggreenegg.com
kamado-joe,Grills/BBQ,Kamado Joe,https://www.kamadojoe.com
pit-boss,Grills/BBQ,Pit Boss,https://pitboss-grills.com
camp-chef,Grills/BBQ,Camp Chef,https://www.campchef.com
blackstone,Grills/BBQ,Blackstone,https://www.blackstoneproducts.com
breeo,Grills/BBQ,Breeo,https://breeo.co
solo-stove,Grills/BBQ,Solo Stove,https://www.solostove.com
burn-shop,Grills/BBQ,Burn Shop,https://theburnshopwf.com
spark-grills,Grills/BBQ,Spark Grills,https://www.sparkgrills.com
nomad-grills,Grills/BBQ,Nomad Grills,https://nomadgrills.com
hestan-grills-b-2,Grills/BBQ,Hestan,https://hestanoutdoor.com
ooni-pizza-ov-2,Pizza ovens,Ooni,https://ooni.com
gozney-pizza-ov-2,Pizza ovens,Gozney,https://www.gozney.com
chicago-brick-oven,Pizza ovens,Chicago Brick Oven,https://chicagobrickoven.com
alfa-forni,Pizza ovens,Alfa Forni,https://www.alfaforni.com
fontana-forni,Pizza ovens,Fontana Forni,https://www.fontanaforni.com
forno-venetzia,Pizza ovens,Forno Venetzia,https://www.fornovenetzia.com
bromic-heating,Fire pits/outdoor heaters,Bromic Heating,https://www.bromic.com
infratech,Fire pits/outdoor heaters,Infratech,https://www.infratech-usa.com
calcana,Fire pits/outdoor heaters,Calcana,https://www.calcana.com
dimplex,Fire pits/outdoor heaters,Dimplex,https://www.glendimplexamericas.com
schwank,Fire pits/outdoor heaters,Schwank,https://www.schwankgroup.com
radtec,Fire pits/outdoor heaters,Radtec,https://www.radtec.net
bond-manufacturing,Fire pits/outdoor heaters,Bond Manufacturing,https://www.bondmfg.com
outland-living,Fire pits/outdoor heaters,Outland Living,https://outlandliving.com
power-planter,Garden tools,Power Planter,https://powerplanter.com
niwaki,Garden tools,Niwaki,https://www.niwaki.com
sneeboer,Garden tools,Sneeboer,https://www.sneeboer.com
barebones-living,Garden tools,Barebones Living,https://barebonesliving.com
fiskars,Garden tools,Fiskars,https://www.fiskars.com
felco,Garden tools,Felco,https://www.felco.com
burgon-and-ball,Garden tools,Burgon & Ball,https://www.burgonandball.com
spear-and-jackson,Garden tools,Spear & Jackson,https://www.spear-and-jackson.com
bloomscape,Seeds/plants nurseries,Bloomscape,https://bloomscape.com
sill,Seeds/plants nurseries,The Sill,https://thesill.com
leon-and-george,Seeds/plants nurseries,Leon & George,https://www.leon-and-george.com
rooted,Seeds/plants nurseries,Rooted,https://heyrooted.com
nature-hills,Seeds/plants nurseries,Nature Hills,https://www.naturehills.com
proven-winners,Seeds/plants nurseries,Proven Winners,https://www.provenwinners.com
monrovia,Seeds/plants nurseries,Monrovia,https://www.monrovia.com
burpee,Seeds/plants nurseries,Burpee,https://www.burpee.com
johnny-s-selected-seeds,Seeds/plants nurseries,Johnny's Selected Seeds,https://www.johnnyseeds.com
eden-brothers,Seeds/plants nurseries,Eden Brothers,https://www.edenbrothers.com
baker-creek-heirloom-seeds,Seeds/plants nurseries,Baker Creek Heirloom Seeds,https://www.rareseeds.com
veradek,Planters/Pots,Veradek,https://www.veradek.com
crescent-garden,Planters/Pots,Crescent Garden,https://www.crescentgarden.com
pottery-pots,Planters/Pots,Pottery Pots,https://www.potterypots.com
campania-international,Planters/Pots,Campania International,https://www.campaniainternational.com
anamese,Planters/Pots,Anamese,https://www.anamese.com
jackson-and-perkins,Planters/Pots,Jackson & Perkins,https://www.jacksonandperkins.com
modernica,Planters/Pots,Modernica,https://modernica.net
kante,Planters/Pots,Kante,https://kanteplanters.com
sunday,Lawn care equipment/mowers,Sunday,https://www.getsunday.com
gnome,Lawn care equipment/mowers,Gnome,https://trygnome.com
rachio,Lawn care equipment/mowers,Rachio,https://www.rachio.com
greenworks,Lawn care equipment/mowers,Greenworks,https://www.greenworkstools.com
ego-power-plus,Lawn care equipment/mowers,Ego Power Plus,https://egopowerplus.com
ryobi,Lawn care equipment/mowers,Ryobi,https://www.ryobitools.com
toro,Lawn care equipment/mowers,Toro,https://www.toro.com
husqvarna,Lawn care equipment/mowers,Husqvarna,https://www.husqvarna.com
kichler,Outdoor lighting,Kichler,https://www.kichler.com
hinkley,Outdoor lighting,Hinkley,https://www.hinkley.com
philips-hue,Outdoor lighting,Philips Hue,https://www.philips-hue.com
lutron,Outdoor lighting,Lutron,https://www.lutron.com
dekor-lighting,Outdoor lighting,Dekor Lighting,https://www.dekorlighting.com
vista-pro,Outdoor lighting,Vista Pro,https://www.vistapro.com
garden-light-led,Outdoor lighting,Garden Light LED,https://gardenlightled.com
fx-luminaire,Outdoor lighting,FX Luminaire,https://www.fxl.com
wind-and-weather,Garden decor,Wind & Weather,https://www.windandweather.com
plow-and-hearth,Garden decor,Plow & Hearth,https://www.plowhearth.com
vivaterra,Garden decor,VivaTerra,https://www.vivaterra.com
uncommon-goods,Garden decor,Uncommon Goods,https://www.uncommongoods.com
design-toscano,Garden decor,Design Toscano,https://www.designtoscano.com
authentic-provence,Garden decor,Authentic Provence,https://www.authenticprovence.com
vego-garden,Greenhouses/raised beds,Vego Garden,https://vegogarden.com
frame-it-all,Greenhouses/raised beds,Frame It All,https://frameitall.com
eartheasy,Greenhouses/raised beds,EarthEasy,https://eartheasy.com
greenhouse-megastore,Greenhouses/raised beds,Greenhouse Megastore,https://www.greenhousemegastore.com
gothic-arch,Greenhouses/raised beds,Gothic Arch,https://www.gothicarchgreenhouses.com
palram,Greenhouses/raised beds,Palram,https://www.palramcanopy.com
ruggable-outdoor--2,Outdoor rugs/textiles,Ruggable,https://ruggable.com
ernesta,Outdoor rugs/textiles,Ernesta,https://ernesta.com
tumble,Outdoor rugs/textiles,Tumble,https://tumble.com
dash-and-albert,Outdoor rugs/textiles,Dash & Albert,https://annieselke.com
chilewich,Outdoor rugs/textiles,Chilewich,https://www.chilewich.com
safavieh,Outdoor rugs/textiles,Safavieh,https://safavieh.com
plungie,Pools/hot tubs/swim spas,Plungie,https://plungie.com
stock-tank-pool,Pools/hot tubs/swim spas,Stock Tank Pool,https://www.stocktankpool.com
arctic-spas,Pools/hot tubs/swim spas,Arctic Spas,https://www.arcticspas.com
bullfrog-spas,Pools/hot tubs/swim spas,Bullfrog Spas,https://www.bullfrogspas.com
master-spas,Pools/hot tubs/swim spas,Master Spas,https://www.masterspas.com
hot-spring-spas,Pools/hot tubs/swim spas,Hot Spring Spas,https://www.hotspring.com
aerogarden,Urban gardening,AeroGarden,https://www.aerogarden.com
back-to-the-roots,Urban gardening,Back to the Roots,https://backtotheroots.com
click-and-grow,Urban gardening,Click and Grow,https://www.clickandgrow.com
rise-gardens,Urban gardening,Rise Gardens,https://risegardens.com
gardyn,Urban gardening,Gardyn,https://mygardyn.com
papier,Stationery & Paper,Papier,https://www.papier.com
sugar-paper,Stationery & Paper,Sugar Paper,https://sugarpaper.com
rifle-paper-co,Stationery & Paper,Rifle Paper Co.,https://riflepaperco.com
appointed,Stationery & Paper,Appointed,https://appointed.co
quill-and-fox,Stationery & Paper,Quill & Fox,https://quillandfox.com
egg-press,Stationery & Paper,Egg Press,https://eggpress.com
greenwich-letterpress,Stationery & Paper,Greenwich Letterpress,https://greenwichletterpress.com
terrapin-stationers,Stationery & Paper,Terrapin Stationers,https://terrapinstationers.com
artifact-uprising,Stationery & Paper,Artifact Uprising,https://www.artifactuprising.com
public-supply,Stationery & Paper,Public - Supply,https://public-supply.com
poketo,Stationery & Paper,Poketo,https://www.poketo.com
crane-and-co,Stationery & Paper,Crane & Co.,https://www.crane.com
smythson,Stationery & Paper,Smythson,https://www.smythson.com
leuchtturm1917,Notebooks & Journals,Leuchtturm1917,https://www.leuchtturm1917.com
midori,Notebooks & Journals,Midori,https://www.midori-japan.co.jp
baronfig,Notebooks & Journals,Baronfig,https://baronfig.com
field-notes,Notebooks & Journals,Field Notes,https://fieldnotesbrand.com
write-notepads-and-co,Notebooks & Journals,Write Notepads & Co.,https://www.writepads.com
dingbats,Notebooks & Journals,Dingbats*,https://www.dingbats-notebooks.com
nuuna,Notebooks & Journals,Nuuna,https://www.nuuna.com
rhodia,Notebooks & Journals,Rhodia,https://www.rhodiapads.com
clairefontaine,Notebooks & Journals,Clairefontaine,https://www.clairefontaine.com
stalogy,Notebooks & Journals,Stalogy,https://stalogy.com
traveler-s-company,Notebooks & Journals,Traveler's Company,https://www.travelers-company.com
galen-leather,Notebooks & Journals,Galen Leather,https://www.galenleather.com
code-and-quill,Notebooks & Journals,Code&Quill,https://www.codeandquill.com
blackwing,Pens & Writing,Blackwing,https://blackwing602.com
tombow,Pens & Writing,Tombow,https://www.tombowusa.com
sakura-of-america,Pens & Writing,Sakura of America,https://www.sakuraofamerica.com
lamy,Pens & Writing,Lamy,https://www.lamy.com
montblanc,Pens & Writing,Montblanc,https://www.montblanc.com
pilot-pen,Pens & Writing,Pilot Pen,https://pilotpen.us
uni-ball,Pens & Writing,Uni-ball,https://uniballco.com
karas-pen-co,Pens & Writing,Karas Pen Co.,https://karaskustoms.com
birmingham-pen-co,Pens & Writing,Birmingham Pen Co.,https://www.birminghampens.com
edison-pen-co,Pens & Writing,Edison Pen Co.,https://edisonpen.com
kanilea-pen-co,Pens & Writing,Kanilea Pen Co.,https://kanileapenco.com
london-pen-co,Pens & Writing,London Pen Co.,https://www.londonpenco.com
mad-science-pen-co,Pens & Writing,Mad Science Pen Co.,https://madsciencepenco.com
full-focus,Planners,Full Focus,https://fullfocus.co
erin-condren,Planners,Erin Condren,https://www.erincondren.com
passion-planner,Planners,Passion Planner,https://passionplanner.com
inkwell-press,Planners,Inkwell Press,https://inkwellpress.com
simplified,Planners,Simplified,https://www.emilyley.com
cultivate-what-matters,Planners,Cultivate What Matters,https://cultivatewhatmatters.com
roterunner,Planners,Roterunner,https://roterunner.com
agendio,Planners,Agendio,https://agendio.com
golden-coil,Planners,Golden Coil,https://www.goldencoil.com
plum-paper,Planners,Plum Paper,https://www.plumpaper.com
day-designer,Planners,Day Designer,https://daydesigner.com
herman-miller,Desks,Herman Miller,https://www.hermanmiller.com
steelcase,Desks,Steelcase,https://www.steelcase.com
fully-millerknoll,Desks,Fully (MillerKnoll),https://www.fully.com
vari,Desks,Vari,https://www.vari.com
uplift-desk,Desks,Uplift Desk,https://www.upliftdesk.com
branch-furniture,Desks,Branch Furniture,https://www.branchfurniture.com
autonomous-ai,Desks,Autonomous.ai,https://www.autonomous.ai
maverick-desk,Desks,Maverick Desk,https://www.maverickdesk.com
herman-miller-chairs,Office Chairs,Herman Miller (Chairs),https://store.hermanmiller.com
steelcase-chairs,Office Chairs,Steelcase (Chairs),https://store.steelcase.com
branch-furniture-chairs,Office Chairs,Branch Furniture (Chairs),https://www.branchfurniture.com/collections/office-chairs
autonomous-ai-chairs,Office Chairs,Autonomous.ai (Chairs),https://www.autonomous.ai/office-chairs
ergohuman,Office Chairs,Ergohuman,https://ergohuman.com
x-chair,Office Chairs,X-Chair,https://www.xchair.com
humanscale-chairs,Office Chairs,Humanscale (Chairs),https://www.humanscale.com/products/seating
haworth,Office Chairs,Haworth,https://store.haworth.com
hag-flokk,Office Chairs,HAG (Flokk),https://www.flokk.com/en/us/hag
laura-davidson,Office Chairs,Laura Davidson,https://www.lauradavidson.com
secretlab-office,Office Chairs,Secretlab (Office),https://secretlab.co
atdec,Monitor Arms & Stands,Atdec,https://atdec.com
humanscale-arms,Monitor Arms & Stands,Humanscale (Arms),https://www.humanscale.com/products/monitor-arms
ergotron,Monitor Arms & Stands,Ergotron,https://www.ergotron.com
ergo-direct,Monitor Arms & Stands,Ergo Direct,https://www.ergodirect.com
mount-it,Monitor Arms & Stands,Mount-It!,https://mount-it.com
satechi-stands,Monitor Arms & Stands,Satechi (Stands),https://satechi.net
grovemade-desk-acc-2,Desk Accessories & Organizers,Grovemade,https://grovemade.com
ugmonk,Desk Accessories & Organizers,Ugmonk,https://ugmonk.com
oakywood-desk-acc-2,Desk Accessories & Organizers,Oakywood,https://oakywood.shop
orbitkey,Desk Accessories & Organizers,Orbitkey,https://www.orbitkey.com
satechi-desk-acc-2,Desk Accessories & Organizers,Satechi,https://satechi.net
bellroy-work,Desk Accessories & Organizers,Bellroy (Work),https://bellroy.com/products/category/accessories
courant-desk-acc-2,Desk Accessories & Organizers,Courant,https://staycourant.com
native-union-desk-acc-2,Desk Accessories & Organizers,Native Union,https://www.nativeunion.com
yamazaki-home-desk-acc-2,Desk Accessories & Organizers,Yamazaki Home,https://theyamazakihome.com
poppin,Desk Accessories & Organizers,Poppin,https://www.poppin.com
russell-hazel,Desk Accessories & Organizers,Russell+Hazel,https://www.russellandhazel.com
aurora-corp,Shredders & Calculators,Aurora Corp,https://www.auroracorp.com
royal-consumer-information,Shredders & Calculators,Royal Consumer Information,https://www.royal.com
fellowes,Shredders & Calculators,Fellowes,https://www.fellowes.com
ld-products,Printer & Ink,LD Products,https://www.ldproducts.com
inkjets-com,Printer & Ink,Inkjets.com,https://www.inkjets.com
doorstepink,Printer & Ink,DoorStepInk,https://doorstepink.com
123inkjets,Printer & Ink,123inkjets,https://www.123inkjets.com
ink4less,Printer & Ink,Ink4Less,https://ink4less.com
castle-ink,Printer & Ink,Castle Ink,https://www.castleink.com
zebra-pen,Labels & Markers & Highlighters,Zebra Pen,https://www.zebrapen.com
sharpie,Labels & Markers & Highlighters,Sharpie,https://www.sharpie.com
avery,Labels & Markers & Highlighters,Avery,https://www.avery.com
onlinelabels-com,Labels & Markers & Highlighters,OnlineLabels.com,https://www.onlinelabels.com
sheetlabels-com,Labels & Markers & Highlighters,SheetLabels.com,https://www.sheetlabels.com
sticker-mule,Labels & Markers & Highlighters,Sticker Mule,https://www.stickermule.com
tab,Office Storage & Filing,TAB,https://tab.com
office-specialty,Office Specialty,Office Specialty,https://www.officespecialty.com
davies-office,Office Storage & Filing,Davies Office,https://www.daviesoffice.com
bdi-usa,Office Storage & Filing,BDI USA,https://www.bdiusa.com
bisley,Office Storage & Filing,Bisley,https://www.bisley.com
heartwood,Office Storage & Filing,Heartwood,https://www.heartwood.ca
think-board,Whiteboards & Cork boards,Think Board,https://www.think-board.com
quartet,Whiteboards & Cork boards,Quartet,https://www.quartet.com
ghent,Whiteboards & Cork boards,Ghent,https://www.ghent.com
printful,Printing services (DTC),Printful,https://www.printful.com
moo,Printing services (DTC),MOO,https://www.moo.com
vistaprint,Printing services (DTC),Vistaprint,https://www.vistaprint.com
stationeryhq,Printing services (DTC),StationeryHQ,https://www.stationeryhq.com
fireball-printing,Printing services (DTC),Fireball Printing,https://fireballprinting.com
lulu,Printing services (DTC),Lulu,https://www.lulu.com
gotprint,Printing services (DTC),GotPrint,https://www.gotprint.com
psprint,Printing services (DTC),PsPrint,https://www.psprint.com
lci-paper,Specialty Paper & Cards,LCI Paper,https://www.lcipaper.com
paper-mill-store,Specialty Paper & Cards,The Paper Mill Store,https://www.thepapermillstore.com
12x12-cardstock-shop,Specialty Paper & Cards,12x12 Cardstock Shop,https://www.12x12cardstock.shop
cardstock-warehouse,Specialty Paper & Cards,Cardstock Warehouse,https://www.cardstockwarehouse.com
french-paper-co,Specialty Paper & Cards,French Paper Co.,https://www.frenchpaper.com
legion-paper,Specialty Paper & Cards,Legion Paper,https://www.legionpaper.com
thermo-fisher-scientific,Lab Equipment & Supplies,Thermo Fisher Scientific,https://www.thermofisher.com
vwr-avantor,Lab Equipment & Supplies,VWR (Avantor),https://www.vwr.com
fisher-scientific,Lab Equipment & Supplies,Fisher Scientific,https://www.fishersci.com
bio-rad-laboratories,Lab Equipment & Supplies,Bio-Rad Laboratories,https://www.bio-rad.com
milliporesigma,Lab Equipment & Supplies,MilliporeSigma,https://www.sigmaaldrich.com
thomas-scientific,Lab Equipment & Supplies,Thomas Scientific,https://www.thomassci.com
genesee-scientific,Lab Equipment & Supplies,Genesee Scientific,https://www.geneseesci.com
carolina-biological-supply,Lab Equipment & Supplies,Carolina Biological Supply,https://www.carolina.com
science-company,Lab Equipment & Supplies,Science Company,https://www.sciencecompany.com
home-science-tools,Lab Equipment & Supplies,Home Science Tools,https://www.homesciencetools.com
eppendorf,Lab Equipment & Supplies,Eppendorf,https://www.eppendorf.com
ohaus,Lab Equipment & Supplies,Ohaus,https://www.ohaus.com
benchmark-scientific,Lab Equipment & Supplies,Benchmark Scientific,https://www.benchmarkscientific.com
omega-engineering,Measurement & Test Instruments,Omega Engineering,https://www.omega.com
keysight-technologies,Measurement & Test Instruments,Keysight Technologies,https://www.keysight.com
ni-national-instruments,Measurement & Test Instruments,NI (National Instruments),https://www.ni.com
fluke-corporation,Measurement & Test Instruments,Fluke Corporation,https://www.fluke.com
flir-systems-teledyne-flir,Measurement & Test Instruments,FLIR Systems (Teledyne FLIR),https://www.flir.com
tektronix,Measurement & Test Instruments,Tektronix,https://www.tek.com
transcat,Measurement & Test Instruments,Transcat,https://www.transcat.com
b-and-k-precision,Measurement & Test Instruments,B&K Precision,https://www.bkprecision.com
extech-instruments,Measurement & Test Instruments,Extech Instruments,https://www.extech.com
megger,Measurement & Test Instruments,Megger,https://www.megger.com
hioki,Measurement & Test Instruments,Hioki,https://www.hioki.com
yokogawa,Measurement & Test Instruments,Yokogawa,https://www.yokogawa.com
aemc-instruments,Measurement & Test Instruments,AEMC Instruments,https://www.aemc.com
prusa-research,3D Printers & Additive Manufacturing,Prusa Research,https://www.prusa3d.com
formlabs,3D Printers & Additive Manufacturing,Formlabs,https://www.formlabs.com
bambu-lab,3D Printers & Additive Manufacturing,Bambu Lab,https://www.bambulab.com
creality,3D Printers & Additive Manufacturing,Creality,https://www.creality.com
ultimaker,3D Printers & Additive Manufacturing,Ultimaker,https://www.ultimaker.com
makerbot,3D Printers & Additive Manufacturing,MakerBot,https://www.makerbot.com
elegoo,3D Printers & Additive Manufacturing,Elegoo,https://www.elegoo.com
anycubic,3D Printers & Additive Manufacturing,Anycubic,https://www.anycubic.com
xtool,CNC / Laser Cutters / Fabrication,xTool,https://www.xtool.com
glowforge,CNC / Laser Cutters / Fabrication,Glowforge,https://www.glowforge.com
carbide-3d,CNC / Laser Cutters / Fabrication,Carbide 3D,https://www.carbide3d.com
inventables,CNC / Laser Cutters / Fabrication,Inventables,https://www.inventables.com
shopbot-tools,CNC / Laser Cutters / Fabrication,ShopBot Tools,https://www.shopbottools.com
laguna-tools,CNC / Laser Cutters / Fabrication,Laguna Tools,https://www.lagunatools.com
epilog-laser,CNC / Laser Cutters / Fabrication,Epilog Laser,https://www.epiloglaser.com
trotec-laser,CNC / Laser Cutters / Fabrication,Trotec Laser,https://www.troteclaser.com
industrial-safety,Industrial Safety & PPE,Industrial Safety,https://www.industrialsafety.com
spi-safety,Industrial Safety & PPE,SPI Safety,https://www.spisafety.com
industrial-safety-gear,Industrial Safety & PPE,Industrial Safety Gear,https://www.industrialsafetygear.com
enviro-safety-products,Industrial Safety & PPE,Enviro Safety Products,https://www.envirosafetyproducts.com
magid-glove-and-safety,Industrial Safety & PPE,Magid Glove & Safety,https://www.magidglove.com
mcr-safety,Industrial Safety & PPE,MCR Safety,https://www.mcrsafety.com
radians,Industrial Safety & PPE,Radians,https://www.radians.com
pyramex-safety,Industrial Safety & PPE,Pyramex Safety,https://www.pyramexsafety.com
lakeland-industries,Industrial Safety & PPE,Lakeland Industries,https://www.lakeland.com
tingley-rubber,Industrial Safety & PPE,Tingley Rubber,https://www.tingleyrubber.com
bullard,Industrial Safety & PPE,Bullard,https://www.bullard.com
mcmaster-carr,MRO Supplies,McMaster-Carr,https://www.mcmaster.com
grainger,MRO Supplies,Grainger,https://www.grainger.com
msc-industrial-direct,MRO Supplies,MSC Industrial Direct,https://www.mscdirect.com
zoro,MRO Supplies,Zoro,https://www.zoro.com
global-industrial,MRO Supplies,Global Industrial,https://www.globalindustrial.com
mrostop,MRO Supplies,MROStop,https://www.mrostop.com
fastenal,MRO Supplies,Fastenal,https://www.fastenal.com
rs-rs-group,MRO Supplies,RS (RS Group),https://us.rs-online.com
wesco-international,MRO Supplies,Wesco International,https://www.wesco.com
applied-industrial-technologies,MRO Supplies,Applied Industrial Technologies,https://www.applied.com
motion-industries,MRO Supplies,Motion Industries,https://www.motion.com
automationdirect,Industrial Automation & PLC,AutomationDirect,https://www.automationdirect.com
plc-direct,Industrial Automation & PLC,PLC Direct,https://www.plcdirect.com
galco-industrial-electronics,Industrial Automation & PLC,Galco Industrial Electronics,https://www.galco.com
radwell-international,Industrial Automation & PLC,Radwell International,https://www.radwell.com
maple-systems,Industrial Automation & PLC,Maple Systems,https://www.maplesystems.com
red-lion-controls,Industrial Automation & PLC,Red Lion Controls,https://www.redlion.net
thorlabs,Microscopy & Optics,Thorlabs,https://www.thorlabs.com
edmund-optics,Microscopy & Optics,Edmund Optics,https://www.edmundoptics.com
accu-scope,Microscopy & Optics,Accu-Scope,https://www.accu-scope.com
microscope-com,Microscopy & Optics,Microscope.com,https://www.microscope.com
dino-lite,Microscopy & Optics,Dino-Lite,https://www.dinolite.us
meiji-techno,Microscopy & Optics,Meiji Techno,https://www.meijitechno.com
neb-new-england-biolabs,Chemistry & Biology Supplies,NEB (New England Biolabs),https://www.neb.com
promega,Chemistry & Biology Supplies,Promega,https://www.promega.com
qiagen,Chemistry & Biology Supplies,Qiagen,https://www.qiagen.com
idt-integrated-dna-technologies,Chemistry & Biology Supplies,IDT (Integrated DNA Technologies),https://www.idtdna.com
genscript,Chemistry & Biology Supplies,GenScript,https://www.genscript.com
abcam,Chemistry & Biology Supplies,Abcam,https://www.abcam.com
bio-techne,Chemistry & Biology Supplies,Bio-Techne,https://www.bio-techne.com
tocris-bioscience,Chemistry & Biology Supplies,Tocris Bioscience,https://www.tocris.com
kiwico-educatio-2,Educational Science & STEM,KiwiCo,https://www.kiwico.com
thames-and-kosmos-educatio-2,Educational Science & STEM,Thames & Kosmos,https://www.thamesandkosmos.com
mel-science,Educational Science & STEM,Mel Science,https://www.melscience.com
steve-spangler-science-educatio-2,Educational Science & STEM,Steve Spangler Science,https://www.stevespanglerscience.com
science-kit-vwr,Educational Science & STEM,Science Kit (VWR),https://www.sciencekit.com
sphero-educatio-2,Educational Science & STEM,Sphero,https://www.sphero.com
dragonfire-tools,Workbench & Tool Storage,Dragonfire Tools,https://www.dragonfiretools.com
champion-tool-storage,Workbench & Tool Storage,Champion Tool Storage,https://www.championbuilt.com
formaspace,Workbench & Tool Storage,Formaspace,https://www.formaspace.com
lista,Workbench & Tool Storage,Lista,https://www.lista.com
rousseau-metal,Workbench & Tool Storage,Rousseau Metal,https://www.rousseaumetal.com
seville-classics,Workbench & Tool Storage,Seville Classics,https://www.sevilleclassics.com
terra-universal,Cleanroom & HVAC Industrial,Terra Universal,https://www.terrauniversal.com
go-to-pac,Cleanroom & HVAC Industrial,Go-To-PAC,https://www.gotopac.com
hvacdirect,Cleanroom & HVAC Industrial,HVACDirect,https://www.hvacdirect.com
ac-outlet,Cleanroom & HVAC Industrial,The AC Outlet,https://www.theacoutlet.com
ac-direct,Cleanroom & HVAC Industrial,AC Direct,https://www.acdirect.com
alpine-home-air,Cleanroom & HVAC Industrial,Alpine Home Air,https://www.alpinehomeair.com
uline,Packaging & Shipping Supplies,Uline,https://www.uline.com
paper-mart,Packaging & Shipping Supplies,Paper Mart,https://www.papermart.com
ecoenclose,Packaging & Shipping Supplies,EcoEnclose,https://www.ecoenclose.com
noissue,Packaging & Shipping Supplies,Noissue,https://www.noissue.co
packlane,Packaging & Shipping Supplies,Packlane,https://www.packlane.com
lumi,Packaging & Shipping Supplies,Lumi,https://www.lumi.com
arka,Packaging & Shipping Supplies,Arka,https://www.arka.com
salazar-packaging,Packaging & Shipping Supplies,Salazar Packaging,https://www.salazarpackaging.com
fastener-superstore,Industrial Fasteners,Fastener SuperStore,https://www.fastenersuperstore.com
fasteners-direct,Industrial Fasteners,Fasteners Direct,https://www.fastenersdirect.com
boltsandnuts-com,Industrial Fasteners,BoltsandNuts.com,https://www.boltsandnuts.com
newport-fasteners,Industrial Fasteners,Newport Fasteners,https://www.newportfasteners.com
tanner-bolt,Industrial Fasteners,Tanner Bolt,https://www.tannerbolt.com
rc-fastener,Industrial Fasteners,RC Fastener,https://www.rcfastener.com
hydraulic-supply-co,Hydraulics & Pneumatics,Hydraulic Supply Co,https://www.hydraulic-supply.com
bernell-hydraulics,Hydraulics & Pneumatics,Bernell Hydraulics,https://www.bernellhydraulics.com
quality-hydraulics,Hydraulics & Pneumatics,Quality Hydraulics,https://www.qualityhydraulics.com
air-and-hydraulic-equipment,Hydraulics & Pneumatics,Air & Hydraulic Equipment,https://www.aheinfo.com
barker-air-and-hydraulics,Hydraulics & Pneumatics,Barker Air & Hydraulics,https://www.barkerair.com
flotec,Hydraulics & Pneumatics,Flotec,https://www.floteconline.com
gibson,Electric Guitars,Gibson,https://www.gibson.com
prs-guitars,Electric Guitars,PRS Guitars,https://www.prsguitars.com
ibanez,Electric Guitars,Ibanez,https://www.ibanez.com
music-man,Electric Guitars,Music Man,https://www.music-man.com
suhr,Electric Guitars,Suhr,https://www.suhr.com
duesenberg,Electric Guitars,Duesenberg,https://www.duesenberg.de
tom-anderson,Electric Guitars,Tom Anderson,https://www.andersonguitars.com
heritage-guitars,Electric Guitars,Heritage Guitars,https://www.heritageguitars.com
kauer-guitars,Electric Guitars,Kauer Guitars,https://www.kauerguitars.com
novo-guitars,Electric Guitars,Novo Guitars,https://www.novoguitars.com
bilt-guitars,Electric Guitars,Bilt Guitars,https://www.biltguitars.com
knaggs-guitars,Electric Guitars,Knaggs Guitars,https://www.knaggsguitars.com
collings,Electric Guitars,Collings,https://www.collingsguitars.com
taylor-guitars,Acoustic Guitars,Taylor Guitars,https://www.taylorguitars.com
martin-guitar,Acoustic Guitars,Martin Guitar,https://www.martinguitar.com
petros-guitars,Acoustic Guitars,Petros Guitars,https://www.petrosguitars.com
breedlove,Acoustic Guitars,Breedlove,https://www.breedlovemusic.com
seagull-guitars,Acoustic Guitars,Seagull Guitars,https://www.seagullguitars.com
godin-guitars,Acoustic Guitars,Godin Guitars,https://www.godinguitars.com
alvarez-guitars,Acoustic Guitars,Alvarez Guitars,https://www.alvarezguitars.com
eastman-guitars,Acoustic Guitars,Eastman Guitars,https://www.eastmanguitars.com
lakland,Bass Guitars,Lakland,https://www.lakland.com
warwick,Bass Guitars,Warwick,https://www.warwick.de/en/Warwick.html
spector,Bass Guitars,Spector,https://www.spectorbass.com
sadowsky,Bass Guitars,Sadowsky,https://www.sadowsky.com
fodera,Bass Guitars,Fodera,https://www.fodera.com
dingwall,Bass Guitars,Dingwall,https://www.dingwallguitars.com
boss,Guitar Pedals,Boss,https://www.boss.info
line-6,Guitar Pedals,Line 6,https://www.line6.com
electro-harmonix,Guitar Pedals,Electro-Harmonix,https://www.ehx.com
walrus-audio,Guitar Pedals,Walrus Audio,https://www.walrusaudio.com
strymon,Guitar Pedals,Strymon,https://www.strymon.net
jhs-pedals,Guitar Pedals,JHS Pedals,https://www.jhspedals.info
chase-bliss,Guitar Pedals,Chase Bliss,https://www.chasebliss.com/
eventide,Guitar Pedals,Eventide,https://www.eventideaudio.com
earthquaker-devices,Guitar Pedals,EarthQuaker Devices,https://www.earthquakerdevices.com
red-panda,Guitar Pedals,Red Panda,https://www.redpandalab.com
zvex-effects,Guitar Pedals,ZVEX Effects,https://www.zvex.com
analogman,Guitar Pedals,Analogman,https://www.analogman.com
retro-sonic,Guitar Pedals,Retro-Sonic,https://www.retro-sonic.com
kemper,Amps/Cabinets,Kemper,https://www.kemper-amps.com
neural-dsp,Amps/Cabinets,Neural DSP,https://www.neuraldsp.com
carr-amps,Amps/Cabinets,Carr Amps,https://www.carramps.com
mesa-boogie,Amps/Cabinets,Mesa Boogie,https://www.mesaboogie.com
orange-amps,Amps/Cabinets,Orange Amps,https://www.orangeamps.com
vox-amps,Amps/Cabinets,Vox Amps,https://www.voxamps.com
blackstar,Amps/Cabinets,Blackstar,https://www.blackstaramps.com
marshall,Amps/Cabinets,Marshall,https://www.marshall.com
friedman,Amps/Cabinets,Friedman,https://www.friedmanamplification.com
bogner,Amps/Cabinets,Bogner,https://www.bogneramplification.com
soldano,Amps/Cabinets,Soldano,https://www.soldano.com
sjc-drums,Drums,SJC Drums,https://www.sjcdrums.com
c-and-c-drum-co,Drums,C&C Drum Co,https://www.candccustomdrums.com
a-and-f-drum-co,Drums,A&F Drum Co,https://www.anfdrumco.com
sugar-percussion,Drums,Sugar Percussion,https://www.sugarpercussion.com
virtue-drums,Drums,Virtue Drums,https://www.virtuedrums.com
rl-drums,Drums,RL Drums,https://www.rldrums.com
woodland-percussion,Drums,Woodland Percussion,https://www.woodlandpercussion.com
varus-drums,Drums,Varus Drums,https://www.varusdrums.com
hhg-drums,Drums,HHG Drums,https://www.hhgdrums.com
doc-sweeney-drums,Drums,Doc Sweeney Drums,https://www.docsweeneydrums.com
liberty-drums,Drums,Liberty Drums,https://www.libertydrums.com
roland-pianos,Digital Pianos,Roland Pianos,https://www.roland.com
yamaha-pianos,Digital Pianos,Yamaha Pianos,https://usa.yamaha.com/products/musical_instruments/pianos/
kawai-pianos,Digital Pianos,Kawai Pianos,https://www.kawai-global.com
casio-music,Digital Pianos,Casio Music,https://www.casio.com
nord-keyboards,Digital Pianos,Nord Keyboards,https://www.nordkeyboards.com
dexibell,Digital Pianos,Dexibell,https://www.dexibell.com
shure,Microphones,Shure,https://www.shure.com
audio-technica,Microphones,Audio-Technica,https://www.audio-technica.com
neumann,Microphones,Neumann,https://www.neumann.com
focusrite,Microphones,Focusrite,https://www.focusrite.com
akg,Microphones,AKG,https://www.akg.com
sennheiser,Microphones,Sennheiser,https://www.sennheiser.com
rode,Microphones,Rode,https://www.rode.com
blue-microphones,Microphones,Blue Microphones,https://www.bluemic.com
akai-pro,DJ Gear,Akai Pro,https://www.akaipro.com
pioneer-dj,DJ Gear,Pioneer DJ,https://www.pioneerdj.com
denon-dj,DJ Gear,Denon DJ,https://www.denondj.com
numark,DJ Gear,Numark,https://www.numark.com
rane,DJ Gear,Rane,https://www.rane.com
allen-and-heath,DJ Gear,Allen & Heath,https://www.allen-heath.com
hercules-dj,DJ Gear,Hercules DJ,https://www.hercules.com
reloop,DJ Gear,Reloop,https://www.reloop.com
genelec,Studio Monitors,Genelec,https://www.genelec.com
adam-audio,Studio Monitors,ADAM Audio,https://www.adam-audio.com
krk-systems,Studio Monitors,KRK Systems,https://www.krkmusic.com
barefoot-sound,Studio Monitors,Barefoot Sound,https://www.barefootsound.com
focal,Studio Monitors,Focal,https://www.focal.com
kali-audio,Studio Monitors,Kali Audio,https://www.kaliaudio.com
ernie-ball,Accessories,Ernie Ball,https://www.ernieball.com
dunlop,Accessories,Dunlop,https://www.jimdunlop.com
d-addario,Accessories,D'Addario,https://www.daddario.com
elixir-strings,Accessories,Elixir Strings,https://www.elixirstrings.com
ghs-strings,Accessories,GHS Strings,https://www.ghsstrings.com
dr-strings,Accessories,DR Strings,https://www.drstrings.com
sit-strings,Accessories,SIT Strings,https://www.sitstrings.com
cleartone-strings,Accessories,Cleartone Strings,https://www.cleartone-strings.com
fiddlershop,Orchestral,Fiddlershop,https://www.fiddlershop.com
stringworks,Orchestral,StringWorks,https://www.stringworks.com
ns-design,Orchestral,NS Design,https://www.thinkns.com
eastman-strings,Orchestral,Eastman Strings,https://www.eastmanstrings.com
stentor,Orchestral,Stentor,https://www.stentor-music.com
hofner,Orchestral,Hofner,https://www.hofner.com
buffet-crampon,Wind Instruments,Buffet Crampon,https://www.buffet-crampon.com
selmer-paris,Wind Instruments,Selmer Paris,https://www.selmer.fr
yanagisawa,Wind Instruments,Yanagisawa,https://www.yanagisawasax.co.jp
bach-brass,Wind Instruments,Bach Brass,https://www.bachbrass.com
jupiter-music,Wind Instruments,Jupiter Music,https://www.jupitermusic.com
p-mauriat,Wind Instruments,P. Mauriat,https://www.pmauriatmusic.com
kala-brand,Ukuleles,Kala Brand,https://www.kalabrand.com
lanikai,Ukuleles,Lanikai,https://www.lanikaiukuleles.com
cordoba-music,Ukuleles,Cordoba Music,https://www.cordobaguitars.com
ohana-ukuleles,Ukuleles,Ohana Ukuleles,https://www.ohana-music.com
kamaka-hawaii,Ukuleles,Kamaka Hawaii,https://www.kamakahawaii.com
kanile-a-ukulele,Ukuleles,Kanile'a Ukulele,https://www.kanileaukulele.com
powell-s-books,Independent Bookstore,Powell's Books,https://www.powells.com
strand-books,Independent Bookstore,Strand Books,https://www.strandbooks.com
city-lights,Independent Bookstore,City Lights,https://www.citylights.com
mcnally-jackson,Independent Bookstore,McNally Jackson,https://www.mcnallyjackson.com
books-are-magic,Independent Bookstore,Books Are Magic,https://www.booksaremagic.net
kinokuniya-usa,Independent Bookstore,Kinokuniya USA,https://www.kinokuniya.com
last-bookstore,Independent Bookstore,The Last Bookstore,https://www.lastbookstorela.com
attic-books,Independent Bookstore,Attic Books,https://www.atticbooks.ca
dubray-books,Independent Bookstore,Dubray Books,https://www.dubraybooks.ie
hex,Independent Bookstore,HEX,https://www.hexbrookline.com
magazine-heaven,Independent Bookstore,Magazine Heaven,https://www.magazineheaven.com
beacon-hill-books,Independent Bookstore,Beacon Hill Books,https://www.beaconhillbooks.com
annabelle-s-book-club-la,Independent Bookstore,Annabelle's Book Club LA,https://www.annabellesbookclubla.com
alice-ever-after-books,Independent Bookstore,"Alice, Ever After Books",https://www.aliceeverafterbooks.com
brave-kind-bookshop,Independent Bookstore,Brave + Kind Bookshop,https://www.braveandkindbooks.com
faulkner-house-books,Independent Bookstore,Faulkner House Books,https://www.faulknerhousebooks.com
little-city-books,Independent Bookstore,Little City Books,https://www.littlecitybooks.com
mysterious-bookshop,Specialty Bookstore,The Mysterious Bookshop,https://www.mysteriousbookshop.com
kitchen-arts-and-letters,Specialty Bookstore,Kitchen Arts & Letters,https://www.kitchenartsandletters.com
poetry-foundation-shop,Specialty Bookstore,Poetry Foundation Shop,https://www.poetryfoundation.org
grolier-poetry-book-shop,Specialty Bookstore,Grolier Poetry Book Shop,https://www.grolierpoetrybookshop.org
rizzoli-bookstore,Specialty Bookstore,Rizzoli Bookstore,https://www.rizzolibookstore.com
hennessey-ingalls,Specialty Bookstore,Hennessey + Ingalls,https://www.hennesseyingalls.com
omnivore-books,Specialty Bookstore,Omnivore Books,https://www.omnivorebooks.com
bonnie-slotnick-cookbooks,Specialty Bookstore,Bonnie Slotnick Cookbooks,https://www.bonnieslotnickcookbooks.com
uncle-hugo-s-science-fiction-bookstore,Specialty Bookstore,Uncle Hugo's Science Fiction Bookstore,https://www.unclehugo.com
dark-delicacies,Specialty Bookstore,Dark Delicacies,https://www.darkdel.com
bluestockings,Specialty Bookstore,Bluestockings,https://www.bluestockings.com
glad-day-bookshop,Specialty Bookstore,Glad Day Bookshop,https://www.gladdaybookshop.com
drama-book-shop,Specialty Bookstore,The Drama Book Shop,https://www.dramabookshop.com
oxford-university-press,Academic/University Press,Oxford University Press,https://global.oup.com
harvard-university-press,Academic/University Press,Harvard University Press,https://www.hup.harvard.edu
yale-university-press,Academic/University Press,Yale University Press,https://yalebooks.yale.edu
princeton-university-press,Academic/University Press,Princeton University Press,https://press.princeton.edu
mit-press,Academic/University Press,MIT Press,https://mitpress.mit.edu
columbia-university-press,Academic/University Press,Columbia University Press,https://cup.columbia.edu
university-of-chicago-press,Academic/University Press,University of Chicago Press,https://press.uchicago.edu
stanford-university-press,Academic/University Press,Stanford University Press,https://www.sup.org
verso-books,Small Press Publisher,Verso Books,https://www.versobooks.com
nyrb,Small Press Publisher,NYRB,https://www.nyrb.com
melville-house,Small Press Publisher,Melville House,https://www.mhpbooks.com
tin-house,Small Press Publisher,Tin House,https://www.tinhouse.com
graywolf-press,Small Press Publisher,Graywolf Press,https://www.graywolfpress.org
copper-canyon-press,Small Press Publisher,Copper Canyon Press,https://www.coppercanyonpress.org
mcsweeney-s,Small Press Publisher,McSweeney's,https://www.mcsweeneys.net
europa-editions,Small Press Publisher,Europa Editions,https://www.europaeditions.com
feminist-press,Small Press Publisher,The Feminist Press,https://www.feministpress.org
coffee-house-press,Small Press Publisher,Coffee House Press,https://www.coffeehousepress.org
milkweed-editions,Small Press Publisher,Milkweed Editions,https://milkweed.org
wave-books,Small Press Publisher,Wave Books,https://www.wavepoetry.com
new-directions,Small Press Publisher,New Directions,https://www.ndbooks.com
midtown-comics,Comic Book Store,Midtown Comics,https://www.midtowncomics.com
things-from-another-world,Comic Book Store,Things From Another World,https://www.tfaw.com
mile-high-comics,Comic Book Store,Mile High Comics,https://www.milehighcomics.com
third-eye-comics,Comic Book Store,Third Eye Comics,https://shop.thirdeyecomics.com
mycomicshop,Comic Book Store,MyComicShop,https://www.mycomicshop.com
g-mart,Comic Book Store,G-Mart,https://www.g-mart.com
dcbs,Comic Book Store,DCBS,https://www.dcbservice.com
instocktrades,Comic Book Store,InStockTrades,https://www.instocktrades.com
biblio,Used/Rare Bookseller,Biblio,https://www.biblio.com
alibris,Used/Rare Bookseller,Alibris,https://www.alibris.com
better-world-books,Used/Rare Bookseller,Better World Books,https://www.betterworldbooks.com
mystery-pier-books,Used/Rare Bookseller,Mystery Pier Books,https://mysterypierbooks.com
bauman-rare-books,Used/Rare Bookseller,Bauman Rare Books,https://www.baumanrarebooks.com
whitmore-rare-books,Used/Rare Bookseller,Whitmore Rare Books,https://www.whitmorerarebooks.com
raptis-rare-books,Used/Rare Bookseller,Raptis Rare Books,https://www.raptisrarebooks.com
first-edition-rare-books,Used/Rare Bookseller,The First Edition Rare Books,https://thefirstedition.com
books-of-wonder,Children's Bookstore,Books of Wonder,https://booksofwonder.com
children-s-book-shop,Children's Bookstore,The Children's Book Shop,https://www.childrensbookshop.com
blue-manatee-literacy-project,Children's Bookstore,Blue Manatee Literacy Project,https://www.bluemanateeliteracyproject.org
fairytales-bookstore,Children's Bookstore,Fairytales Bookstore,https://fairytalesnashville.com
tales-for-tadpoles,Children's Bookstore,Tales for Tadpoles,https://talesfortadpoles.ie
storybook-village,Children's Bookstore,Storybook Village,https://storybookvillageusa.com
barefoot-books,Children's Bookstore,Barefoot Books,https://www.barefootbooks.com
nosy-crow,Children's Bookstore,Nosy Crow,https://nosycrow.com
libro-fm,Audiobook DTC,Libro.fm,https://libro.fm
audiobooks-com,Audiobook DTC,Audiobooks.com,https://www.audiobooks.com
downpour,Audiobook DTC,Downpour,https://www.downpour.com
chirp,Audiobook DTC,Chirp,https://www.chirpbooks.com
kobo-audiobooks,Audiobook DTC,Kobo Audiobooks,https://www.kobo.com
xigxag,Audiobook DTC,xigxag,https://xigxag.co.uk
book-of-the-month,Book Subscription Box,Book of the Month,https://www.bookofthemonth.com
fairyloot,Book Subscription Box,FairyLoot,https://fairyloot.com
owlcrate,Book Subscription Box,OwlCrate,https://www.owlcrate.com
illumicrate,Book Subscription Box,Illumicrate,https://www.illumicrate.com
litjoy-crate,Book Subscription Box,LitJoy Crate,https://litjoycrate.com
shelflove-crate,Book Subscription Box,Shelflove Crate,https://www.shelflovebox.com
printed-matter,Zine/Art Book Publisher,Printed Matter,https://www.printedmatter.org
microcosm-publishing,Zine/Art Book Publisher,Microcosm Publishing,https://microcosmpublishing.com
counter-print,Zine/Art Book Publisher,Counter-Print,https://www.counter-print.co.uk
unit-editions,Zine/Art Book Publisher,Unit Editions,https://www.uniteditions.com
taschen,Zine/Art Book Publisher,Taschen,https://www.taschen.com
phaidon,Zine/Art Book Publisher,Phaidon,https://www.phaidon.com
fangamer,Indie Studio Merch,Fangamer,https://www.fangamer.com
iam8bit,Indie Studio Merch,iam8bit,https://www.iam8bit.com
devolver-digital-store,Indie Studio Merch,Devolver Digital Store,https://merch.devolverdigital.com
supergiant-games-store,Indie Studio Merch,Supergiant Games Store,https://store.supergiantgames.com
innersloth-shop,Indie Studio Merch,Innersloth Shop,https://shop.innersloth.com
ghost-ship-games,Indie Studio Merch,Ghost Ship Games,https://shop.ghostship.dk
stardew-valley-shop,Indie Studio Merch,Stardew Valley Shop,https://merch.stardewvalley.net
re-logic-store,Indie Studio Merch,Re-Logic Store,https://shop.relogic.com
klei-shop,Indie Studio Merch,Klei Shop,https://store.klei.com
behemoth-store,Indie Studio Merch,The Behemoth Store,https://store.behemoth.com
yacht-club-games-store,Indie Studio Merch,Yacht Club Games Store,https://yachtclubgames.com/store
dead-cells-store,Indie Studio Merch,Dead Cells Store,https://shop.deadcells.com
minecraft-shop,Indie Studio Merch,Minecraft Shop,https://shop.minecraft.net
square-enix-store,AAA Publisher Store,Square Enix Store,https://www.squareenixstore.com
capcom-store,AAA Publisher Store,Capcom Store,https://www.capcomstore.com
bethesda-gear,AAA Publisher Store,Bethesda Gear,https://gear.bethesda.net
bandai-namco-store,AAA Publisher Store,Bandai Namco Store,https://store.bandainamcoent.com
ubisoft-store,AAA Publisher Store,Ubisoft Store,https://store.ubisoft.com
blizzard-gear,AAA Publisher Store,Blizzard Gear,https://gear.blizzard.com
playstation-gear,AAA Publisher Store,PlayStation Gear,https://merchandise.playstation.com
xbox-gear-shop,AAA Publisher Store,Xbox Gear Shop,https://shop.xbox.com
dkoldies,Retro Game Retailer,DKOldies,https://www.dkoldies.com
lukie-games,Retro Game Retailer,Lukie Games,https://www.lukiegames.com
level-up-video-games,Retro Game Retailer,Level Up Video Games,https://levelupvideogames.com
retro-vgames,Retro Game Retailer,Retro vGames,https://retrovgames.com
jjgames,Retro Game Retailer,JJGames,https://www.jjgames.com
estarland,Retro Game Retailer,eStarland,https://www.estarland.com
old-school-game-repo,Retro Game Retailer,Old School Game Repo,https://oldschoolgamerepo.com
world-8,Retro Game Retailer,World 8,https://world8.la
retro-games-uk,Retro Game Retailer,Retro Games UK,https://www.retrogames.co.uk
classic-game-source,Retro Game Retailer,Classic Game Source,https://classicgamesource.com
game-over-video-games,Retro Game Retailer,Game Over Video Games,https://gameovervideogames.com
retro-city-games,Retro Game Retailer,Retro City Games,https://retrocitygames.com
power-up-gaming,Retro Game Retailer,Power Up Gaming,https://powerupgaming.ca
play-asia,Import Shop,Play-Asia,https://www.play-asia.com
amiami,Import Shop,AmiAmi,https://www.amiami.com
solaris-japan,Import Shop,Solaris Japan,https://solarisjapan.com
cdjapan,Import Shop,CDJapan,https://www.cdjapan.co.jp
hobby-link-japan,Import Shop,Hobby Link Japan,https://www.hlj.com
j-subculture,Import Shop,J-Subculture,https://www.j-subculture.com
japan-games,Import Shop,Japan Games,https://www.japan-games.com
genki-buy,Import Shop,Genki Buy,https://www.genkibuy.com
arcade1up,Arcade Maker,Arcade1Up,https://www.arcade1up.com
dream-arcades,Arcade Maker,Dream Arcades,https://dreamarcades.com
retro-cade,Arcade Maker,Retro-Cade,https://www.retro-cade.com
quality-arcades,Arcade Maker,Quality Arcades,https://www.qualityarcades.com
paradox-arcades,Arcade Maker,Paradox Arcades,https://www.paradoxarcades.com
atgames,Arcade Maker,AtGames,https://www.atgames.us
8bitdo,Controllers,8BitDo,https://www.8bitdo.com
hori-usa,Controllers,Hori USA,https://stores.horiusa.com/
qanba,Controllers,Qanba,https://www.qanba.com
evil-controllers,Controllers,Evil Controllers,https://www.evilcontrollers.com
battle-beaver-customs,Controllers,Battle Beaver Customs,https://battlebeavercustoms.com
aimcontrollers,Controllers,AimControllers,https://aimcontrollers.com
scuf-gaming,Controllers,SCUF Gaming,https://scufgaming.com
victrix-gaming,Controllers,Victrix Gaming,https://www.victrixgaming.com
turtle-beach,Controllers,Turtle Beach,https://www.turtlebeach.com
razer,Controllers,Razer,https://www.razer.com
steelseries-controll-2,Controllers,SteelSeries,https://steelseries.com
logitech-g-controll-2,Controllers,Logitech G,https://www.logitechg.com
hyperx,Controllers,HyperX,https://www.hyperx.com
meta-quest,VR Hardware,Meta Quest,https://www.meta.com/quest
htc-vive,VR Hardware,HTC Vive,https://www.vive.com
pimax,VR Hardware,Pimax,https://pimax.com
varjo,VR Hardware,Varjo,https://varjo.com
bigscreen-beyond,VR Hardware,Bigscreen Beyond,https://www.bigscreenvr.com
vr-cover,VR Hardware,VR Cover,https://vr-cover.com
amvr,VR Hardware,AMVR,https://amvrshop.com
kiwi-design,VR Hardware,KIWI design,https://www.kiwidesign.com
secretlab,Gaming Chairs,Secretlab,https://secretlab.co
dxracer,Gaming Chairs,DXRacer,https://www.dxracer.com
herman-miller-gaming,Gaming Chairs,Herman Miller Gaming,https://www.hermanmiller.com/gaming
andaseat,Gaming Chairs,AndaSeat,https://www.andaseat.com
noblechairs,Gaming Chairs,noblechairs,https://www.noblechairs.com
vertagear,Gaming Chairs,Vertagear,https://www.vertagear.com
gt-omega,Gaming Chairs,GT Omega,https://www.gtomega.com
boulies,Gaming Chairs,Boulies,https://www.boulies.com
thermaltake,Gaming Desks,ThermalTake,https://www.thermaltake.com
flexispot,Gaming Desks,FlexiSpot,https://www.flexispot.com
autonomous,Gaming Desks,Autonomous,https://www.autonomous.ai
uplift-desk-gaming-d-2,Gaming Desks,UPLIFT Desk,https://www.uplift-desk.com
evodesk,Gaming Desks,Evodesk,https://www.evodesk.com
eureka-ergonomic,Gaming Desks,Eureka Ergonomic,https://eurekaergonomic.com
mondo-collecti-2,Collectibles,Mondo,https://mondoshop.com
sideshow-collecti-2,Collectibles,Sideshow,https://www.sideshow.com
first-4-figures,Collectibles,First 4 Figures,https://www.first4figures.com
good-smile-company-collecti-2,Collectibles,Good Smile Company,https://www.goodsmile.info
kotobukiya-collecti-2,Collectibles,Kotobukiya,https://www.kotobukiya.co.jp
gaming-heads,Collectibles,Gaming Heads,https://www.gaming-heads.com
dark-horse-direct,Collectibles,Dark Horse Direct,https://www.darkhorsedirect.com
numskull-geek-store,Collectibles,Numskull (Geek Store),https://www.geekstore.com
star-city-games,Trading Cards,Star City Games,https://www.starcitygames.com
channelfireball,Trading Cards,ChannelFireball,https://www.channelfireball.com
card-kingdom,Trading Cards,Card Kingdom,https://www.cardkingdom.com
stomping-grounds-tcg,Trading Cards,Stomping Grounds TCG,https://www.stompinggroundstcg.com
prodigy-games,Trading Cards,Prodigy Games,https://www.prodigygames.com
iron-lion-collectibles,Trading Cards,Iron Lion Collectibles,https://ironlioncollectibles.com
cash-cards-unlimited,Trading Cards,Cash Cards Unlimited,https://cashcardsunlimited.com
hidden-gems-card-shop,Trading Cards,Hidden Gems Card Shop,https://hiddengemscardshop.com
collector-s-cache,Trading Cards,Collector's Cache,https://www.collectorscache.com
coolstuffinc,Trading Cards,CoolStuffInc,https://www.coolstuffinc.com
troll-and-toad,Trading Cards,Troll and Toad,https://www.trollandtoad.com
criterion-collection,Movies & TV,The Criterion Collection,https://www.criterion.com
arrow-films,Movies & TV,Arrow Films,https://www.arrowfilms.com
vinegar-syndrome,Movies & TV,Vinegar Syndrome,https://vinegarsyndrome.com
kino-lorber,Movies & TV,Kino Lorber,https://kinolorber.com
shout-factory,Movies & TV,Shout! Factory,https://shoutfactory.com
severin-films,Movies & TV,Severin Films,https://severin-films.com
grindhouse-releasing,Movies & TV,Grindhouse Releasing,https://grindhousereleasing.com
mondo-macabre,Movies & TV,Mondo Macabre,https://mondomacabre.movie
twilight-time-movies,Movies & TV,Twilight Time Movies,https://www.twilighttimemovies.com
powerhouse-films-indicator,Movies & TV,Powerhouse Films (Indicator),https://www.powerhousefilms.co.uk
bfi-shop,Movies & TV,BFI Shop,https://shop.bfi.org.uk
eureka-entertainment,Movies & TV,Eureka Entertainment,https://eurekavideo.co.uk
88-films,Movies & TV,88 Films,https://88-films.myshopify.com/
second-sight-films,Movies & TV,Second Sight Films,https://secondsightfilms.co.uk
101-films,Movies & TV,101 Films,https://101-films.com
third-window-films,Movies & TV,Third Window Films,https://thirdwindowfilms.com
umbrella-entertainment,Movies & TV,Umbrella Entertainment,https://shop.umbrellaent.com.au
via-vision-entertainment,Movies & TV,Via Vision Entertainment,https://viavision.com.au
milestone-films,Movies & TV,Milestone Films,https://www.milestonefilms.com
synapse-films,Movies & TV,Synapse Films,https://synapsefilms.com
blue-underground,Movies & TV,Blue Underground,https://blue-underground.com
radiance-films,Movies & TV,Radiance Films,https://www.radiancefilms.co.uk
cauldron-films,Movies & TV,Cauldron Films,https://www.cauldron-films.com
deaf-crocodile,Movies & TV,Deaf Crocodile,https://www.deafcrocodile.com
dark-force-entertainment,Movies & TV,Dark Force Entertainment,https://darkforceentertainment.com
arbelos-films,Movies & TV,Arbelos Films,https://arbelosfilms.com
grasshopper-film,Movies & TV,Grasshopper Film,https://grasshopperfilm.com
film-movement,Movies & TV,Film Movement,https://www.filmmovement.com
cohen-media-group,Movies & TV,Cohen Media Group,https://cohenmedia.net/
flicker-alley,Movies & TV,Flicker Alley,https://www.flickeralley.com
olive-films,Movies & TV,Olive Films,https://olivefilms.com
oscilloscope-laboratories,Movies & TV,Oscilloscope Laboratories,https://www.oscilloscope.net
gkids-shop,Movies & TV,Gkids Shop,https://store.gkids.com
a24-shop,Movies & TV,A24 Shop,https://shop.a24films.com
neon-shop,Movies & TV,Neon Shop,https://shop.neonrated.com
magnolia-pictures,Movies & TV,Magnolia Pictures,https://www.magpictures.com
well-go-usa,Movies & TV,Well Go USA,https://www.wellgousa.com
subkultur-entertainment,Movies & TV,Subkultur-Entertainment,https://www.subkultur-entertainment.de
carlotta-films,Movies & TV,Carlotta Films,https://laboutique.carlottafilms.com
diabolikdvd,Movies & TV,DiabolikDVD,https://diabolikdvd.com
orbit-dvd,Movies & TV,Orbit DVD,https://www.orbitdvd.com
grindhouse-video,Movies & TV,Grindhouse Video,https://grindhousevideo.com
bull-moose,Movies & TV,Bull Moose,https://www.bullmoose.com
amoeba-music,Movies & TV,Amoeba Music,https://www.amoeba.com
zia-records,Movies & TV,Zia Records,https://www.ziarecords.com
newbury-comics,Movies & TV,Newbury Comics,https://www.newburycomics.com
deepdiscount,Movies & TV,DeepDiscount,https://www.deepdiscount.com
importcds,Movies & TV,ImportCDs,https://www.importcds.com
dvd-empire,Movies & TV,DVD Empire,https://www.dvdempire.com
gruv,Movies & TV,Gruv,https://www.gruv.com
rarewaves,Movies & TV,Rarewaves,https://www.rarewaves.com
wowhd,Movies & TV,WowHD,https://www.wowhd.us
blowitoutahere,Movies & TV,Blowitoutahere,https://www.blowitoutahere.com
oldies-com,Movies & TV,Oldies.com,https://www.oldies.com
hamilton-book,Movies & TV,Hamilton Book,https://www.hamiltonbook.com
silver-platters,Movies & TV,Silver Platters,https://www.silverplatters.com
waterloo-records,Movies & TV,Waterloo Records,https://waterloorecords.com
easy-street-records,Movies & TV,Easy Street Records,https://easystreetonline.com
reckless-records,Movies & TV,Reckless Records,https://www.reckless.com
princeton-record-exchange,Movies & TV,Princeton Record Exchange,https://www.prex.com
dusty-groove,Movies & TV,Dusty Groove,https://www.dustygroove.com
grimey-s-new-and-loved-music,Movies & TV,Grimey's New & Loved Music,https://www.grimeys.com
electric-fetus,Movies & TV,The Electric Fetus,https://www.electricfetus.com
jackpot-records,Movies & TV,Jackpot Records,https://jackpotrecords.com
crunchyroll-store,Movies & TV,Crunchyroll Store,https://store.crunchyroll.com
anime-corner-store,Movies & TV,Anime Corner Store,https://www.animecornerstore.com
sentai-filmworks,Movies & TV,Sentai Filmworks,https://www.sentaifilmworks.com
discotek-media,Movies & TV,Discotek Media,https://discotekmedia.com
all-the-anime,Movies & TV,All the Anime,https://www.alltheanime.com
cdjapan-movies-a-2,Movies & TV,CDJapan,https://www.cdjapan.co.jp
play-asia-movies-a-2,Movies & TV,Play-Asia,https://www.play-asia.com
solaris-japan-movies-a-2,Movies & TV,Solaris Japan,https://solarisjapan.com
amiami-movies-a-2,Movies & TV,AmiAmi,https://www.amiami.com
hobbysearch,Movies & TV,HobbySearch,https://www.1999.co.jp/eng/
j-list,Movies & TV,J-List,https://www.jlist.com
mandarake,Movies & TV,Mandarake,https://order.mandarake.co.jp/order/
nis-america-store,Movies & TV,NIS America Store,https://store.nisamerica.com
aniplex-usa,Movies & TV,Aniplex+ USA,https://p-bandai.com/us/search?sort=relevance&text=aniplex
ponycan-usa,Movies & TV,Ponycan USA,https://ponycanusa.com
tokyo-otaku-mode,Movies & TV,Tokyo Otaku Mode,https://otakumode.com
kinokuniya-usa-movies-a-2,Movies & TV,Kinokuniya USA,https://usa.kinokuniya.com
bookoff-usa,Movies & TV,BookOff USA,https://www.bookoffusa.com
madman-entertainment,Movies & TV,Madman Entertainment,https://www.madman.com.au
animatsu,Movies & TV,Animatsu,https://www.animatsu.com
up1-co-uk,Movies & TV,UP1.co.uk,https://www.up1.co.uk
collectors-anime,Movies & TV,Collectors Anime,https://www.collectorsanime.com
rightstuf-anime-legacy-link,Movies & TV,RightStuf Anime (Legacy link),https://www.rightstufanime.com
manga-entertainment,Movies & TV,Manga Entertainment,https://www.mangauk.com
terror-vision,Movies & TV,Terror Vision,https://www.terror-vision.com
agfa-american-genre-film-archive,Movies & TV,AGFA (American Genre Film Archive),https://www.americangenrefilm.com
lunchmeat-vhs,Movies & TV,Lunchmeat VHS,https://lunchmeatvhs.com
saturn-s-core,Movies & TV,Saturn's Core,https://www.saturnscore.com
bleeding-skull,Movies & TV,Bleeding Skull,https://bleedingskull.com
cult-epics,Movies & TV,Cult Epics,https://www.cultepics.com
camera-obscura,Movies & TV,Camera Obscura,https://cameraobscurafilms.de/
le-chat-qui-fume,Movies & TV,Le Chat qui Fume,https://www.lechatquifume.com
shameless-films,Movies & TV,Shameless Films,https://www.shameless-films.com
nucleus-films,Movies & TV,Nucleus Films,https://www.nucleusfilms.com
wicked-vision,Movies & TV,Wicked Vision,https://www.wicked-vision.com
full-moon-direct,Movies & TV,Full Moon Direct,https://www.fullmoondirect.com
troma-direct,Movies & TV,Troma Direct,https://www.tromadirect.com
rough-trade-us,Independent Record Store - US,Rough Trade US,https://www.roughtrade.com/en-us
bull-moose-independ-2,Independent Record Store - US,Bull Moose,https://www.bullmoose.com
newbury-comics-independ-2,Independent Record Store - US,Newbury Comics,https://www.newburycomics.com
criminal-records,Independent Record Store - US,Criminal Records,https://www.criminalrecords.com
generation-records,Independent Record Store - US,Generation Records,https://www.generationrecords.com
1-2-3-4-go-records,Independent Record Store - US,1-2-3-4 Go! Records,https://1234gorecords.com
goner-records,Independent Record Store - US,Goner Records,https://goner-records.com
dusty-groove-independ-2,Independent Record Store - US,Dusty Groove,https://www.dustygroove.com
record-grouch,Independent Record Store - US,Record Grouch,https://www.recordgrouch.com
princeton-record-exchange-independ-2,Independent Record Store - US,Princeton Record Exchange,https://www.prex.com
waterloo-records-independ-2,Independent Record Store - US,Waterloo Records,https://www.waterloorecords.com
grimey-s-new-and-pre-loved-music,Independent Record Store - US,Grimey's New & Pre-Loved Music,https://www.grimeys.com
easy-street-records-independ-2,Independent Record Store - US,Easy Street Records,https://easystreetonline.com
reckless-records-independ-2,Independent Record Store - US,Reckless Records,https://www.reckless.com
zia-records-independ-2,Independent Record Store - US,Zia Records,https://www.ziarecords.com
silver-platters-independ-2,Independent Record Store - US,Silver Platters,https://www.silverplatters.com
electric-fetus-independ-2,Independent Record Store - US,Electric Fetus,https://www.electricfetus.com
rasputin-music,Independent Record Store - US,Rasputin Music,https://www.rasputinmusic.com
jackpot-records-independ-2,Independent Record Store - US,Jackpot Records,https://www.jackpotrecords.com
everyday-music,Independent Record Store - US,Everyday Music,https://www.everydaymusic.com
fingerprints-music,Independent Record Store - US,Fingerprints Music,https://www.fingerprintsmusic.com
euclid-records,Independent Record Store - US,Euclid Records,https://www.euclidrecords.com
vintage-vinyl,Independent Record Store - US,Vintage Vinyl,https://www.vintagevinyl.com
shake-it-records,Independent Record Store - US,Shake It Records,https://www.shakeitrecords.com
end-of-an-ear,Independent Record Store - US,End of an Ear,https://www.endofanear.com
permanent-records,Independent Record Store - US,Permanent Records,https://www.permanentrecordsla.com
rough-trade-uk,Independent Record Store - UK/EU,Rough Trade UK,https://www.roughtrade.com/en-gb
sister-ray,Independent Record Store - UK/EU,Sister Ray,https://www.sister-ray.co.uk
piccadilly-records,Independent Record Store - UK/EU,Piccadilly Records,https://www.piccadillyrecords.com
norman-records,Independent Record Store - UK/EU,Norman Records,https://www.normanrecords.com
boomkat,Independent Record Store - UK/EU,Boomkat,https://www.boomkat.com
juno-records,Independent Record Store - UK/EU,Juno Records,https://www.juno.co.uk
redeye-records,Independent Record Store - UK/EU,Redeye Records,https://www.redeyerecords.co.uk
phonica-records,Independent Record Store - UK/EU,Phonica Records,https://www.phonicarecords.com
honest-jon-s,Independent Record Store - UK/EU,Honest Jon's,https://www.honestjons.com
sounds-of-the-universe,Independent Record Store - UK/EU,Sounds of the Universe,https://www.soundsoftheuniverse.com
resident-music,Independent Record Store - UK/EU,Resident Music,https://www.resident-music.com
banquet-records,Independent Record Store - UK/EU,Banquet Records,https://www.banquetrecords.com
drift-records,Independent Record Store - UK/EU,Drift Records,https://www.driftrecords.com
truck-store,Independent Record Store - UK/EU,Truck Store,https://www.truckmusicstore.com
vinyl-tap,Independent Record Store - UK/EU,Vinyl Tap,https://www.vinyltap.co.uk
spillers-records,Independent Record Store - UK/EU,Spillers Records,https://www.spillersrecords.co.uk
disk-union,Independent Record Store - Asia/Other,Disk Union,https://www.diskunion.net
hmv-japan,Independent Record Store - Asia/Other,HMV Japan,https://www.hmv.co.jp
jet-set-records,Independent Record Store - Asia/Other,Jet Set Records,https://www.jetsetrecords.net
lighthouse-records,Independent Record Store - Asia/Other,Lighthouse Records,https://www.lighthouserecords.jp
technique,Independent Record Store - Asia/Other,Technique,https://www.technique.co.jp
white-noise-records,Independent Record Store - Asia/Other,White Noise Records,https://www.whitenoiserecords.org
zoo-records,Independent Record Store - Asia/Other,Zoo Records,https://www.zoo-records.com
record-city-japan,Independent Record Store - Asia/Other,Record City Japan,https://www.recordcity.jp
third-man-records,Record Label with Shop,Third Man Records,https://www.thirdmanrecords.com
sub-pop-megamart,Record Label with Shop,Sub Pop Megamart,https://megamart.subpop.com
matador-records,Record Label with Shop,Matador Records,https://www.matadorrecords.com
warp-records,Record Label with Shop,Warp Records,https://www.warp.net
ninja-tune,Record Label with Shop,Ninja Tune,https://www.ninjatune.net
domino-mart,Record Label with Shop,Domino Mart,https://www.dominomart.com
saddle-creek,Record Label with Shop,Saddle Creek,https://www.saddlecreek.com
nonesuch-records,Record Label with Shop,Nonesuch Records,https://www.nonesuch.com
ecm-records,Record Label with Shop,ECM Records,https://www.ecmrecords.com
blue-note-shop,Record Label with Shop,Blue Note Shop,https://www.bluenote.com
secretly-store,Record Label with Shop,Secretly Store,https://www.secretlystore.com
drag-city,Record Label with Shop,Drag City,https://www.dragcity.com
light-in-the-attic,Record Label with Shop,Light in the Attic,https://www.lightintheattic.net
stones-throw-records,Record Label with Shop,Stones Throw Records,https://www.stonesthrow.com
xl-recordings,Record Label with Shop,XL Recordings,https://www.xlrecordings.com
4ad,Record Label with Shop,4AD,https://www.4ad.com
mute-bank,Record Label with Shop,Mute Bank,https://www.mutebank.co.uk
ghostly-international,Record Label with Shop,Ghostly International,https://www.ghostly.com
brainfeeder,Record Label with Shop,Brainfeeder,https://www.brainfeeder.net
hyperdub,Record Label with Shop,Hyperdub,https://www.hyperdub.net
planet-mu,Record Label with Shop,Planet Mu,https://www.planet.mu
southern-lord,Record Label with Shop,Southern Lord,https://www.southernlord.com
deathwish-inc,Record Label with Shop,Deathwish Inc,https://www.deathwishinc.com
relapse-records,Record Label with Shop,Relapse Records,https://www.relapse.com
nuclear-blast,Record Label with Shop,Nuclear Blast,https://www.nuclearblast.com
century-media,Record Label with Shop,Century Media,https://www.centurymedia.store
mobile-fidelity-sound-lab,Audiophile/Hi-Res Label,Mobile Fidelity Sound Lab,https://www.mofi.com
acoustic-sounds,Audiophile/Hi-Res Label,Acoustic Sounds,https://acousticsounds.com
music-direct,Audiophile/Hi-Res Label,Music Direct,https://www.musicdirect.com
elusive-disc,Audiophile/Hi-Res Label,Elusive Disc,https://www.elusivedisc.com
reference-recordings,Audiophile/Hi-Res Label,Reference Recordings,https://www.referencerecordings.com
chesky-records,Audiophile/Hi-Res Label,Chesky Records,https://www.chesky.com
ma-recordings,Audiophile/Hi-Res Label,MA Recordings,https://www.marecordings.com
stockfisch-records,Audiophile/Hi-Res Label,Stockfisch Records,https://www.stockfisch-records.de
furnace-record-pressing,Vinyl Pressing Plant,Furnace Record Pressing,https://www.furnacemfg.com
gotta-groove-records,Vinyl Pressing Plant,Gotta Groove Records,https://www.gottagrooverecords.com
gold-rush-vinyl,Vinyl Pressing Plant,Gold Rush Vinyl,https://www.goldrushvinyl.com
united-record-pressing,Vinyl Pressing Plant,United Record Pressing,https://www.unitedrecordpressing.com
precision-record-pressing,Vinyl Pressing Plant,Precision Record Pressing,https://www.precisionpressing.com
citizen-vinyl,Vinyl Pressing Plant,Citizen Vinyl,https://www.citizenvinyl.com
jazz-messengers,Niche Genre Store,Jazz Messengers,https://www.jazzmessengers.com
downtown-music-gallery,Niche Genre Store,Downtown Music Gallery,https://www.downtownmusicgallery.com
fat-beats,Niche Genre Store,Fat Beats,https://www.fatbeats.com
get-on-down,Niche Genre Store,Get On Down,https://www.getondown.com
season-of-mist,Niche Genre Store,Season of Mist,https://shop.season-of-mist.com
revhq,Niche Genre Store,RevHQ,https://www.revhq.com
no-idea-records,Niche Genre Store,No Idea Records,https://www.noidearecords.com
dr-strange-records,Niche Genre Store,Dr. Strange Records,https://www.drstrange.com
turntable-lab,Vinyl Accessories & Audio,Turntable Lab,https://www.turntablelab.com
fluance,Vinyl Accessories & Audio,Fluance,https://www.fluance.com
pro-ject-audio-systems,Vinyl Accessories & Audio,Pro-Ject Audio Systems,https://project-audio.com
rega-research,Vinyl Accessories & Audio,Rega Research,https://www.rega.co.uk
u-turn-audio,Vinyl Accessories & Audio,U-Turn Audio,https://www.uturnaudio.com
audio-technica-vinyl-ac-2,Vinyl Accessories & Audio,Audio-Technica,https://www.audio-technica.com
victrola,Vinyl Accessories & Audio,Victrola,https://www.victrola.com
crosley-radio,Vinyl Accessories & Audio,Crosley Radio,https://www.crosleyradio.com
gagosian,Contemporary Art Gallery,Gagosian,https://gagosian.com
david-zwirner,Contemporary Art Gallery,David Zwirner,https://www.davidzwirner.com
hauser-and-wirth,Contemporary Art Gallery,Hauser & Wirth,https://www.hauserwirth.com
pace-gallery,Contemporary Art Gallery,Pace Gallery,https://www.pacegallery.com
white-cube,Contemporary Art Gallery,White Cube,https://whitecube.com
perrotin,Contemporary Art Gallery,Perrotin,https://www.perrotin.com
lisson-gallery,Contemporary Art Gallery,Lisson Gallery,https://www.lissongallery.com
victoria-miro,Contemporary Art Gallery,Victoria Miro,https://www.victoria-miro.com
lehmann-maupin,Contemporary Art Gallery,Lehmann Maupin,https://www.lehmannmaupin.com
thaddaeus-ropac,Contemporary Art Gallery,Thaddaeus Ropac,https://ropac.net
gladstone-gallery,Contemporary Art Gallery,Gladstone Gallery,https://www.gladstonegallery.com
marian-goodman-gallery,Contemporary Art Gallery,Marian Goodman Gallery,https://www.mariangoodman.com
spruth-magers,Contemporary Art Gallery,Sprüth Magers,https://spruethmagers.com
almine-rech,Contemporary Art Gallery,Almine Rech,https://www.alminerech.com
massimo-de-carlo,Contemporary Art Gallery,Massimo De Carlo,https://www.massimodecarlo.com
xavier-hufkens,Contemporary Art Gallery,Xavier Hufkens,https://www.xavierhufkens.com
ugallery,Online-only Gallery,UGallery,https://www.ugallery.com
tappan-collective,Online-only Gallery,Tappan Collective,https://www.tappancollective.com
20x200,Online-only Gallery,20x200,https://20x200.com
absolut-art,Online-only Gallery,Absolut Art,https://www.absolutart.com
artspace,Online-only Gallery,Artspace,https://www.artspace.com
eyestorm,Online-only Gallery,Eyestorm,https://www.eyestorm.com
lumas,Online-only Gallery,Lumas,https://www.lumas.com
degreeart,Online-only Gallery,DegreeArt,https://www.degreeart.com
new-blood-art,Online-only Gallery,New Blood Art,https://newbloodart.com
artling,Online-only Gallery,The Artling,https://theartling.com
kumi-contemporary,Online-only Gallery,Kumi Contemporary,https://www.kumicontemporary.com
sugarlift,Online-only Gallery,Sugarlift,https://www.sugarlift.com
rise-art,Online-only Gallery,Rise Art,https://www.riseart.com
allposters,Print & Poster Shop,AllPosters,https://www.allposters.com
art-com,Print & Poster Shop,Art.com,https://www.art.com
desenio,Print & Poster Shop,Desenio,https://desenio.com
poster-store,Print & Poster Shop,Poster Store,https://posterstore.com
juniper-print-shop,Print & Poster Shop,Juniper Print Shop,https://juniperprintshop.com
poster-club,Print & Poster Shop,The Poster Club,https://theposterclub.com
postery,Print & Poster Shop,Postery,https://www.postery.com
ixxi,Print & Poster Shop,IXXI,https://www.ixxiyourworld.com
print-club-london,Print & Poster Shop,Print Club London,https://printclublondon.com
king-and-mcgaw,Print & Poster Shop,King & McGaw,https://www.kingandmcgaw.com
east-end-prints,Print & Poster Shop,East End Prints,https://www.eastendprints.co.uk
fy,Print & Poster Shop,Fy!,https://www.iamfy.co
opposit,Print & Poster Shop,Opposit,https://opposit.shop
andrew-prokos,Photography Print Shop,Andrew Prokos,https://andrewprokos.com
artphotolimited,Photography Print Shop,ArtPhotoLimited,https://www.artphotolimited.com
yellowkorner,Photography Print Shop,YellowKorner,https://www.yellowkorner.com
rock-archive,Photography Print Shop,Rock Archive,https://www.rockarchive.com
sonic-editions,Photography Print Shop,Sonic Editions,https://www.soniceditions.com
morrison-hotel-gallery,Photography Print Shop,Morrison Hotel Gallery,https://www.morrisonhotelgallery.com
peter-lik,Photography Print Shop,Peter Lik,https://lik.com
magnum-photos-shop,Photography Print Shop,Magnum Photos Shop,https://shop.magnumphotos.com
panini-america,Sports Memorabilia & Cards,Panini America,https://www.paniniamerica.net
topps,Sports Memorabilia & Cards,Topps,https://www.topps.com
upper-deck,Sports Memorabilia & Cards,Upper Deck,https://www.upperdeck.com
leaf-trading-cards,Sports Memorabilia & Cards,Leaf Trading Cards,https://www.leaftradingcards.com
beckett,Sports Memorabilia & Cards,Beckett,https://www.beckett.com
sports-memorabilia,Sports Memorabilia & Cards,Sports Memorabilia,https://www.sportsmemorabilia.com
detroit-city-sports,Sports Memorabilia & Cards,Detroit City Sports,https://www.detroitcitysports.com
steiner-sports,Sports Memorabilia & Cards,Steiner Sports,https://www.steinersports.com
fanatics-authentic,Sports Memorabilia & Cards,Fanatics Authentic,https://www.fanaticsauthentic.com
ultimate-autographs,Sports Memorabilia & Cards,Ultimate Autographs,https://ultimateautographs.com
blowout-cards,Sports Memorabilia & Cards,Blowout Cards,https://www.blowoutcards.com
steel-city-collectibles,Sports Memorabilia & Cards,Steel City Collectibles,https://www.steelcitycollectibles.com
da-card-world,Sports Memorabilia & Cards,DA Card World,https://www.dacardworld.com
apmex,Coins & Currency,APMEX,https://www.apmex.com
jm-bullion,Coins & Currency,JM Bullion,https://www.jmbullion.com
littleton-coin-company,Coins & Currency,Littleton Coin Company,https://www.littletoncoin.com
mintage-world,Coins & Currency,Mintage World,https://www.mintageworld.com
govmint,Coins & Currency,GovMint,https://www.govmint.com
moderncoinmart,Coins & Currency,ModernCoinMart,https://www.moderncoinmart.com
bullion-exchanges,Coins & Currency,Bullion Exchanges,https://bullionexchanges.com
sd-bullion,Coins & Currency,SD Bullion,https://sdbullion.com
money-metals-exchange,Coins & Currency,Money Metals Exchange,https://www.moneymetals.com
mystic-stamp-company,Stamp Shop,Mystic Stamp Company,https://www.mysticstamp.com
kenmore-stamp-company,Stamp Shop,Kenmore Stamp Company,https://www.kenmorestamp.com
arpin-philately,Stamp Shop,Arpin Philately,https://www.arpinphilately.com
nordfrim,Stamp Shop,Nordfrim,https://www.nordfrim.com
stanley-gibbons,Stamp Shop,Stanley Gibbons,https://www.stanleygibbons.com
dick-keiser,Stamp Shop,Dick Keiser,https://www.dickkeiser.com
rejuvenation-vintage,Antique Dealer,Rejuvenation Vintage,https://www.rejuvenation.com/shop/vintage
olde-good-things,Antique Dealer,Olde Good Things,https://ogtstore.com
newel,Antique Dealer,Newel,https://www.newel.com
bernd-goeckler,Antique Dealer,Bernd Goeckler,https://www.bgoecklerantiques.com
maison-gerard,Antique Dealer,Maison Gerard,https://www.maisongerard.com
todd-merrill-studio,Antique Dealer,Todd Merrill Studio,https://toddmerrillstudio.com
lost-city-nyc,Antique Dealer,Lost City NYC,https://lostcitynyc.com
furnish-me-vintage,Antique Dealer,Furnish Me Vintage,https://www.furnishmevintage.com
bigbadtoystore,Action Figure & Collectibles,BigBadToyStore,https://www.bigbadtoystore.com
sideshow-action-f-2,Action Figure & Collectibles,Sideshow,https://www.sideshow.com
entertainment-earth,Action Figure & Collectibles,Entertainment Earth,https://www.entertainmentearth.com
neca-action-f-2,Action Figure & Collectibles,NECA,https://necaonline.com
mezco-toyz-action-f-2,Action Figure & Collectibles,Mezco Toyz,https://www.mezcotoyz.com
mondo-action-f-2,Action Figure & Collectibles,Mondo,https://mondoshop.com
super7-action-f-2,Action Figure & Collectibles,Super7,https://super7.com
tenacious-toys,Action Figure & Collectibles,Tenacious Toys,https://tenacioustoys.com
strangecat-toys,Action Figure & Collectibles,StrangeCat Toys,https://www.strangecattoys.com
martian-toys,Action Figure & Collectibles,Martian Toys,https://martiantoys.com
mindzai,Action Figure & Collectibles,Mindzai,https://www.mindzai.com
funko-official,Funko & Pop Culture,Funko Official,https://funko.com
popcult-online,Funko & Pop Culture,PopCult Online,https://popcult.online
cult-collectables,Funko & Pop Culture,Cult Collectables,https://cultcollectables.com
plastic-empire,Funko & Pop Culture,Plastic Empire,https://www.plasticempire.com
pop-in-a-box,Funko & Pop Culture,Pop In A Box,https://www.popinabox.us
ozzie-collectables,Funko & Pop Culture,Ozzie Collectables,https://www.ozziecollectables.com
ima-usa,Militaria & Historical,IMA-USA,https://www.ima-usa.com
lakesidetrader,Militaria & Historical,Lakesidetrader,https://www.lakesidetrader.com
1944-militaria,Militaria & Historical,1944 Militaria,https://www.1944militaria.com
ruptured-duck,Militaria & Historical,The Ruptured Duck,https://www.therupturedduck.com
combat-relics,Militaria & Historical,Combat Relics,https://www.combat-relics.com
military-collectibles-shop,Militaria & Historical,Military Collectibles Shop,https://militarycollectorshq.com
dc-vintage-watches,Watch & Clock Collector,DC Vintage Watches,https://www.dcvintagewatches.com
danny-s-vintage-watches,Watch & Clock Collector,Danny's Vintage Watches,https://dannysvintagewatches.com
watchestobuy,Watch & Clock Collector,WatchesToBuy,https://watchestobuy.com
watch-collectors,Watch & Clock Collector,Watch Collectors,https://watchcollectorsllc.com
bob-s-watches,Watch & Clock Collector,Bob's Watches,https://www.bobswatches.com
hodinkee-shop,Watch & Clock Collector,Hodinkee Shop,https://shop.hodinkee.com
de-wine-spot,Wine & Whisky Collectibles,De Wine Spot,https://dewinespot.co
wooden-cork,Wine & Whisky Collectibles,Wooden Cork,https://woodencork.com
rare-whiskey-shop,Wine & Whisky Collectibles,The Rare Whiskey Shop,https://therarewhiskeyshop.com
autographia,Autographs & Signed Memorabilia,Autographia,https://autographia.com
pristine-marketplace,Autographs & Signed Memorabilia,Pristine Marketplace,https://www.pristinemarketplace.com
shop-rsa,Autographs & Signed Memorabilia,Shop RSA,https://www.shoprsa.com
moments-in-time,Autographs & Signed Memorabilia,Moments In Time,https://momentsintime.com
radtke-sports,Autographs & Signed Memorabilia,Radtke Sports,https://radtkesports.com
palm-beach-autographs,Autographs & Signed Memorabilia,Palm Beach Autographs,https://palmbeachautographs.com
james-allen,Fine jewelry - Engagement rings,James Allen,https://www.jamesallen.com
vrai,Fine jewelry - Engagement rings,Vrai,https://www.vrai.com
bario-neal,Fine jewelry - Engagement rings,Bario Neal,https://www.barioneal.com
queensmith,Fine jewelry - Engagement rings,Queensmith,https://www.queensmith.co.uk
grace-lee,Fine jewelry - Engagement rings,Grace Lee,https://www.gracelee.com
leen-heyne,Fine jewelry - Engagement rings,Leen Heyne,https://www.leenheyne.com
jessica-mccormack,Fine jewelry - Engagement rings,Jessica McCormack,https://www.jessicamccormack.com
vanessa-fernandez,Fine jewelry - Engagement rings,Vanessa Fernandez,https://www.vanessafernandez.com
dyne,Fine jewelry - Engagement rings,DYNE,https://www.dyne.jewelry
clear-cut,Fine jewelry - Engagement rings,The Clear Cut,https://www.theclearcut.co
ritani,Fine jewelry - Engagement rings,Ritani,https://www.ritani.com
frank-darling,Fine jewelry - Engagement rings,Frank Darling,https://www.frankdarling.com
holden,Fine jewelry - Engagement rings,Holden,https://www.hiholden.com
taylor-and-hart,Fine jewelry - Engagement rings,Taylor & Hart,https://www.taylorandhart.com
clean-origin,Fine jewelry - Engagement rings,Clean Origin,https://www.cleanorigin.com
last-line,Fine jewelry - Diamond/Gemstone,The Last Line,https://www.thelastline.com
brent-neale,Fine jewelry - Diamond/Gemstone,Brent Neale,https://www.brentneale.com
foundrae,Fine jewelry - Diamond/Gemstone,Foundrae,https://www.foundrae.com
pamela-love,Fine jewelry - Diamond/Gemstone,Pamela Love,https://www.pamelalove.com
jacquie-aiche,Fine jewelry - Diamond/Gemstone,Jacquie Aiche,https://www.jacquieaiche.com
suzanne-kalan,Fine jewelry - Diamond/Gemstone,Suzanne Kalan,https://www.suzannekalan.com
anita-ko,Fine jewelry - Diamond/Gemstone,Anita Ko,https://www.anitako.com
carbon-and-hyde,Fine jewelry - Diamond/Gemstone,Carbon & Hyde,https://www.carbonandhyde.com
shay-jewelry,Fine jewelry - Diamond/Gemstone,Shay Jewelry,https://www.shayjewelry.com
irene-neuwirth,Fine jewelry - Diamond/Gemstone,Irene Neuwirth,https://www.ireneneuwirth.com
stephanie-gottlieb,Fine jewelry - Diamond/Gemstone,Stephanie Gottlieb,https://www.stephaniegottlieb.com
retrouvai,Fine jewelry - Diamond/Gemstone,Retrouvai,https://www.retrouvai.com
spinelli-kilcollin,Fine jewelry - Diamond/Gemstone,Spinelli Kilcollin,https://www.spinellikilcollin.com
marrow-fine,Fine jewelry - Diamond/Gemstone,Marrow Fine,https://www.marrowfine.com
aurate-new-york,Fine jewelry - Gold/Silver everyday,Aurate New York,https://www.auratenewyork.com
bird-stone,Fine jewelry - Gold/Silver everyday,Bird + Stone,https://www.birdandstone.com
miranda-frye,Fine jewelry - Gold/Silver everyday,Miranda Frye,https://www.mirandafrye.com
meghan-bo-designs,Fine jewelry - Gold/Silver everyday,Meghan Bo Designs,https://www.meghanbo.com
bryan-anthonys,Fine jewelry - Gold/Silver everyday,Bryan Anthonys,https://www.bryananthonys.com
gldn,Fine jewelry - Gold/Silver everyday,GLDN,https://www.gldn.com
kinn-studio,Fine jewelry - Gold/Silver everyday,Kinn Studio,https://www.kinnstudio.com
linjer,Fine jewelry - Gold/Silver everyday,Linjer,https://www.linjer.co
quince-fine-jew-2,Fine jewelry - Gold/Silver everyday,Quince,https://www.quince.com
ferkos-fine-jewelry,Fine jewelry - Gold/Silver everyday,Ferkos Fine Jewelry,https://www.ferkosfinejewelry.com
automic-gold,Fine jewelry - Gold/Silver everyday,Automic Gold,https://www.automicgold.com
wwake,Fine jewelry - Gold/Silver everyday,WWAKE,https://www.wwake.com
edge-of-ember,Fine jewelry - Gold/Silver everyday,Edge of Ember,https://www.edgeofember.com
otiumberg,Fine jewelry - Gold/Silver everyday,Otiumberg,https://www.otiumberg.com
sophie-buhai,Fine jewelry - Gold/Silver everyday,Sophie Buhai,https://www.sophiebuhai.com
agmes,Fine jewelry - Gold/Silver everyday,Agmes,https://www.agmesnyc.com
daphine,Fine jewelry - Gold/Silver everyday,Daphine,https://www.daphine.com
wolf-circus,Fine jewelry - Gold/Silver everyday,Wolf Circus,https://www.wolfcircus.com
bagatiba,Fine jewelry - Gold/Silver everyday,Bagatiba,https://www.bagatiba.com
kendra-scott,Fashion jewelry - Costume,Kendra Scott,https://www.kendrascott.com
satya-jewelry,Fashion jewelry - Costume,Satya Jewelry,https://www.satyajewelry.com
pura-vida-bracelets,Fashion jewelry - Costume,Pura Vida Bracelets,https://www.puravidabracelets.com
baublebar,Fashion jewelry - Costume,BaubleBar,https://www.baublebar.com
jennifer-zeuner,Fashion jewelry - Costume,Jennifer Zeuner,https://www.jenniferzeuner.com
roxanne-assoulin,Fashion jewelry - Costume,Roxanne Assoulin,https://www.roxanneassoulin.com
mignonne-gavigan,Fashion jewelry - Costume,Mignonne Gavigan,https://www.mignonnegavigan.com
lizzie-fortunato,Fashion jewelry - Costume,Lizzie Fortunato,https://www.lizziefortunato.com
susan-caplan,Fashion jewelry - Costume,Susan Caplan,https://www.susancaplan.co.uk
shashi,Fashion jewelry - Costume,Shashi,https://www.shopshashi.com
petit-moments,Fashion jewelry - Costume,Petit Moments,https://www.petitmoments.com
en-route,Fashion jewelry - Costume,En Route,https://www.enroutejewelry.com
awe-inspired,Fashion jewelry - Costume,Awe Inspired,https://www.aweinspired.com
hey-maeve,Fashion jewelry - Costume,Hey Maeve,https://www.heymaeve.com
electric-picks,Fashion jewelry - Costume,Electric Picks,https://www.electricpicks.com
monica-vinader,Demi-fine jewelry,Monica Vinader,https://www.monicavinader.com
daisy-london,Demi-fine jewelry,Daisy London,https://www.daisyjewellery.com
astrid-and-miyu,Demi-fine jewelry,Astrid & Miyu,https://www.astridandmiyu.com
tilly-sveaas,Demi-fine jewelry,Tilly Sveaas,https://www.tillysveaas.co.uk
alighieri,Demi-fine jewelry,Alighieri,https://www.alighieri.co.uk
completedworks,Demi-fine jewelry,Completedworks,https://www.completedworks.com
omi-woods,Demi-fine jewelry,Omi Woods,https://www.omiwoods.com
yam,Demi-fine jewelry,Yam,https://www.yamnyc.com
washed-ashore,Demi-fine jewelry,Washed Ashore,https://www.washedashore.co
common-era,Demi-fine jewelry,Common Era,https://www.commonera.com
lark-and-berry,Demi-fine jewelry,Lark & Berry,https://www.larkandberry.com
anna-sheffield,Bridal & Wedding bands,Anna Sheffield,https://www.annasheffield.com
sofia-zakia,Bridal & Wedding bands,Sofia Zakia,https://www.sofiazakia.com
digby-and-iona,Bridal & Wedding bands,Digby & Iona,https://www.digbyandiona.com
mociun,Bridal & Wedding bands,Mociun,https://www.mociun.com
erie-basin,Bridal & Wedding bands,Erie Basin,https://www.eriebasin.com
single-stone,Bridal & Wedding bands,Single Stone,https://www.singlestone.com
aardvark-jewellery,Bridal & Wedding bands,Aardvark Jewellery,https://www.aardvarkjewellery.com
north-way-studio,Bridal & Wedding bands,The North Way Studio,https://www.thenorthwaystudio.com
valley-rose,Bridal & Wedding bands,Valley Rose,https://www.valleyrose.co
artemer,Bridal & Wedding bands,Artemer,https://www.artemerstudio.com
mizuki,Pearls/Jade specialty,Mizuki,https://www.mizuki.com
anzie,Pearls/Jade specialty,Anzie,https://www.anzie.com
yoko-london,Pearls/Jade specialty,Yoko London,https://www.yokolondon.com
pearl-octopuss-y,Pearls/Jade specialty,Pearl Octopuss.y,https://www.pearloctopussy.com
mason-kay,Pearls/Jade specialty,Mason-Kay,https://www.masonkay.com
pearl-paradise,Pearls/Jade specialty,Pearl Paradise,https://www.pearlparadise.com
pippa-small,Ethnic/cultural jewelry,Pippa Small,https://www.pippasmall.com
adele-dejak,Ethnic/cultural jewelry,Adele Dejak,https://adeledejak.com
tarinika,Ethnic/cultural jewelry,Tarinika,https://www.tarinika.com
bysimran,Ethnic/cultural jewelry,BySimran,https://bysimran.com
jaipur-rose,Ethnic/cultural jewelry,Jaipur Rose,https://www.jaipurrose.com
amrapali,Ethnic/cultural jewelry,Amrapali,https://www.amrapalijewels.com
sabyasachi,Ethnic/cultural jewelry,Sabyasachi,https://www.sabyasachi.com
anita-dongre,Ethnic/cultural jewelry,Anita Dongre,https://www.anitadongre.com
miansai,Men's jewelry,Miansai,https://www.miansai.com
david-yurman,Men's jewelry,David Yurman,https://www.davidyurman.com
tom-wood,Men's jewelry,Tom Wood,https://www.tomwoodproject.com
le-gramme,Men's jewelry,Le Gramme,https://www.legramme.com
john-hardy,Men's jewelry,John Hardy,https://www.johnhardy.com
vitaly,Men's jewelry,Vitaly,https://www.vitalydesign.com
wempe,Watches - Luxury Swiss,Wempe,https://www.wempe.com
tudor,Watches - Luxury Swiss,Tudor,https://www.tudorwatch.com
grand-seiko,Watches - Luxury Swiss,Grand Seiko,https://www.grand-seiko.com
nomos-glashutte,Watches - Luxury Swiss,Nomos Glashütte,https://www.nomos-glashuette.com
oris,Watches - Luxury Swiss,Oris,https://www.oris.ch
longines,Watches - Luxury Swiss,Longines,https://www.longines.com
tag-heuer,Watches - Luxury Swiss,Tag Heuer,https://www.tagheuer.com
breitling,Watches - Luxury Swiss,Breitling,https://www.breitling.com
christopher-ward,Watches - Independent micro-brand,Christopher Ward,https://www.christopherward.com
nodus,Watches - Independent micro-brand,Nodus,https://www.noduswatches.com
monta,Watches - Independent micro-brand,Monta,https://www.montawatch.com
halios,Watches - Independent micro-brand,Halios,https://www.haliosbrand.com
farer,Watches - Independent micro-brand,Farer,https://www.farer.com
anoma,Watches - Independent micro-brand,Anoma,https://www.anomawatches.com
studio-underd0g,Watches - Independent micro-brand,Studio Underd0g,https://www.underd0g.com
kollokium,Watches - Independent micro-brand,Kollokium,https://www.kollokium.com
vaer,Watches - Independent micro-brand,Vaer,https://www.vaerwatches.com
weiss,Watches - Independent micro-brand,Weiss,https://www.weisswatchcompany.com
zelos,Watches - Independent micro-brand,Zelos,https://www.zeloswatches.com
heron,Watches - Independent micro-brand,Heron,https://www.heronwatches.com
unimatic,Watches - Independent micro-brand,Unimatic,https://www.unimaticwatches.com
brew,Watches - Independent micro-brand,Brew,https://www.brewwatches.com
daniel-wellington,Watches - Affordable/Quartz,Daniel Wellington,https://www.danielwellington.com
timex,Watches - Affordable/Quartz,Timex,https://www.timex.com
seiko,Watches - Affordable/Quartz,Seiko,https://www.seikowatches.com
citizen,Watches - Affordable/Quartz,Citizen,https://www.citizenwatch.com
bulova,Watches - Affordable/Quartz,Bulova,https://www.bulova.com
casio,Watches - Affordable/Quartz,Casio,https://www.casio.com
skagen,Watches - Affordable/Quartz,Skagen,https://www.skagen.com
fossil,Watches - Affordable/Quartz,Fossil,https://www.fossil.com
tissot,Watches - Affordable/Quartz,Tissot,https://www.tissotwatches.com
withings,Smartwatches/Hybrid,Withings,https://www.withings.com
garmin,Smartwatches/Hybrid,Garmin,https://www.garmin.com
hume-band,Smartwatches/Hybrid,Hume Band,https://www.humeband.com
kronaby,Smartwatches/Hybrid,Kronaby,https://www.kronaby.com
amazfit,Smartwatches/Hybrid,Amazfit,https://www.amazfit.com
misfit,Smartwatches/Hybrid,Misfit,https://www.misfit.com
pininfarina-hybrid,Smartwatches/Hybrid,Pininfarina Hybrid,https://www.pininfarina-hybrid.com
strapsco,Watch straps/accessories,StrapsCo,https://www.strapsco.com
crown-and-buckle,Watch straps/accessories,Crown & Buckle,https://www.crownandbuckle.com
barton-watch-bands,Watch straps/accessories,Barton Watch Bands,https://www.bartonwatchbands.com
untuckit,Men's Apparel,Untuckit,untuckit.com
bonobos,Men's Apparel,Bonobos,bonobos.com
mizzen-main,Men's Apparel,Mizzen+Main,mizzenandmain.com
taylor-stitch,Men's Apparel,Taylor Stitch,taylorstitch.com
todd-snyder,Men's Apparel,Todd Snyder,toddsnyder.com
mack-weldon,Men's Apparel,Mack Weldon,mackweldon.com
western-rise-men-s-ap-2,Men's Apparel,Western Rise,westernrise.com
buck-mason,Men's Apparel,Buck Mason,buckmason.com
billy-reid,Men's Apparel,Billy Reid,billyreid.com
hiroshi-kato,Men's Apparel,Hiroshi Kato,kato-brand.com
peter-millar,Men's Apparel,Peter Millar,petermillar.com
ministry-of-supply,Men's Apparel,Ministry of Supply,ministryofsupply.com
chubbies,Men's Apparel,Chubbies,chubbiesshorts.com
proper-cloth,Men's Apparel,Proper Cloth,propercloth.com
indochino,Men's Apparel,Indochino,indochino.com
black-lapel,Men's Apparel,Black Lapel,blacklapel.com
reformation,Women's Apparel,Reformation,thereformation.com
everlane,Women's Apparel,Everlane,everlane.com
aritzia,Women's Apparel,Aritzia,aritzia.com
madewell,Women's Apparel,Madewell,madewell.com
cuyana,Women's Apparel,Cuyana,cuyana.com
mansur-gavriel,Women's Apparel,Mansur Gavriel,mansurgavriel.com
rouje,Women's Apparel,Rouje,rouje.com
realisation-par,Women's Apparel,Realisation Par,realisationpar.com
dissh,Women's Apparel,Dissh,dissh.com
khaite,Women's Apparel,Khaite,khaite.com
frankie-shop,Women's Apparel,The Frankie Shop,thefrankieshop.com
sezane,Women's Apparel,Sézane,sezane.com
ganni,Women's Apparel,Ganni,ganni.com
anine-bing,Women's Apparel,Anine Bing,aninebing.com
jenni-kayne,Women's Apparel,Jenni Kayne,jennikayne.com
doen,Women's Apparel,Doen,shopdoen.com
christy-dawn,Women's Apparel,Christy Dawn,christydawn.com
hill-house-home,Women's Apparel,Hill House Home,hillhousehome.com
staud,Women's Apparel,Staud,staud.clothing
cult-gaia,Women's Apparel,Cult Gaia,cultgaia.com
farm-rio,Women's Apparel,Farm Rio,farmrio.com
lululemon,Athleisure,Lululemon,lululemon.com
gymshark,Athleisure,Gymshark,gymshark.com
alo-yoga-athleisu-2,Athleisure,Alo Yoga,aloyoga.com
outdoor-voices,Athleisure,Outdoor Voices,outdoorvoices.com
fabletics,Athleisure,Fabletics,fabletics.com
vuori-athleisu-2,Athleisure,Vuori,vuoriclothing.com
rhone,Athleisure,Rhone,rhone.com
sweaty-betty,Athleisure,Sweaty Betty,sweatybetty.com
fear-of-god,Streetwear,Fear of God,fearofgod.com
stussy,Streetwear,Stüssy,stussy.com
supreme,Streetwear,Supreme,supremenewyork.com
kith,Streetwear,Kith,kith.com
aime-leon-dore,Streetwear,Aimé Leon Dore,aimeleondore.com
noah,Streetwear,Noah,noahny.com
corteiz,Streetwear,Corteiz,crtz.xyz
scuffers,Streetwear,Scuffers,scuffers.com
sp5der,Streetwear,Sp5der,kingspider.co
off-white,Streetwear,Off-White,off---white.com
bape,Streetwear,BAPE,bape.com
allbirds,Sustainable/Eco,Allbirds,allbirds.com
pangaia,Sustainable/Eco,Pangaia,pangaia.com
finisterre,Sustainable/Eco,Finisterre,finisterre.com
patagonia-sustaina-2,Sustainable/Eco,Patagonia,patagonia.com
passenger,Sustainable/Eco,Passenger,passenger-clothing.com
amour-vert,Sustainable/Eco,Amour Vert,amourvert.com
pact,Sustainable/Eco,Pact,wearpact.com
kotn,Sustainable/Eco,Kotn,kotn.com
mott-and-bow,Denim,Mott & Bow,mottandbow.com
perfect-jean,Denim,The Perfect Jean,theperfectjean.nyc
mugsy-jeans,Denim,Mugsy Jeans,mugsyjeans.com
triarchy,Denim,Triarchy,triarchy.com
brave-star,Denim,Brave Star,bravestarselvedge.com
iron-heart,Denim,Iron Heart,ironheart.jp
greats,Shoes - Sneakers,Greats,greats.com
oliver-cabell,Shoes - Sneakers,Oliver Cabell,olivercabell.com
axel-arigato,Shoes - Sneakers,Axel Arigato,axelarigato.com
common-projects,Shoes - Sneakers,Common Projects,commonprojects.com
atoms,Shoes - Sneakers,Atoms,atoms.com
koio,Shoes - Sneakers,Koio,koio.co
cariuma,Shoes - Sneakers,Cariuma,cariuma.com
clae,Shoes - Sneakers,Clae,clae.com
thursday-boots,Shoes - Dress/Boots,Thursday Boots,thursdayboots.com
m-gemi,Shoes - Dress/Boots,M.Gemi,mgemi.com
wolf-and-shepherd,Shoes - Dress/Boots,Wolf & Shepherd,wolfandshepherd.com
beckett-simonon,Shoes - Dress/Boots,Beckett Simonon,beckettsimonon.com
helm-boots,Shoes - Dress/Boots,Helm Boots,helmboots.com
sarah-flint,Shoes - Dress/Boots,Sarah Flint,sarahflint.com
margaux,Shoes - Dress/Boots,Margaux,margauxny.com
freda-salvador,Shoes - Dress/Boots,Freda Salvador,fredasalvador.com
mejuri,Jewelry - Fine,Mejuri,mejuri.com
catbird-nyc,Jewelry - Fine,Catbird NYC,catbirdnyc.com
brilliant-earth,Jewelry - Fine,Brilliant Earth,brilliantearth.com
vrai-jewelry--2,Jewelry - Fine,Vrai,vrai.com
kinn-studio-jewelry--2,Jewelry - Fine,Kinn Studio,kinnstudio.com
aurate,Jewelry - Fine,Aurate,auratenewyork.com
blue-nile,Jewelry - Fine,Blue Nile,bluenile.com
foundrae-jewelry--2,Jewelry - Fine,Foundrae,foundrae.com
gorjana,Jewelry - Fashion,Gorjana,gorjana.com
ana-luisa,Jewelry - Fashion,Ana Luisa,analuisa.com
baublebar-jewelry--2,Jewelry - Fashion,BaubleBar,baublebar.com
monica-vinader-jewelry--2,Jewelry - Fashion,Monica Vinader,monicavinader.com
missoma,Jewelry - Fashion,Missoma,missoma.com
agmes-jewelry--2,Jewelry - Fashion,Agmes,agmesnyc.com
jenny-bird,Jewelry - Fashion,Jenny Bird,jenny-bird.com
luv-aj,Jewelry - Fashion,Luv Aj,luvaj.com
mvmt,Watches,MVMT,mvmt.com
daniel-wellington-watches-2,Watches,Daniel Wellington,danielwellington.com
vincero,Watches,Vincero,vincerocollective.com
baltic-watches,Watches,Baltic Watches,baltic-watches.com
farer-watches-2,Watches,Farer,farer.com
brew-watches,Watches,Brew Watches,brew-watches.com
farmer-dog,Dog Food/Treats,The Farmer__ Dog,thefarmersdog.com
ollie,Dog Food/Treats,Ollie,ollie.com
nom-nom,Dog Food/Treats,Nom Nom,nomnomnow.com
open-farm,Dog Food/Treats,Open Farm,openfarmpet.com
jinx,Dog Food/Treats,Jinx,https://www.thinkjinx.com/
sundays-for-dogs,Dog Food/Treats,Sundays for Dogs,sundaysfordogs.com
petplate,Dog Food/Treats,PetPlate,petplate.com
a-pup-above,Dog Food/Treats,A Pup Above,apupabove.com
wild-earth,Dog Food/Treats,Wild Earth,wildearth.com
honest-kitchen,Dog Food/Treats,The Honest Kitchen,thehonestkitchen.com
redbarn-pet-products,Dog Food/Treats,Redbarn Pet Products,redbarn.com
pupford,Dog Food/Treats,Pupford,pupford.com
maev,Dog Food/Treats,Maev,meetmaev.com
spot-and-tango,Dog Food/Treats,Spot & Tango,spotandtango.com
raised-right,Dog Food/Treats,Raised Right,raisedright.com
stella-and-chewy-s,Dog Food/Treats,Stella & Chewy's,stellaandchewys.com
primal-pet-foods,Dog Food/Treats,Primal Pet Foods,primalpetfoods.com
smallbatch-pets,Dog Food/Treats,Smallbatch Pets,smallbatchpets.com
smalls,Cat Food,Smalls,smalls.com
cat-person,Cat Food,Cat Person,catperson.com
viva-raw,Cat Food,Viva Raw,vivarawpets.com
lovebug,Dog Food/Treats,Lovebug,lovebugpetfood.com
untamed,Cat Food,Untamed,untamedcatfood.com
katkin,Cat Food,KatKin,katkin.com
bella-and-duke,Cat Food,Bella & Duke,bellaandduke.com
republic-of-cats,Cat Food,Republic of Cats,republicofcats.com
big-barker,Dog Beds/Furniture,Big Barker,bigbarker.com
laylo,Dog Beds/Furniture,Laylo,https://www.laylopets.com/
diggs,Dog Beds/Furniture,Diggs,diggs.pet
gunner,Dog Beds/Furniture,Gunner,gunner.com
fable-pets,Dog Beds/Furniture,Fable Pets,https://fablepets.com/
petguin,Dog Beds/Furniture,Petguin,petguin.com
snoozer,Dog Beds/Furniture,Snoozer,snoozerpetproducts.com
bessie-barnie,Dog Beds/Furniture,Bessie + Barnie,bessieandbarnie.com
maxbone,Pet Apparel,Maxbone,maxbone.com
little-beast,Pet Apparel,Little Beast,littlebeast.co
spark-paws,Pet Apparel,Spark Paws,sparkpaws.com
dog-threads,Pet Apparel,Dog Threads,https://goodthomas.com/
frenchie-bulldog,Pet Apparel,Frenchie Bulldog,frenchiebulldog.com
canada-pooch,Pet Apparel,Canada Pooch,canadapooch.com
wagwear,Pet Apparel,Wagwear,wagwear.com
shiny-pet,Pet Apparel,Shiny Pet,shinypet.com
wild-one,Leashes/Collars/Harnesses,Wild One,wildone.com
zee-dog,Leashes/Collars/Harnesses,Zee.Dog,zeedog.com
found-my-animal,Leashes/Collars/Harnesses,Found My Animal,foundmyanimal.com
ruffwear,Leashes/Collars/Harnesses,Ruffwear,ruffwear.com
woof-concept,Leashes/Collars/Harnesses,Woof Concept,woofconcept.com
walkee-paws,Leashes/Collars/Harnesses,Walkee Paws,walkeepaws.com
blueberry-pet,Leashes/Collars/Harnesses,Blueberry Pet,blueberrypet.com
tactipup,Leashes/Collars/Harnesses,Tactipup,tactipup.com
wolfgang-man-and-beast,Leashes/Collars/Harnesses,Wolfgang Man & Beast,wolfgangusa.com
2-hounds-design,Leashes/Collars/Harnesses,2 Hounds Design,2houndsdesign.com
found-my-animal-leashes--2,Leashes/Collars/Harnesses,Found My Animal,foundmyanimal.com
barkbox,Toys,BarkBox,barkbox.com
kong,Toys,Kong,kongcompany.com
west-paw,Toys,West Paw,westpaw.com
zippypaws,Toys,ZippyPaws,zippypaws.com
p-l-a-y,Toys,P.L.A.Y.,petplay.com
sodapup,Toys,SodaPup,sodapup.com
tall-tails,Toys,Tall Tails,talltailsdog.com
bullymake,Toys,Bullymake,bullymake.com
squishmallows-pet,Toys,Squishmallows Pet,squishmallows.com/pets
fluff-and-tuff,Toys,Fluff & Tuff,fluffandtuff.com
planet-dog,Toys,Planet Dog,planetdog.com
amo-petric,Grooming,Amo Petric,amopetric.com
pride-groom,Grooming,Pride+Groom,prideandgroom.com
skout-s-honor,Grooming,Skout's Honor,skoutshonor.com
bodhi-dog,Grooming,Bodhi Dog,https://www.thebodhidog.com/
earthbath,Grooming,Earthbath,earthbath.com
burt-s-bees-for-pets,Grooming,Burt's Bees for Pets,burtsbeesforpets.com
tropiclean,Grooming,TropiClean,tropiclean.com
isle-of-dogs,Grooming,Isle of Dogs,iodogs.com
warren-london,Grooming,Warren London,warrenlondon.com
groomie,Grooming,Groomie,groomie.com
aquapaw,Grooming,Aquapaw,aquapaw.com
furbo,Pet Tech/Cameras,Furbo,furbo.com
petcube,Pet Tech/Cameras,Petcube,petcube.com
petlibro,Pet Tech/Cameras,Petlibro,petlibro.com
whistle,Pet Tech/Cameras,Whistle,whistle.com
fi,Pet Tech/Cameras,Fi,tryfi.com
tractive,Pet Tech/Cameras,Tractive,tractive.com
aquatic-arts,Aquarium/Fish,Aquatic Arts,aquaticarts.com
world-wide-corals,Aquarium/Fish,World Wide Corals,worldwidecorals.com
top-shelf-aquatics,Aquarium/Fish,Top Shelf Aquatics,topshelfaquatics.com
bulk-reef-supply,Aquarium/Fish,Bulk Reef Supply,bulkreefsupply.com
saltwaterfish-com,Aquarium/Fish,Saltwaterfish.com,saltwaterfish.com
aqua-imports,Aquarium/Fish,Aqua Imports,aqua-imports.com
kavee,Small Animal/Bird/Reptile,Kavee,kavee.com
oxbow-animal-health,Small Animal/Bird/Reptile,Oxbow Animal Health,oxbowanimalhealth.com
kaytee,Small Animal/Bird/Reptile,Kaytee,kaytee.com
higgins-premium-pet-foods,Small Animal/Bird/Reptile,Higgins Premium Pet Foods,higginspetfoods.com
lafeber-company,Small Animal/Bird/Reptile,Lafeber Company,lafeber.com
bio-dude,Small Animal/Bird/Reptile,The Bio Dude,thebiodude.com
dubia,Small Animal/Bird/Reptile,Dubia,dubiaroaches.com
josh-s-frogs,Small Animal/Bird/Reptile,Josh's Frogs,joshsfrogs.com
zesty-paws,Pet Supplements,Zesty Paws,zestypaws.com
pet-honesty,Pet Supplements,Pet Honesty,pethonesty.com
native-pet,Pet Supplements,Native Pet,nativepet.com
finn,Pet Supplements,Finn,https://petfinn.com/
petcultures,Pet Supplements,PetCultures,petcultures.com
dandy,Pet Supplements,Dandy,usedandy.com
cosmos,Pet Supplements,Cosmos,cosmos.pet
petlab-co,Pet Supplements,PetLab Co.,https://thepetlabco.com/
away,Pet Beds & Carriers,Away,awaytravel.com/pet-carrier
roverlund,Pet Beds & Carriers,Roverlund,roverlund.com
arlo-skye,Pet Beds & Carriers,Arlo Skye,arloskye.com/products/pet-carrier
mr-peanut-s,Pet Beds & Carriers,Mr. Peanut's,mrpeanutspetcarriers.com
katziela,Pet Beds & Carriers,Katziela,katziela.com
petami,Pet Beds & Carriers,Petami,petami.com
snap-on,Hand Tools,Snap-on,snapon.com
klein-tools,Hand Tools,Klein Tools,kleintools.com
gearwrench,Hand Tools,GearWrench,gearwrench.com
wiha,Hand Tools,Wiha,wihatools.com
lie-nielsen,Hand Tools,Lie-Nielsen,lie-nielsen.com
veritas,Hand Tools,Veritas,https://www.leevalley.com/en-us/tools/brand/veritas/sharpening-tools
wera,Hand Tools,Wera,wera-tools.com
knipex,Hand Tools,Knipex,knipex.com
stiletto,Hand Tools,Stiletto,stiletto.com
vaughan,Hand Tools,Vaughan,vaughanmfg.com
estwing,Hand Tools,Estwing,estwing.com
channellock,Hand Tools,Channellock,channellock.com
malco,Hand Tools,Malco,malcoproducts.com
makita,Power Tools,Makita,makitatools.com
festool,Power Tools,Festool,festoolusa.com
ryobi-power-to-2,Power Tools,Ryobi,ryobitools.com
ridgid,Power Tools,Ridgid,ridgid.com
skil,Power Tools,Skil,skil.com
fein,Power Tools,Fein,feintools.com
hilti,Power Tools,Hilti,hilti.com
flex,Power Tools,Flex,flexpowertools.com
metabo,Power Tools,Metabo,metabo.com
dremel,Power Tools,Dremel,dremel.com
sawstop,Power Tools,SawStop,sawstop.com
grizzly,Power Tools,Grizzly,grizzly.com
laguna,Power Tools,Laguna,lagunatools.com
kreg-tool,Woodworking Tools,Kreg Tool,kregtool.com
rubio-monocoat,Woodworking Tools,Rubio Monocoat,rubiomonocoatusa.com
titebond,Woodworking Tools,Titebond,titebond.com
amana-tool,Woodworking Tools,Amana Tool,amanatool.com
freud,Woodworking Tools,Freud,freudtools.com
whiteside,Woodworking Tools,Whiteside,whitesiderouterbits.com
bessey,Woodworking Tools,Bessey,besseytools.com
bora,Woodworking Tools,Bora,boratool.com
fastcap,Woodworking Tools,FastCap,fastcap.com
microjig,Woodworking Tools,Microjig,microjig.com
sjobergs,Woodworking Tools,Sjobergs,sjobergs.se
dewit,Gardening Tools,DeWit,https://www.dewit.eu/
tierra-garden,Gardening Tools,Tierra Garden,tierragarden.com
felco-gardenin-2,Gardening Tools,Felco,felco.com
earthway,Gardening Tools,Earthway,earthway.com
garden-weasel,Gardening Tools,Garden Weasel,gardenweasel.com
rogue-hoe,Gardening Tools,Rogue Hoe,roguehoe.com
wilcox,Gardening Tools,Wilcox,wilcoxallpro.com
corona,Gardening Tools,Corona,coronatools.com
brizo,Plumbing Fixtures,Brizo,brizo.com
watermark-designs,Plumbing Fixtures,Watermark Designs,watermark-designs.com
deluxe-vanity,Plumbing Fixtures,Deluxe Vanity,deluxevanity.com
thebathoutlet,Plumbing Fixtures,TheBathOutlet,thebathoutlet.com
hansgrohe,Plumbing Fixtures,Hansgrohe,hansgrohe-usa.com
grohe,Plumbing Fixtures,Grohe,grohe.us
toto,Plumbing Fixtures,TOTO,totousa.com
american-standard,Plumbing Fixtures,American Standard,americanstandard-us.com
pfister,Plumbing Fixtures,Pfister,pfisterfaucets.com
gerber,Plumbing Fixtures,Gerber,gerber-us.com
elkay,Plumbing Fixtures,Elkay,elkay.com
schoolhouse-lighting-2,Lighting,Schoolhouse,schoolhouse.com
rejuvenation-lighting-2,Lighting,Rejuvenation,rejuvenation.com
moooi,Lighting,Moooi,moooi.com
shades-of-light,Lighting,Shades of Light,shadesoflight.com
ballard-designs,Lighting,Ballard Designs,ballarddesigns.com
hinkley-lighting-2,Lighting,Hinkley,hinkley.com
sea-gull,Lighting,Sea Gull,seagulllighting.com
quoizel,Lighting,Quoizel,quoizel.com
capital-lighting,Lighting,Capital Lighting,capitallightingfixture.com
savoy-house,Lighting,Savoy House,savoyhouse.com
troy-lighting,Lighting,Troy Lighting,https://www.hvlgroup.com/Products/Brand/TroyLighting
corbett-lighting,Lighting,Corbett Lighting,https://www.hvlgroup.com/Products/Brand/CorbettLighting
hudson-valley,Lighting,Hudson Valley,hvlgroup.com
emtek,Hardware,Emtek,emtek.com
rocky-mountain-hardware,Hardware,Rocky Mountain Hardware,rockymountainhardware.com
baldwin,Hardware,Baldwin,baldwinhardware.com
schlage,Hardware,Schlage,schlage.com
kwikset,Hardware,Kwikset,kwikset.com
yale,Hardware,Yale,yalehome.com
top-knobs,Hardware,Top Knobs,topknobs.com
amerock,Hardware,Amerock,amerock.com
clare,Paint & Finishes,Clare,clare.com
backdrop,Paint & Finishes,Backdrop,backdrophome.com
farrow-and-ball,Paint & Finishes,Farrow & Ball,farrow-ball.com
portola-paints,Paint & Finishes,Portola Paints,portolapaints.com
lick,Paint & Finishes,Lick,lick.com
benjamin-moore,Paint & Finishes,Benjamin Moore,benjaminmoore.com
sherwin-williams,Paint & Finishes,Sherwin-Williams,sherwin-williams.com
behr,Paint & Finishes,Behr,behr.com
serena-and-lily-bathroom-2,Bathroom Fixtures,Serena & Lily,serenaandlily.com
mcgee-and-co-bathroom-2,Bathroom Fixtures,McGee & Co,mcgeeandco.com
amber-interiors,Bathroom Fixtures,Amber Interiors,amberinteriors.com
lulu-and-georgia,Bathroom Fixtures,Lulu and Georgia,luluandgeorgia.com
blue-bath,Bathroom Fixtures,Blue Bath,bluebath.com
bathroom-vanities-only,Bathroom Fixtures,Bathroom Vanities Only,bathroomvanitiesonly.com
wyndham-collection,Bathroom Fixtures,Wyndham Collection,wyndhamcollection.com
virtu-usa,Bathroom Fixtures,Virtu USA,virtumusa.com
james-martin-vanities,Bathroom Fixtures,James Martin Vanities,jamesmartinvanities.com
fairmont-designs,Furniture,Fairmont Designs,fairmontdesigns.com
strasser-wood,Bathroom Fixtures,Strasser Wood,strasserwood.com
fireclay-tile,Kitchen Fixtures,Fireclay Tile,fireclaytile.com
nantucket-sinks,Kitchen Fixtures,Nantucket Sinks,nantucketsinksusa.com
houzer,Kitchen Fixtures,Houzer,houzerinc.com
ruvati,Kitchen Fixtures,Ruvati,ruvati.com
sinkology,Kitchen Fixtures,Sinkology,sinkology.com
native-trails,Kitchen Fixtures,Native Trails,nativetrails.net
thompson-waterer,Kitchen Fixtures,Thompson Waterer,thompsonwaterer.com
semihandmade,Kitchen Fixtures,Semihandmade,semihandmade.com
ring,Smart Home/Security,Ring,ring.com
eufy-smart-ho-2,Smart Home/Security,Eufy,eufy.com
brilliant,Smart Home/Security,Brilliant,brilliant.tech
lutron-smart-ho-2,Smart Home/Security,Lutron,lutron.com
arlo,Smart Home/Security,Arlo,arlo.com
wyze,Smart Home/Security,Wyze,wyze.com
abode,Smart Home/Security,Abode,goabode.com
vivint,Smart Home/Security,Vivint,vivint.com
duluth-trading,Workwear,Duluth Trading,duluthtrading.com
dickies,Workwear,Dickies,dickies.com
caterpillar,Workwear,Caterpillar,catfootwear.com
blaklader,Workwear,Blaklader,blaklader.com
truewerk,Workwear,Truewerk,truewerk.com
bugaboo,Strollers,Bugaboo,https://bugaboo.com
uppababy,Strollers,UPPAbaby,https://uppababy.com
doona,Strollers,Doona,https://doona.com
nuna,Strollers,Nuna,https://nunababy.com/usa/
britax,Strollers,Britax,https://www.britax-roemer.com/
thule,Strollers,Thule,https://thule.com
silver-cross,Strollers,Silver Cross,https://silvercrossbaby.com
maxi-cosi,Car Seats,Maxi-Cosi,https://maxi-cosi.com
diono,Car Seats,Diono,https://diono.com
graco,Car Seats,Graco,https://gracobaby.com
chicco,Car Seats,Chicco,https://chiccousa.com
clek,Car Seats,Clek,https://clekinc.com
peg-perego,Car Seats,Peg Perego,https://pegperego.com
evenflo,Car Seats,Evenflo,https://evenflo.com
joie,Car Seats,Joie,https://joiebaby.com
babyletto,Nursery Furniture,Babyletto,https://babyletto.com
delta-children,Nursery Furniture,Delta Children,https://deltachildren.com
davinci-baby,Nursery Furniture,Davinci Baby,https://davincibaby.com
stokke,Nursery Furniture,Stokke,https://stokke.com
kalon-studios,Nursery Furniture,Kalon Studios,https://kalonstudios.com
bloom-baby,Nursery Furniture,Bloom Baby,https://bloombaby.com
micuna,Nursery Furniture,Micuna,https://micuna.com
romina-furniture,Nursery Furniture,Romina Furniture,https://rominafurniture.com
burt-s-bees-baby,Baby Clothing,Burt's Bees Baby,https://burtsbeesbaby.com
finn-emma,Baby Clothing,Finn + Emma,https://finnandemma.com
l-ovedbaby,Baby Clothing,L'ovedbaby,https://lovedbaby.com
monica-andy,Baby Clothing,Monica + Andy,https://monicaandandy.com
tea-collection,Baby Clothing,Tea Collection,https://teacollection.com
hanna-andersson,Baby Clothing,Hanna Andersson,https://hannaandersson.com
magnetic-me,Baby Clothing,Magnetic Me,https://magneticme.com
miles-and-milan,Baby Clothing,Miles & Milan,https://milesandmilan.com
kate-quinn,Baby Clothing,Kate Quinn,https://katequinn.com
lou-lou-lollipop,Baby Clothing,Lou Lou Lollipop,https://louloulollipop.com
spearmint-love,Baby Clothing,Spearmint Love,https://spearmintlove.com
kickee-pants,Baby Clothing,Kickee Pants,https://kickeepants.com
mini-rodini,Kids Clothing,Mini Rodini,https://minirodini.com
tinycottons,Kids Clothing,Tinycottons,https://tinycottons.com
piccolina,Kids Clothing,Piccolina,https://piccolinakids.com
bobo-choses,Kids Clothing,Bobo Choses,https://bobochoses.com
lola-the-boys,Kids Clothing,Lola + The Boys,https://lolaandtheboys.com/
wunderlang,Kids Clothing,Wunderlang,https://wunderlang.com
kaba-baby,Kids Clothing,Kaba Baby,https://kabababy.com
misha-and-puff,Kids Clothing,Misha & Puff,https://misha-and-puff.com
illoura-the-label,Kids Clothing,Illoura the Label,https://illourathelabel.com
summer-and-storm,Kids Clothing,Summer and Storm,https://summerandstorm.com
little-kideauxs,Kids Clothing,Little Kideauxs,https://littlekideauxs.com
young-days,Kids Clothing,Young Days,https://youngdays.com
luli-and-me,Kids Clothing,Luli & Me,https://lulime.com
nature-baby,Kids Clothing,Nature Baby,https://naturebaby.com
dondolo,Kids Clothing,Dondolo,https://dondolo.com
lila-and-hayes,Kids Clothing,Lila & Hayes,https://lilaandhayes.com
gray-label,Kids Clothing,Gray Label,https://gray-label.com
mainio,Kids Clothing,Mainio,https://www.mainioclothing.fi/en/
manhattan-toy,Baby Toys,Manhattan Toy,https://manhattantoy.com
moonkie,Baby Toys,Moonkie,https://moonkieshop.com
sassy-baby,Baby Toys,Sassy Baby,https://sassybaby.com
fat-brain-toys-baby-toy-2,Baby Toys,Fat Brain Toys,https://fatbraintoys.com
hape-baby-toy-2,Baby Toys,Hape,https://hape.com
little-toy-tribe,Baby Toys,Little Toy Tribe,https://littletoytribe.com.au
little-snail,Baby Toys,Little Snail,https://littlesnail.com.au
tender-leaf-toys-baby-toy-2,Baby Toys,Tender Leaf Toys,https://tenderleaftoys.com
plantoys-baby-toy-2,Baby Toys,PlanToys,https://plantoys.com
janod-baby-toy-2,Baby Toys,Janod,https://janod.com
banwood,Baby Toys,Banwood,https://banwood.com
micro-kickboard,Baby Toys,Micro Kickboard,https://microkickboard.com
wishbone-design,Baby Toys,Wishbone Design,https://wishbonedesign.com
little-spoon,Feeding,Little Spoon,https://littlespoon.com
nanobebe,Feeding,Nanobebe,https://nanobebe.com
tommee-tippee,Feeding,Tommee Tippee,https://tommeetippee.com
comotomo,Feeding,Comotomo,https://comotomo.com/collections/shop-all
medela,Feeding,Medela,https://medela.us
willow,Feeding,Willow,https://willowpump.com
spectra-baby,Feeding,Spectra Baby,https://spectrababyusa.com
elvie,Feeding,Elvie,https://elvie.com
owlet,Monitors/Tech,Owlet,https://owletcare.com
miku,Monitors/Tech,Miku,https://miku-baby.com
nanit,Monitors/Tech,Nanit,https://nanit.com
hatch,Monitors/Tech,Hatch,https://hatch.co
cubo-ai,Monitors/Tech,Cubo Ai,https://getcubo.com
snuza,Monitors/Tech,Snuza,https://snuza.com
ergobaby,Carriers,Ergobaby,https://ergobaby.com
tula,Carriers,Tula,https://babytula.com
artipoppe,Carriers,Artipoppe,https://artipoppe.com
sakura-bloom,Carriers,Sakura Bloom,https://sakurabloom.com
lillebaby,Carriers,Lillebaby,https://lillebaby.com
boba,Carriers,Boba,https://boba.com
snuggle-me-organic,Gear/Playmats,Snuggle Me Organic,https://snugglemeorganic.com
gathre,Gear/Playmats,Gathre,https://gathre.com
ruggish,Gear/Playmats,Ruggish,https://ruggish.co
house-of-noa,Gear/Playmats,House of Noa,https://houseofnoa.com
dockatot,Gear/Playmats,DockATot,https://eu.dockatot.com/
toddlekind,Gear/Playmats,Toddlekind,https://toddlekind.com
4moms,Gear/Playmats,4moms,https://4moms.com
cuddle-kind,Nursery Decor,Cuddle + Kind,https://cuddleandkind.com
project-nursery,Nursery Decor,Project Nursery,https://projectnursery.com
lorena-canals,Nursery Decor,Lorena Canals,https://lorenacanals.com
little-hands-illustration,Nursery Decor,Little Hands Illustration,https://littlehandsillustration.com
blushingdrops,Decor,BlushingDrops,https://blushingdrops.com
pehr,Nursery Decor,Pehr,https://pehr.com
avery-row,Nursery Decor,Avery Row,https://avery-row.com
audeze,Headphones,Audeze,audeze.com
marshall-headphon-2,Headphones,Marshall,marshallheadphones.com
nothing,Headphones,Nothing,nothing.tech
status-audio,Headphones,Status Audio,status.co
master-and-dynamic,Headphones,Master & Dynamic,masterdynamic.com
meze-audio,Headphones,Meze Audio,mezeaudio.com
1more,Headphones,1MORE,usa.1more.com
skullcandy,Headphones,Skullcandy,skullcandy.com
svs-sound,Speakers,SVS Sound,svsound.com
q-acoustics,Speakers,Q Acoustics,qacoustics.com
audioengine,Speakers,Audioengine,audioengine.com
xgimi,TVs & Projectors,XGIMI,xgimi.com
nebula,TVs & Projectors,Nebula,seenebula.com
formovie,TVs & Projectors,Formovie,formovie.com
vava,Monitors/Tech,VAVA,vava.com
valerion,TVs & Projectors,Valerion,valerion.com
wemax,TVs & Projectors,Wemax,wemax.com
insta360-cameras-2,Cameras,Insta360,insta360.com
akaso,Cameras,Akaso,akasotech.com
lomography,Cameras,Lomography,lomography.com
polaroid,Cameras,Polaroid,polaroid.com
kandao,Cameras,Kandao,kandaovr.com
potensic,Drones,Potensic,potensic.com
betafpv,Drones,BetaFPV,betafpv.com
iflight,Drones,iFlight,iflight-rc.com
holy-stone,Drones,Holy Stone,holystone.com
oura,Wearables,Oura,ouraring.com
coros,Wearables,Coros,coros.com
amazfit-wearable-2,Wearables,Amazfit,amazfit.com
mobvoi,Wearables,Mobvoi,mobvoi.com
whoop,Wearables,Whoop,whoop.com
ringconn,Wearables,RingConn,ringconn.com
ultrahuman,Wearables,Ultrahuman,ultrahuman.com
cmf-by-nothing,Wearables,CMF by Nothing,cmf.tech
nanit-smart-ho-2,Smart Home,Nanit,nanit.com
level-lock,Smart Home,Level Lock,level.co
wyze-smart-ho-2,Smart Home,Wyze,wyze.com
eufy-3,Smart Home,Eufy,eufy.com
abode-smart-ho-2,Smart Home,Abode,goabode.com
meross,Smart Home,Meross,meross.com
aqara,Smart Home,Aqara,aqara.com
switchbot,Smart Home,SwitchBot,switch-bot.com
govee,Smart Home,Govee,govee.com
nanoleaf,Smart Home,Nanoleaf,nanoleaf.me
rachio-smart-ho-2,Smart Home,Rachio,rachio.com
steelseries-gaming-p-2,Gaming Peripherals,SteelSeries,steelseries.com
glorious-gaming-p-2,Gaming Peripherals,Glorious,gloriousgaming.com
finalmouse-gaming-p-2,Gaming Peripherals,Finalmouse,finalmouse.com
wooting-gaming-p-2,Gaming Peripherals,Wooting,wooting.io
keychron-gaming-p-2,Gaming Peripherals,Keychron,keychron.com
akko-gaming-p-2,Gaming Peripherals,Akko,en.akkogear.com
epomaker-gaming-p-2,Gaming Peripherals,Epomaker,epomaker.com
scuf-gaming-gaming-p-2,Gaming Peripherals,Scuf Gaming,scufgaming.com
turtle-beach-gaming-p-2,Gaming Peripherals,Turtle Beach,turtlebeach.com
roccat,Gaming Peripherals,Roccat,roccat.com
remarkable,E-readers & Tablets,Remarkable,remarkable.com
onyx-boox,E-readers & Tablets,Onyx Boox,shop.boox.com
supernote,E-readers & Tablets,Supernote,supernote.com
bigme,E-readers & Tablets,Bigme,bigmestore.com
minisforum,Desktops/PCs/Builders,Minisforum,store.minisforum.com
nakamichi,Home Theater,Nakamichi,nakamichi-usa.com
rsl-speakers,Home Theater,RSL Speakers,rslspeakers.com
aperion-audio,Home Theater,Aperion Audio,aperionaudio.com
enclave-audio,Home Theater,Enclave Audio,enclaveaudio.com
pimoroni,DIY & Maker,Pimoroni,shop.pimoroni.com
elegoo-diy-and--2,DIY & Maker,Elegoo,elegoo.com
bambu-lab-diy-and--2,DIY & Maker,Bambu Lab,bambulab.com
anker-specialt-2,Specialty Gadgets,Anker,anker.com
teenage-engineering,Specialty Gadgets,Teenage Engineering,teenage.engineering
panic-playdate,Specialty Gadgets,Panic (Playdate),play.date
analogue,Specialty Gadgets,Analogue,analogue.co
rabbit-specialt-2,Specialty Gadgets,Rabbit,rabbit.tech
humane,Specialty Gadgets,Humane,humane.com
summit-racing,Performance Parts,Summit Racing,summitracing.com
jegs,Performance Parts,JEGS,jegs.com
american-muscle,Performance Parts,American Muscle,americanmuscle.com
fcp-euro,Performance Parts,FCP Euro,fcpeuro.com
ecs-tuning,Performance Parts,ECS Tuning,ecstuning.com
pelican-parts,Performance Parts,Pelican Parts,pelicanparts.com
aem-performance-electronics,Performance Parts,AEM Performance Electronics,aemintakes.com
k-and-n-engineering,Performance Parts,K&N Engineering,knfilters.com
greddy,Performance Parts,GReddy,greddy.com
hks-usa,Performance Parts,HKS USA,hksusa.com
burger-motorsports,Performance Parts,Burger Motorsports,https://burgertuning.com/
banks-power,Performance Parts,Banks Power,bankspower.com
holley,Performance Parts,Holley,holley.com
tire-rack,Wheels & Tires,Tire Rack,tirerack.com
discount-tire-direct,Wheels & Tires,Discount Tire Direct,discounttiredirect.com
vossen-wheels,Wheels & Tires,Vossen Wheels,vossenwheels.com
enkei-wheels,Wheels & Tires,Enkei Wheels,enkei.com
rotiform,Wheels & Tires,Rotiform,rotiform.com
bbs-wheels,Wheels & Tires,BBS Wheels,bbswheels.com
custom-offsets,Wheels & Tires,Custom Offsets,customwheeloffset.com
method-race-wheels,Wheels & Tires,Method Race Wheels,methodracewheels.com
borla-exhaust,Exhaust Systems,Borla Exhaust,borla.com
flowmaster,Exhaust Systems,Flowmaster,flowmastermufflers.com
akrapovic,Exhaust Systems,Akrapovic,akrapovic.com
remus-innovation,Exhaust Systems,Remus Innovation,remus.eu
armytrix,Exhaust Systems,Armytrix,armytrix.com
fi-exhaust,Exhaust Systems,FI Exhaust,fi-exhaust.com
invidia,Exhaust Systems,Invidia,invidia-usa.com
corsa-performance,Exhaust Systems,Corsa Performance,corsaperformance.com
eibach,Suspension/Lift Kits,Eibach,eibach.com
bilstein,Suspension/Lift Kits,Bilstein,bilstein.com
fox-racing,Motorcycle Apparel & Helmets,Fox Racing,foxracing.com
king-shocks,Suspension/Lift Kits,King Shocks,kingshocks.com
icon-vehicle-dynamics,Suspension/Lift Kits,ICON Vehicle Dynamics,iconvehicledynamics.com
kw-suspensions,Suspension/Lift Kits,KW Suspensions,kw-suspension.com
weathertech,Interior Accessories,WeatherTech,weathertech.com
husky-liners,Interior Accessories,Husky Liners,huskyliners.com
covercraft,Interior Accessories,Covercraft,covercraft.com
katzkin,Interior Accessories,Katzkin,katzkin.com
lloyd-mats,Interior Accessories,Lloyd Mats,lloydmats.com
3d-maxpider,Interior Accessories,3D MAXpider,3dmaxpider.com
seat-covers-unlimited,Interior Accessories,Seat Covers Unlimited,seatcoversunlimited.com
wet-okole,Interior Accessories,Wet Okole,wetokole.com
shearcomfort,Interior Accessories,ShearComfort,shearcomfort.com
coverking,Interior Accessories,Coverking,coverking.com
dashmat,Interior Accessories,DashMat,dashmat.com
thule-exterior-2,Exterior Accessories,Thule,thule.com
yakima,Exterior Accessories,Yakima,yakima.com
rhino-rack,Exterior Accessories,Rhino-Rack,rhinorack.com
n-fab,Exterior Accessories,N-FAB,n-fab.com
westin-automotive,Exterior Accessories,Westin Automotive,westinautomotive.com
smittybilt,Exterior Accessories,Smittybilt,smittybilt.com
warn-industries,Exterior Accessories,Warn Industries,warn.com
bushwacker,Exterior Accessories,Bushwacker,bushwacker.com
griot-s-garage,Car Care/Wax/Cleaning,Griot's Garage,griotsgarage.com
meguiar-s,Car Care/Wax/Cleaning,Meguiar's,meguiars.com
carpro,Car Care/Wax/Cleaning,CarPro,https://carpro.global/
gyeon-quartz,Car Care/Wax/Cleaning,Gyeon Quartz,gyeonquartz.com
koch-chemie,Car Care/Wax/Cleaning,Koch-Chemie,koch-chemie.com
p-and-s-detail-products,Car Care/Wax/Cleaning,P&S Detail Products,psdetailproducts.com
ammo-nyc,Car Care/Wax/Cleaning,AMMO NYC,ammonyc.com
rag-company,Car Care/Wax/Cleaning,The Rag Company,theragcompany.com
sonax,Car Care/Wax/Cleaning,Sonax,sonax.com
turtle-wax,Car Care/Wax/Cleaning,Turtle Wax,turtlewax.com
mothers-polish,Car Care/Wax/Cleaning,Mothers Polish,mothers.com
motul,Motor Oils & Fluids,Motul,motul.com
red-line-oil,Motor Oils & Fluids,Red Line Oil,redlineoil.com
amsoil,Motor Oils & Fluids,AMSOIL,amsoil.com
liqui-moly,Motor Oils & Fluids,Liqui Moly,liqui-moly.com
royal-purple,Motor Oils & Fluids,Royal Purple,royalpurple.com
mobil-1,Motor Oils & Fluids,Mobil 1,mobil.com
optima-batteries,Batteries & Electrical,Optima Batteries,optimabatteries.com
odyssey-battery,Batteries & Electrical,Odyssey Battery,odysseybattery.com
xs-power,Batteries & Electrical,XS Power,https://4xspower.com/
antigravity-batteries,Batteries & Electrical,Antigravity Batteries,antigravitybatteries.com
dakota-lithium,Batteries & Electrical,Dakota Lithium,dakotalithium.com
battle-born-batteries,Batteries & Electrical,Battle Born Batteries,battlebornbatteries.com
garmin-car-elec-2,Car Electronics,Garmin,garmin.com
kenwood,Car Electronics,Kenwood,kenwood.com
alpine,Car Electronics,Alpine,alpine-usa.com
focal-car-elec-2,Car Electronics,Focal,focal.com
rockford-fosgate,Car Electronics,Rockford Fosgate,rockfordfosgate.com
jl-audio,Car Electronics,JL Audio,jlaudio.com
kicker,Car Electronics,Kicker,kicker.com
mtx-audio,Car Electronics,MTX Audio,mtx.com
pioneer-car-elec-2,Car Electronics,Pioneer,pioneer-car.eu
blackvue,Car Electronics,BlackVue,blackvue.com
thinkware,Car Electronics,Thinkware,thinkware.com
harley-davidson,Motorcycle Parts,Harley-Davidson,harley-davidson.com
ducati,Motorcycle Parts,Ducati,ducati.com
triumph-motorcycles,Motorcycle Parts,Triumph Motorcycles,triumphmotorcycles.com
klim,Motorcycle Parts,Klim,klim.com
dainese,Motorcycle Parts,Dainese,dainese.com
alpinestars,Motorcycle Parts,Alpinestars,alpinestars.com
shoei-helmets,Motorcycle Parts,Shoei Helmets,shoei-helmets.com
arai-americas,Motorcycle Parts,Arai Americas,arai-americas.com
extreme-terrain,Off-road/4x4 Gear,Extreme Terrain,extremeterrain.com
4-wheel-parts,Off-road/4x4 Gear,4 Wheel Parts,4wheelparts.com
arb-usa,Off-road/4x4 Gear,ARB USA,arbusa.com
teraflex,Off-road/4x4 Gear,TeraFlex,teraflex.com
rci-metalworks,Off-road/4x4 Gear,RCI Metalworks,rcimetalworks.com
ok4wd,Off-road/4x4 Gear,OK4WD,ok4wd.com
off-road-warehouse,Off-road/4x4 Gear,Off Road Warehouse,offroadwarehouse.com
offroad-alliance,Off-road/4x4 Gear,Offroad Alliance,offroadalliance.com
chargepoint,EV Charging Accessories,ChargePoint,chargepoint.com
enel-x-way,EV Charging Accessories,Enel X Way,enelxway.com
grizzl-e,EV Charging Accessories,Grizzl-E,grizzl-e.com
wallbox,EV Charging Accessories,Wallbox,wallbox.com
tesla-shop,EV Charging Accessories,Tesla Shop,shop.tesla.com
rivian-gear-shop,EV Charging Accessories,Rivian Gear Shop,rivian.com/gear-shop
knipex-tools,Tools/Garage Equipment,Knipex Tools,knipex-tools.com
sonic-tools,Tools/Garage Equipment,Sonic Tools,sonic-tools.com
bendpak,Tools/Garage Equipment,BendPak,bendpak.com
quickjack,Tools/Garage Equipment,QuickJack,quickjack.com
bluedriver,Tools/Garage Equipment,BlueDriver,bluedriver.com
obdlink,Tools/Garage Equipment,OBDLink,obdlink.com
lesser-evil,Snacks/Chips,Lesser Evil,lesserevil.com
magic-spoon,Snacks/Chips,Magic Spoon,magicspoon.com
three-wishes,Cereal & Granola,Three Wishes,threewishescereal.com
pipcorn,Snacks/Chips,Pipcorn,pipsnacks.com
mid-day-squares,Snacks/Chips,Mid-Day Squares,middaysquares.com
dang-foods,Snacks/Chips,Dang Foods,dangfoods.com
siete-foods,Snacks/Chips,Siete Foods,sietefoods.com
jackson-s,Snacks/Chips,Jackson's,jacksonschips.com
barnana,Snacks/Chips,Barnana,barnana.com
bjornqorn,Snacks/Chips,BjornQorn,bjornqorn.com
doughp,Chocolate/Confectionery,Doughp,doughp.com
hu-kitchen,Chocolate/Confectionery,Hu Kitchen,huchocolate.com
tony-s-chocolonely,Chocolate/Confectionery,Tony's Chocolonely,tonyschocolonely.com
raaka,Chocolate/Confectionery,Raaka,raakachocolate.com
taza-chocolate,Chocolate/Confectionery,Taza Chocolate,tazachocolate.com
dandelion-chocolate,Chocolate/Confectionery,Dandelion Chocolate,dandelionchocolate.com
compartes,Chocolate/Confectionery,Compartes,compartes.com
unreal,Chocolate/Confectionery,Unreal,unrealfoods.com
blue-bottle,Coffee,Blue Bottle,bluebottlecoffee.com
peet-s,Coffee,Peet's,peets.com
atlas-coffee-club,Coffee,Atlas Coffee Club,atlascoffeeclub.com
methodical-coffee,Coffee,Methodical Coffee,methodicalcoffee.com
onyx-coffee-lab,Coffee,Onyx Coffee Lab,onyxcoffeelab.com
cometeer,Coffee,Cometeer,cometeer.com
stumptown,Coffee,Stumptown,stumptowncoffee.com
intelligentsia,Coffee,Intelligentsia,intelligentsia.com
la-colombe,Coffee,La Colombe,lacolombe.com
counter-culture,Coffee,Counter Culture,counterculturecoffee.com
smith-tea,Tea,Smith Tea,smithtea.com
art-of-tea,Tea,Art of Tea,artoftea.com
tea-forte,Tea,Tea Forte,teaforte.com
pique,Tea,Pique,piquelife.com
harney-and-sons,Tea,Harney & Sons,harney.com
rishi-tea,Tea,Rishi Tea,rishi-tea.com
spirit-tea,Tea,Spirit Tea,spirittea.co
graza,Specialty Oils/Vinegars,Graza,graza.co
brightland,Specialty Oils/Vinegars,Brightland,brightland.co
pineapple-collaborative,Specialty Oils/Vinegars,Pineapple Collaborative,pineapplecollaborative.com
acid-league,Specialty Oils/Vinegars,Acid League,acidleague.com
wonder-valley,Specialty Oils/Vinegars,Wonder Valley,https://welcometowondervalley.com/
heraclea,Specialty Oils/Vinegars,Heraclea,heraclea.co
kosterina,Specialty Oils/Vinegars,Kosterina,kosterina.com
burlap-and-barrel,Spices/Seasoning,Burlap & Barrel,burlapandbarrel.com
diaspora-co,Spices/Seasoning,Diaspora Co,diasporaco.com
spicewalla,Spices/Seasoning,Spicewalla,spicewallabrand.com
spice-house,Spices/Seasoning,The Spice House,thespicehouse.com
rumi-spice,Spices/Seasoning,Rumi Spice,rumispice.com
occo,Spices/Seasoning,Occo,occospices.com
savory-spice,Spices/Seasoning,Savory Spice,savoryspiceshop.com
fly-by-jing,Sauces/Condiments,Fly By Jing,flybyjing.com
omsom,Sauces/Condiments,Omsom,omsom.com
momofuku-goods,Sauces/Condiments,Momofuku Goods,https://shop.momofuku.com/
kettle-and-fire,Sauces/Condiments,Kettle and Fire,kettleandfire.com
truff,Sauces/Condiments,Truff,truff.com
yellowbird,Sauces/Condiments,Yellowbird,yellowbirdsauce.com
bravado-spice,Sauces/Condiments,Bravado Spice,bravadospice.com
banza,Pasta/Grains,Banza,banza.com
sfoglini,Pasta/Grains,Sfoglini,sfoglini.com
jovial,Pasta/Grains,Jovial,jovialfoods.com
goodles,Pasta/Grains,Goodles,goodles.com
sun-noodle,Pasta/Grains,Sun Noodle,sunnoodle.com
ground-up,Nut Butters,Ground Up,grounduppdx.com
big-spoon-roasters,Nut Butters,Big Spoon Roasters,bigspoonroasters.com
fatso,Nut Butters,Fatso,eatfatso.com
fix-and-fogg,Nut Butters,Fix & Fogg,fixandfogg.com
wild-friends,Nut Butters,Wild Friends,wildfriendsfoods.com
recess,Beverages _ Sparkling/Functional,Recess,https://takearecess.com/
olipop,Beverages _ Sparkling/Functional,Olipop,https://drinkolipop.com/
poppi,Beverages _ Sparkling/Functional,Poppi,drinkpoppi.com
liquid-death,Beverages _ Sparkling/Functional,Liquid Death,liquiddeath.com
sanzo,Beverages _ Sparkling/Functional,Sanzo,drinksanzo.com
united-sodas,Beverages _ Sparkling/Functional,United Sodas,unitedsodas.com
health-ade,Beverages _ Sparkling/Functional,Health-Ade,health-ade.com
gt-s-kombucha,Beverages _ Sparkling/Functional,GT's Kombucha,gtslivingfoods.com
brew-dr,Beverages _ Sparkling/Functional,Brew Dr,brewdrkombucha.com
rowdy-mermaid,Beverages _ Sparkling/Functional,Rowdy Mermaid,rowdymermaid.com
seedlip,Beverages _ Non-Alc,Seedlip,seedlipdrinks.com
ritual-zero-proof,Beverages _ Non-Alc,Ritual Zero Proof,ritualzeroproof.com
lyre-s,Beverages _ Non-Alc,Lyre's,lyres.com
spiritless,Beverages _ Non-Alc,Spiritless,spiritless.com
monday,Beverages _ Non-Alc,Monday,https://drinkmonday.co/
three-spirit,Beverages _ Non-Alc,Three Spirit,threespiritdrinks.com
gnista,Beverages _ Non-Alc,Gnista,gnistaspirits.com
curious-elixirs,Beverages _ Non-Alc,Curious Elixirs,curiouselixirs.com
athletic-brewing,Wine/Beer/Spirits DTC,Athletic Brewing,athleticbrewing.com
winc,Wine/Beer/Spirits DTC,Winc,winc.com
firstleaf,Wine/Beer/Spirits DTC,Firstleaf,firstleaf.com
bright-cellars,Wine/Beer/Spirits DTC,Bright Cellars,brightcellars.com
usual-wines,Wine/Beer/Spirits DTC,Usual Wines,usualwines.com
maker-wine,Wine/Beer/Spirits DTC,Maker Wine,makerwine.com
in-good-taste,Wine/Beer/Spirits DTC,In Good Taste,ingoodtaste.com
avaline,Wine/Beer/Spirits DTC,Avaline,drinkavaline.com
butcherbox,Meal Kits/Prepared Foods,ButcherBox,butcherbox.com
crowd-cow,Meal Kits/Prepared Foods,Crowd Cow,crowdcow.com
snake-river-farms,Meal Kits/Prepared Foods,Snake River Farms,snakeriverfarms.com
blue-apron,Meal Kits/Prepared Foods,Blue Apron,blueapron.com
hellofresh,Meal Kits/Prepared Foods,HelloFresh,hellofresh.com
daily-harvest,Meal Kits/Prepared Foods,Daily Harvest,daily-harvest.com
factor,Meal Kits/Prepared Foods,Factor,factor75.com
sakara-life,Meal Kits/Prepared Foods,Sakara Life,sakara.com
wild-alaskan-company,Specialty Meat/Seafood,Wild Alaskan Company,wildalaskancompany.com
vital-choice,Specialty Meat/Seafood,Vital Choice,vitalchoice.com
seabear,Specialty Meat/Seafood,SeaBear,seabear.com
rastelli-s,Specialty Meat/Seafood,Rastelli's,rastellis.com
porter-road,Specialty Meat/Seafood,Porter Road,porterroad.com
fossil-farms,Specialty Meat/Seafood,Fossil Farms,fossilfarms.com
d-artagnan,Specialty Meat/Seafood,D'Artagnan,dartagnan.com
kansas-city-steaks,Specialty Meat/Seafood,Kansas City Steaks,kansascitysteaks.com
partake-foods,Baked Goods/Bread Mixes,Partake Foods,partake-foods.com
sweet-loren-s,Baked Goods/Bread Mixes,Sweet Loren's,sweetlorens.com
king-arthur-baking,Baked Goods/Bread Mixes,King Arthur Baking,kingarthurbaking.com
bob-s-red-mill,Baked Goods/Bread Mixes,Bob's Red Mill,bobsredmill.com
simple-mills,Baked Goods/Bread Mixes,Simple Mills,simplemills.com
away-hard-she-2,Hard-shell luggage,Away,awaytravel.com
monos,Hard-shell luggage,Monos,monos.com
july,Hard-shell luggage,July,july.com
rimowa,Hard-shell luggage,Rimowa,rimowa.com
arlo-skye-hard-she-2,Hard-shell luggage,Arlo Skye,arloskye.com
roam-luggage,Hard-shell luggage,Roam Luggage,roamluggage.com
paravel,Hard-shell luggage,Paravel,tourparavel.com
calpak,Hard-shell luggage,Calpak,calpak.com
beis,Hard-shell luggage,Beis,beis-travel.com
antler,Hard-shell luggage,Antler,antler.co.uk
floyd-hard-she-2,Hard-shell luggage,Floyd,floyd.one
sterling-pacific,Hard-shell luggage,Sterling Pacific,sterlingpacific.com
horizn-studios,Hard-shell luggage,Horizn Studios,horizn-studios.com
victorinox,Soft luggage,Victorinox,victorinox.com
eagle-creek,Soft luggage,Eagle Creek,eaglecreek.com
travelpro,Soft luggage,Travelpro,travelpro.com
lipault,Soft luggage,Lipault,lipault.com
eastpak,Soft luggage,Eastpak,eastpak.com
kipling,Soft luggage,Kipling,kipling.com
patagonia-soft-lug-2,Soft luggage,Patagonia,patagonia.com
cotopaxi-backpack-2,Backpacks _ travel/outdoor,Cotopaxi,cotopaxi.com
osprey,Backpacks _ travel/outdoor,Osprey,osprey.com
gregory-packs,Backpacks _ travel/outdoor,Gregory Packs,gregorypacks.com
fjallraven,Backpacks _ travel/outdoor,Fjallraven,fjallraven.com
peak-design-backpack-2,Backpacks _ travel/outdoor,Peak Design,peakdesign.com
tortuga,Backpacks _ travel/outdoor,Tortuga,tortugabackpacks.com
aer-backpack-2,Backpacks _ travel/outdoor,Aer,aersf.com
minaal,Backpacks _ travel/outdoor,Minaal,minaal.com
pakt,Backpacks _ travel/outdoor,Pakt,paktbags.com
heimplanet,Backpacks _ travel/outdoor,Heimplanet,heimplanet.com
boundary-supply,Backpacks _ travel/outdoor,Boundary Supply,boundarysupply.com
wandrd,Backpacks _ travel/outdoor,Wandrd,wandrd.com
black-diamond,Backpacks _ travel/outdoor,Black Diamond,blackdiamondequipment.com
arc-teryx,Backpacks _ travel/outdoor,Arc'teryx,arcteryx.com
mammut,Backpacks _ travel/outdoor,Mammut,mammut.com
mystery-ranch,Backpacks _ travel/outdoor,Mystery Ranch,mysteryranch.com
knack-bags,Backpacks _ daily/laptop,Knack Bags,https://knackbags.com/
dagne-dover,Backpacks _ daily/laptop,Dagne Dover,dagnedover.com
lo-and-sons,Backpacks _ daily/laptop,Lo & Sons,loandsons.com
state-bags,Backpacks _ daily/laptop,State Bags,statebags.com
troubadour-goods,Backpacks _ daily/laptop,Troubadour Goods,troubadourgoods.com
everlane-backpack-2,Backpacks _ daily/laptop,Everlane,everlane.com
rains,Backpacks _ daily/laptop,Rains,rains.com
sandqvist,Backpacks _ daily/laptop,Sandqvist,sandqvist.com
ucon-acrobatics,Backpacks _ daily/laptop,Ucon Acrobatics,ucon-acrobatics.com
incase-backpack-2,Backpacks _ daily/laptop,Incase,incase.com
timbuk2-backpack-2,Backpacks _ daily/laptop,Timbuk2,timbuk2.com
stm-goods-backpack-2,Backpacks _ daily/laptop,STM Goods,stmgoods.com
baboon-to-the-moon,Duffel bags,Baboon to the Moon,baboontothemoon.com
stubble-and-co,Duffel bags,Stubble & Co,stubbleandco.com
bennett-winch,Duffel bags,Bennett Winch,bennettwinch.com
frank-clegg,Duffel bags,Frank Clegg,frankcleggleatherworks.com
satchel-and-page,Duffel bags,Satchel & Page,satchel-page.com
marlondo-leather,Duffel bags,Marlondo Leather,marlondoleather.com
saddleback-leather,Duffel bags,Saddleback Leather,saddlebackleather.com
cuyana-weekende-2,Weekender bags,Cuyana,cuyana.com
beis-weekende-2,Weekender bags,Béis,beis-travel.com
shay,Weekender bags,Shay,https://shayjewelry.com/
herschel,Weekender bags,Herschel,herschel.com
bellroy-weekende-2,Weekender bags,Bellroy,bellroy.com
carl-friedrik,Weekender bags,Carl Friedrik,carlfriedrik.com
bennett-winch-weekende-2,Weekender bags,Bennett Winch,bennettwinch.com
tripped-travel-gear,Travel accessories,Tripped Travel Gear,trippedtravelgear.com
gravel,Travel accessories,Gravel,https://gravel.co/
cadence,Travel accessories,Cadence,keepyourcadence.com
matador-travel-a-2,Travel accessories,Matador,matadorup.com
rick-steves,Travel accessories,Rick Steves,ricksteves.com
gotoob,Travel accessories,GoToob,humangear.com
lewis-n-clark,Travel accessories,Lewis N. Clark,lewisnclark.com
muji,Travel accessories,Muji,muji.com
eagle-creek-travel-a-2,Travel accessories,Eagle Creek,eaglecreek.com
modoker,Garment/business bags,Modoker,modoker.com
halfday-travel,Garment/business bags,Halfday Travel,halfdaytravel.com
combatant-gentlemen,Garment/business bags,Combatant Gentlemen,combatgent.com
briggs-and-riley,Garment/business bags,Briggs & Riley,briggs-riley.com
victorinox-garment--2,Garment/business bags,Victorinox,victorinox.com
ridge-wallet,Wallets/cardholders,Ridge Wallet,ridgewallet.com
ekster,Wallets/cardholders,Ekster,ekster.com
secrid,Wallets/cardholders,Secrid,secrid.com
nomad-wallets--2,Wallets/cardholders,Nomad,nomadgoods.com
distil-union,Wallets/cardholders,Distil Union,distilunion.com
trayvax,Wallets/cardholders,Trayvax,trayvax.com
dango-products,Wallets/cardholders,Dango Products,dangoproducts.com
zero-grid,Passport holders/RFID,Zero Grid,zerogrid.com
pacsafe,Passport holders/RFID,Pacsafe,pacsafe.com
travelon,Passport holders/RFID,Travelon,travelonbags.com
leatherology,Passport holders/RFID,Leatherology,leatherology.com
smythson-passport-2,Passport holders/RFID,Smythson,smythson.com
shimoda,Camera bags,Shimoda,shimodadesigns.com
lowepro,Camera bags,Lowepro,lowepro.com
manfrotto,Camera bags,Manfrotto,manfrotto.com
think-tank-photo,Camera bags,Think Tank Photo,thinktankphoto.com
mindshift-gear,Camera bags,MindShift Gear,mindshiftgear.com
trtl,Travel pillows/eye masks,Trtl,https://trtltravel.com/
ostrichpillow,Travel pillows/eye masks,Ostrichpillow,ostrichpillow.com
cabeau,Travel pillows/eye masks,Cabeau,cabeau.com
huzi,Travel pillows/eye masks,Huzi,huzidesign.com
manta-sleep,Travel pillows/eye masks,Manta Sleep,mantasleep.com
jetkids-by-stokke,Kids luggage,JetKids by Stokke,stokke.com
trunki,Kids luggage,Trunki,https://www.trunki.co.uk/
stephen-joseph,Kids luggage,Stephen Joseph,stephenjosephgifts.com
skip-hop-kids-lug-2,Kids luggage,Skip Hop,skiphop.com
pottery-barn-kids,Kids luggage,Pottery Barn Kids,potterybarnkids.com
state-bags-kids,Kids luggage,State Bags (Kids),statebags.com
herschel-kids,Kids luggage,Herschel (Kids),herschel.com
zinc-flyte,Kids luggage,Zinc Flyte,https://zincsports.com/en-us/pages/flyte
blunt-umbrellas,Umbrella/rain,Blunt Umbrellas,bluntumbrellas.com
davek,Umbrella/rain,Davek,davekny.com
weatherman-umbrella,Umbrella/rain,Weatherman Umbrella,weathermanumbrella.com
greenlight-bookstore,Independent Bookstore,Greenlight Bookstore,https://www.greenlightbookstore.com
left-bank-books,Independent Bookstore,Left Bank Books,https://www.leftbankbooks.com
prairie-lights,Independent Bookstore,Prairie Lights,https://www.prairielights.com
elliott-bay-book-company,Independent Bookstore,Elliott Bay Book Company,https://www.elliottbaybook.com
tattered-cover,Independent Bookstore,Tattered Cover,https://www.tatteredcover.com
parnassus-books,Independent Bookstore,Parnassus Books,https://www.parnassusbooks.net
rj-julia-booksellers,Independent Bookstore,RJ Julia Booksellers,https://www.rjjulia.com
book-passage,Independent Bookstore,Book Passage,https://www.bookpassage.com
harvard-book-store,Independent Bookstore,Harvard Book Store,https://www.harvardbookstore.com
books-and-books,Independent Bookstore,Books & Books,https://www.booksandbooks.com
booksmith,Independent Bookstore,The Booksmith,https://www.booksmith.com
skylight-books,Independent Bookstore,Skylight Books,https://www.skylightbooks.com
politics-and-prose,Independent Bookstore,Politics and Prose,https://www.politics-prose.com
brookline-booksmith,Independent Bookstore,Brookline Booksmith,https://www.brooklinebooksmith.com
bronwen-jewelry,Handmade Jewelry,Bronwen Jewelry,bronwenjewelry.com
tula-blue,Handmade Jewelry,Tula Blue,tulabluerope.com
sara-patino-jewelry,Handmade Jewelry,Sara Patino Jewelry,sarapatinojewelry.com
catbird,Handmade Jewelry,Catbird,catbirdnyc.com
melissa-joy-manning,Handmade Jewelry,Melissa Joy Manning,melissajoymanning.com
soko,Handmade Jewelry,Soko,shopsoko.com
automic-gold-handmade-2,Handmade Jewelry,Automic Gold,automicgold.com
bario-neal-handmade-2,Handmade Jewelry,Bario Neal,bario-neal.com
wwake-handmade-2,Handmade Jewelry,WWAKE,wwake.com
foundrae-handmade-2,Handmade Jewelry,Foundrae,foundrae.com
irene-neuwirth-handmade-2,Handmade Jewelry,Irene Neuwirth,ireneneuwirth.com
bagatiba-handmade-2,Handmade Jewelry,Bagatiba,bagatiba.com
kinn-studio-handmade-2,Handmade Jewelry,Kinn Studio,kinnstudio.com
wolf-circus-handmade-2,Handmade Jewelry,Wolf Circus,wolfcircus.com
mondo-mondo,Handmade Jewelry,Mondo Mondo,mondo-mondo.com
j-hannah,Handmade Jewelry,J. Hannah,jhannahjewelry.com
earthen-shop,Ceramics/Pottery,Earthen Shop,earthen-shop.com
skt-ceramics,Ceramics/Pottery,SKT Ceramics,sktceramics.com
connor-mcginn-studios,Ceramics/Pottery,Connor McGinn Studios,connormcginnstudios.com
still-life-ceramics,Ceramics/Pottery,Still Life Ceramics,stilllifeceramics.com
pottery-boys,Ceramics/Pottery,Pottery Boys,potteryboys.com
mud-australia-ceramics-2,Ceramics/Pottery,Mud Australia,mudaustralia.com
hasami-porcelain,Ceramics/Pottery,Hasami Porcelain,hasami-porcelain.com
jono-pandolfi-ceramics-2,Ceramics/Pottery,Jono Pandolfi,jonopandolfi.com
henry-street-studio,Ceramics/Pottery,Henry Street Studio,henrystreetstudio.com
helen-levi,Ceramics/Pottery,Helen Levi,helenlevi.com
peter-pots-pottery,Ceramics/Pottery,Peter Pots Pottery,peterpots.com
mazama-wares,Ceramics/Pottery,Mazama Wares,mazamawares.com
sheldon-ceramics,Ceramics/Pottery,Sheldon Ceramics,sheldonceramics.com
duc-woodworks,Woodworking,DUC Woodworks,ducwoodworks.com
dovetails-and-stitches,Woodworking,Dovetails and Stitches,dovetailsandstitches.com
grayhill-woodworking,Woodworking,Grayhill Woodworking,grayhillwoodworkingllc.com
blacktail-studio,Woodworking,Blacktail Studio,blacktailstudio.com
vermont-woods-studios,Woodworking,Vermont Woods Studios,vermontwoodsstudios.com
parkman-woodworks,Woodworking,Parkman Woodworks,parkmanwoodworks.com
clines-crafted-woodworking,Woodworking,Clines Crafted Woodworking,clinescraftedwoodworking.com
grovemade-woodwork-2,Woodworking,Grovemade,grovemade.com
art-of-board,Woodworking,Art of Board,artofboard.com
offcut-design,Woodworking,Offcut Design,offcutdesign.com
woodchuck-usa-woodwork-2,Woodworking,Woodchuck USA,woodchuckusa.com
louise-goods,Leather Goods,Louise Goods,louisegoods.com
walnut-studiolo,Leather Goods,Walnut Studiolo,walnutstudiolo.com
orcas-island-leather,Leather Goods,Orcas Island Leather,orcasislandleather.com
elkwood-leather,Leather Goods,Elkwood Leather,elkwoodleather.com
craft-and-lore,Leather Goods,Craft and Lore,craftandlore.com
dichotomie-studio,Leather Goods,Dichotomie Studio,dichotomiestudio.com
inspired-leather,Leather Goods,Inspired Leather,inspiredleatherco.com
espacio-handmade,Leather Goods,Espacio Handmade,espaciohandmade.com
peg-and-awl,Leather Goods,Peg and Awl,pegandawl.com
billykirk,Leather Goods,Billykirk,billykirk.com
hardgraft-leather--2,Leather Goods,Hardgraft,hardgraft.com
handmade-habitat,Handmade Soap & Candles,Handmade Habitat,handmadehabitat.co
brooklyn-candle-studio,Handmade Soap & Candles,Brooklyn Candle Studio,brooklyncandlestudio.com
candlespice-co,Handmade Soap & Candles,Candlespice Co.,candlespice.com
marble-and-grace,Handmade Soap & Candles,Marble and Grace,marbleandgracestudios.com
noted-candles,Handmade Soap & Candles,Noted Candles,notedcandles.com
z-candles,Handmade Soap & Candles,Z Candles,zcandlestudio.com
barnes-made,Handmade Soap & Candles,Barnes Made,barnesmade.com
southern-candle-studio,Handmade Soap & Candles,Southern Candle Studio,southerncandlestudio.com
